simplified	traditional	pinyin	reason
ㄅ	ㄅ	bo1	no-cc-cedict-entry
𠔻	𠔻	zheng4	no-cc-cedict-entry
㓖	㓖	bie2	no-cc-cedict-entry
㞞	㞞	song2	no-cc-cedict-entry
㧑损	撝損	hui1 sun3	no-cc-cedict-entry
㹴	㹴	geng3	no-cc-cedict-entry
㹴犬	㹴犬	geng3 quan3	no-cc-cedict-entry
㺵	㺵	jiu2	no-cc-cedict-entry
䓛	䓛	gu3	no-cc-cedict-entry
䗖蝀	螮蝀	di4 dong1	no-cc-cedict-entry
䥑	䥑	mai4	no-cc-cedict-entry
一万	一萬	yi1 wan4	no-cc-cedict-entry
一万四千二百	一萬四千二百	yi1 wan4 si4 qian1 er4 bai3	no-cc-cedict-entry
一个星期	一個星期	yi1 ge5 xing1 qi1	no-cc-cedict-entry
一个月	一個月	yi1 ge4 yue4	no-cc-cedict-entry
一个美国人在巴黎	一個美國人在巴黎	yi1 ge4 mei3 guo2 ren2 zai4 ba1 li2	no-cc-cedict-entry
一串	一串	yi1 chuan4	no-cc-cedict-entry
一串红	一串紅	yi1 chuan4 hong2	no-cc-cedict-entry
一九八四	一九八四	yi1 jiu3 ba1 si4	no-cc-cedict-entry
一事不再理	一事不再理	yi1 shi4 bu4 zai4 li3	no-cc-cedict-entry
一亿	一億	yi1 yi4	no-cc-cedict-entry
一件	一件	yi1 jian4	no-cc-cedict-entry
一件事	一件事	yi1 jian4 shi4	no-cc-cedict-entry
一份	一份	yi1 fen4	no-cc-cedict-entry
一休	一休	yi1 xiu1	no-cc-cedict-entry
一会儿	一會兒	yi1 hui4 r	no-cc-cedict-entry
一位	一位	yi1 wei4	no-cc-cedict-entry
一刀	一刀	yi1 dao1	no-cc-cedict-entry
一分	一分	yi1 fen1	no-cc-cedict-entry
一分钱	一分錢	yi1 fen1 qian2	no-cc-cedict-entry
一切都	一切都	yi1 qie4 dou1	no-cc-cedict-entry
一千	一千	yi1 qian1	no-cc-cedict-entry
一千年	一千年	yi1 qian1 nian2	no-cc-cedict-entry
一千零二夜	一韆零二夜	yi1 qian1 ling2 er4 ye4	no-cc-cedict-entry
一双	一雙	yi1 shuang1	no-cc-cedict-entry
一台	一台	yi1 tai2	no-cc-cedict-entry
一号坦克	一號坦克	yi1 hao4 tan3 ke4	no-cc-cedict-entry
一名	一名	yi1 ming2	no-cc-cedict-entry
一吹	一吹	yi1 chui1	no-cc-cedict-entry
一吻定江山	一吻定江山	yi1 wen3 ding4 jiang1 shan1	no-cc-cedict-entry
一团	一團	yi1 tuan2	no-cc-cedict-entry
一场空	一場空	yi1 chang3 kong1	no-cc-cedict-entry
一块儿	一塊兒	yi1 kuai4 r	no-cc-cedict-entry
一夜风流	一夜風流	yi1 ye4 feng1 liu2	no-cc-cedict-entry
一天	一天	yi1 tian1	no-cc-cedict-entry
一夫多妻制	一夫多妻製	yi1 fu1 duo1 qi1 zhi4	no-cc-cedict-entry
一字不差	一字不差	yi1 zi4 bu4 cha1	no-cc-cedict-entry
一定会	一定會	yi1 ding4 hui4	no-cc-cedict-entry
一定要	一定要	yi1 ding4 yao4	no-cc-cedict-entry
一小时	一小時	yi1 xiao3 shi2	no-cc-cedict-entry
一局	一局	yi1 ju2	no-cc-cedict-entry
一巴掌	一巴掌	yi1 ba1 zhang3	no-cc-cedict-entry
一帮	一幫	yi1 bang1	no-cc-cedict-entry
一干	一干	yi1 gan1	no-cc-cedict-entry
一年级	一年級	yi1 nian2 ji2	no-cc-cedict-entry
一年蓬	一年蓬	yi1 nian2 peng2	no-cc-cedict-entry
一张	一張	yi1 zhang1	no-cc-cedict-entry
一张纸	一張紙	yi1 zhang1 zhi3	no-cc-cedict-entry
一批	一批	yi1 pi1	no-cc-cedict-entry
一把	一把	yi1 ba3	no-cc-cedict-entry
一无	一無	yi1 wu2	no-cc-cedict-entry
一日	一日	yi1 ri4	no-cc-cedict-entry
一朝	一朝	yi1 zhao1	no-cc-cedict-entry
一条生路	一條生路	yi1 tiao2 shang1 lu4	no-cc-cedict-entry
一桥大学	一橋大學	yi1 qiao2 da4 xue2	no-cc-cedict-entry
一楼	一樓	yi1 lou2	no-cc-cedict-entry
一次式	一次式	yi1 ci4 shi4	no-cc-cedict-entry
一次性餐具	一次性餐具	yi1 ci4 xing4 can1 ju4	no-cc-cedict-entry
一步	一步	yi1 bu4	no-cc-cedict-entry
一水儿	一水兒	yi1 shui3 r	no-cc-cedict-entry
一江春水向东流	一江春水向東流	yi1 jiang1 chun1 shui3 xiang4 dong1 liu2	no-cc-cedict-entry
一点也不	一點也不	yi1 dian3 ye3 bu4	no-cc-cedict-entry
一点儿	一點兒	yi1 dian3 r	no-cc-cedict-entry
一片	一片	yi1 pian4	no-cc-cedict-entry
一番	一番	yi1 fan1	no-cc-cedict-entry
一百	一百	yi1 bai3	no-cc-cedict-entry
一看	一看	yi1 kan4	no-cc-cedict-entry
一碗	一碗	yi1 wan3	no-cc-cedict-entry
一笑解千愁	一笑解千愁	yi1 xiao4 jie3 qian1 chou2	no-cc-cedict-entry
一篇	一篇	yi4 pian1	no-cc-cedict-entry
一线声机	一線聲機	yi1 xian4 sheng1 ji1	no-cc-cedict-entry
一群	一群	yi1 qun2	no-cc-cedict-entry
一群人	一群人	yi1 qun2 ren2	no-cc-cedict-entry
一股	一股	yi1 gu3	no-cc-cedict-entry
一脉相通	一脈相通	yi1 mai4 xiang1 tong1	no-cc-cedict-entry
一臂长	一臂長	yi1 bi4 zhang3	no-cc-cedict-entry
一致资源定址器	一致資源定址器	yi1 zhi4 zi1 yuan2 ding4 zhi3 qi4	no-cc-cedict-entry
一般方程	一般方程	yi4 ban1 fang1 cheng2	no-cc-cedict-entry
一般无二	一般無二	yi1 ban1 wu2 er4	no-cc-cedict-entry
一般解	一般解	yi4 ban1 jie3	no-cc-cedict-entry
一色	一色	yi1 se4	no-cc-cedict-entry
一起玩	一起玩	yi4 qi3 wan2	no-cc-cedict-entry
一蹴可几	一蹴可幾	yi1 cu4 ke3 ji3	no-cc-cedict-entry
一迅社	一迅社	yi1 xun4 she4	no-cc-cedict-entry
一通	一通	yi1 tong4	no-cc-cedict-entry
一部	一部	yi1 bu4	no-cc-cedict-entry
一部分	一部分	yi1 bu4 fen4	no-cc-cedict-entry
一队	一隊	yi1 dui4	no-cc-cedict-entry
一页纸	一頁紙	yi1 ye4 zhi3	no-cc-cedict-entry
一项	一項	yi2 xiang4	no-cc-cedict-entry
一飽眼福	一飽眼福	yi1 bao3 yan3 fu2	no-cc-cedict-entry
一首诗	一首詩	yi1 shou3 shi1	no-cc-cedict-entry
丁俊晖	丁俊暉	ding1 jun4 hui1	no-cc-cedict-entry
丁字路口	丁字路口	ding1 zi4 lu4 kou3	no-cc-cedict-entry
丁日	丁日	ding1 ri4	no-cc-cedict-entry
丁香属	丁香屬	ding1 xiang1 shu3	no-cc-cedict-entry
七个	七個	qi1 ge4	no-cc-cedict-entry
七人之侍	七人之侍	qi1 ren2 zhi1 shi4	no-cc-cedict-entry
七分	七分	qi1 fen1	no-cc-cedict-entry
七剑	七劍	qi1 jian4	no-cc-cedict-entry
七十二	七十二	qi1 shi2 er4	no-cc-cedict-entry
七千	七千	qi1 qian1	no-cc-cedict-entry
七千二百十六	七千二百十六	qi1 qian1 er4 bai3 shi2 liu4	no-cc-cedict-entry
七哩桥	七哩橋	qi1 li3 qiao2	no-cc-cedict-entry
七大	七大	qi1 da4	no-cc-cedict-entry
七年级	七年級	qi1 nian2 ji2	no-cc-cedict-entry
七成	七成	qi1 cheng2	no-cc-cedict-entry
七日之癢	七日之癢	qi1 ri4 zhi1 yang3	no-cc-cedict-entry
七旬老人	七旬老人	qi1 xun2 lao3 ren2	no-cc-cedict-entry
七氟丙烷	七氟丙烷	qi1 fu2 bing3 wan2	no-cc-cedict-entry
七点	七點	qi1 dian3	no-cc-cedict-entry
七百	七百	qi1 bai3	no-cc-cedict-entry
七颠八倒	七顛八倒	qi1 dian1 ba1 dao3	no-cc-cedict-entry
丆	丆	xx5	invalid-reading
丆	丆	xx5	invalid-reading
万事起开头难	萬事起開頭難	wan4 shi4 qi3 kai1 tou2 nan2	no-cc-cedict-entry
万人迷	萬人迷	wan4 ren2 mi2	no-cc-cedict-entry
万亿瓦小时	万億瓦小時	wan4 yi4 wa3 xiao3 shi2	no-cc-cedict-entry
万众	萬眾	wan4 zhong4	no-cc-cedict-entry
万儿八千	萬兒八千	wan4 r ba1 qian1	no-cc-cedict-entry
万叶集	萬葉集	wan4 ye4 ji2	no-cc-cedict-entry
万有引力定律	萬有引力定律	wan4 you3 yin3 li4 ding4 lu:4	no-cc-cedict-entry
万物必将消逝	萬物必將消逝	wan4 wu4 bi4 jiang1 xiao1 shi4	no-cc-cedict-entry
万用	萬用	wan4 yong4	no-cc-cedict-entry
万舰齐发	萬艦齊發	wan4 jian4 qi2 fa1	no-cc-cedict-entry
万达	萬達	wan4 da2	no-cc-cedict-entry
万鸦老	萬鴉老	wan4 ya1 lao3	no-cc-cedict-entry
三一学院	三一學院	san1 yi1 xue2 yuan4	no-cc-cedict-entry
三一运动	三一運動	san1 yi1 yun4 dong4	no-cc-cedict-entry
三万	三萬	san1 wan4	no-cc-cedict-entry
三个月	三個月	san1 ge4 yue4	no-cc-cedict-entry
三人	三人	san1 ren2	no-cc-cedict-entry
三位数	三位數	san1 wei4 shu4	no-cc-cedict-entry
三佛齐	三彿齊	san1 fu2 qi2	no-cc-cedict-entry
三俗	三俗	san1 su2	no-cc-cedict-entry
三倍角	三倍角	san1 bei4 jiao3	no-cc-cedict-entry
三公	三公	san1 gong1	no-cc-cedict-entry
三分之二	三分之二	san1 fen1 zhi1 er4	no-cc-cedict-entry
三分角	三分角	san1 fen1 jiao3	no-cc-cedict-entry
三剑客	三劍客	san1 jian4 ke4	no-cc-cedict-entry
三十六	三十六	san1 shi2 liu4	no-cc-cedict-entry
三十岁	三十歲	san1 shi2 sui4	no-cc-cedict-entry
三十年	三十年	san1 shi2 nian2	no-cc-cedict-entry
三千	三千	san1 qian1	no-cc-cedict-entry
三千七百七十	三千七百七十	san1 qian1 qi1 bai3 qi1 shi2	no-cc-cedict-entry
三千二百二十八	三千二百二十八	san1 qian1 er4 bai3 er4 shi2 ba1	no-cc-cedict-entry
三双	三雙	san1 shuang1	no-cc-cedict-entry
三只眼	三隻眼	san1 zhi1 yan3	no-cc-cedict-entry
三名法	三名法	san1 ming2 fa3	no-cc-cedict-entry
三唑仑	三唑侖	san1 zuo4 lun2	no-cc-cedict-entry
三国战纪	三國戰紀	san1 guo2 zhan4 ji4	no-cc-cedict-entry
三声夜鹰	三聲夜鷹	san1 sheng1 ye4 ying1	no-cc-cedict-entry
三天	三天	san1 tian1	no-cc-cedict-entry
三宝珑	三寶瓏	san1 bao3 long2	no-cc-cedict-entry
三宝磨	三寶磨	san1 bao3 mo4	no-cc-cedict-entry
三层刺网	三層刺网	san1 ceng2 ci4 wang3	no-cc-cedict-entry
三山城	三山城	san1 shan1 cheng2	no-cc-cedict-entry
三岁	三歲	san1 sui4	no-cc-cedict-entry
三岁看到老	三歲看到老	san3 sui4 kan4 dao4 lao3	no-cc-cedict-entry
三峡工程	三峽工程	san1 xia2 gong1 cheng2	no-cc-cedict-entry
三峡镇	三峽鎮	San1 xia2 zhen4	no-cc-cedict-entry
三年	三年	san1 nian2	no-cc-cedict-entry
三得利啤酒	三得利啤酒	san1 de2 li4 pi2 jiu3	no-cc-cedict-entry
三思后行	三思後行	san1 si1 hou4 xing2	no-cc-cedict-entry
三描礼士山脉	三描禮士山脈	san1 miao2 li3 shi4 shan1 mo4	no-cc-cedict-entry
三数法则	三數法則	san1 shu4 fa3 ze2	no-cc-cedict-entry
三斤王	三斤王	san1 jin1 wang2	no-cc-cedict-entry
三方晶系	三方晶繫	san1 fang1 jing1 xi4	no-cc-cedict-entry
三明治机	三明治機	san1 ming2 zhi4 ji1	no-cc-cedict-entry
三星电子	三星電子	san1 xing1 dian4 zi3	no-cc-cedict-entry
三月花葵	三月花葵	san1 yue4 hua1 kui2	no-cc-cedict-entry
三杀	三殺	san1 sha1	no-cc-cedict-entry
三枝九叶草	三枝九葉草	san1 zhi1 jiu3 ye4 cao3	no-cc-cedict-entry
三棱柱体	三棱柱體	san1 leng2 zhu4 ti3	no-cc-cedict-entry
三棱锥体	三棱錐體	san1 leng2 zhui1 ti3	no-cc-cedict-entry
三楼	三樓	san1 lou2	no-cc-cedict-entry
三毛	三毛	san1 mao2	no-cc-cedict-entry
三氟氯甲烷	三氟氯甲烷	san1 fu2 lu:4 jia3 wan2	no-cc-cedict-entry
三氧化二铬	三氧化二鉻	san1 yang3 hua4 er4 ge4	no-cc-cedict-entry
三氧化铬	三氧化鉻	san1 yang3 hua4 ge4	no-cc-cedict-entry
三河县	三河縣	San1 he2 xian4	no-cc-cedict-entry
三洋电机	三洋電機	san1 yang2 dian4 ji1	no-cc-cedict-entry
三点	三點	san1 dian3	no-cc-cedict-entry
三率法	三率法	san1 lu:4 fa3	no-cc-cedict-entry
三百	三百	san1 bai3	no-cc-cedict-entry
三相	三相	san1 xiang4	no-cc-cedict-entry
三眼神童	三眼神童	san1 yan3 shen2 tong2	no-cc-cedict-entry
三种	三種	san1 zhong3	no-cc-cedict-entry
三等	三等	san1 deng3	no-cc-cedict-entry
三羟甲基氨基甲烷	三羥甲基氨基甲烷	san1 qiang3 jia3 ji1 an1 ji1 jia3 wan2	no-cc-cedict-entry
三色	三色	san1 se4	no-cc-cedict-entry
三芳町	三芳町	san1 fang1 ting3	no-cc-cedict-entry
三角尺	三角尺	san1 jiao3 chi3	no-cc-cedict-entry
三角州	三角州	san1 jue2 zhou1	no-cc-cedict-entry
三角巧克力	三角巧剋力	san1 jue2 qiao3 ke4 li4	no-cc-cedict-entry
三角形三边关系	三角形三邊關系	san1 jiao3 xing2 san1 bian1 guan1 xi5	no-cc-cedict-entry
三角形中线	三角形中線	san1 jiao3 xing2 zhong1 xian4	no-cc-cedict-entry
三角果科	三角果科	san1 jue2 guo3 ke1	no-cc-cedict-entry
三角梅	三角梅	san2 jiao3 mei4	no-cc-cedict-entry
三趾跳鼠	三趾跳鼠	san1 zhi3 tiao4 shu3	no-cc-cedict-entry
三趾鹑科	三趾鶉科	san1 zhi3 chun2 ke1	no-cc-cedict-entry
三身	三身	san1 shen1	no-cc-cedict-entry
三邦县	三邦縣	san1 bang1 xian4	no-cc-cedict-entry
三重县	三重縣	San1 chong2 xian4	no-cc-cedict-entry
三重积分	三重積分	san1 chong2 ji1 fen1	no-cc-cedict-entry
三阳开泰	三陽開泰	san1 yang2 kai1 tai4	no-cc-cedict-entry
三陟市	三陟市	san1 zhi4 shi4	no-cc-cedict-entry
三面角	三面角	san1 mian4 jiao3	no-cc-cedict-entry
三骑士	三騎士	san1 qi2 shi4	no-cc-cedict-entry
三鹰市	三鷹市	san1 ying1 shi4	no-cc-cedict-entry
三齿鲀	三齒魨	san1 chi3 tun2	no-cc-cedict-entry
上世纪	上世紀	shang4 shi4 ji4	no-cc-cedict-entry
上午茶	上午茶	shang4 wu3 cha2	no-cc-cedict-entry
上口齿	上口齒	shang4 kou3 chi3	no-cc-cedict-entry
上士	上士	shang4 shi4	no-cc-cedict-entry
上大学	上大學	shang4 da4 xue2	no-cc-cedict-entry
上奇广告	上奇廣告	shang4 qi2 guang3 gao4	no-cc-cedict-entry
上川岛	上川島	shang4 chuan1 dao3	no-cc-cedict-entry
上座部佛教	上座部佛教	shang4 zuo4 bu4 fo2 jiao4	no-cc-cedict-entry
上总国	上總國	shang4 zong3 guo2	no-cc-cedict-entry
上智大学	上智大學	shang4 zhi4 da4 xue2	no-cc-cedict-entry
上机	上机	shang4 ji1	no-cc-cedict-entry
上板町	上闆町	shang4 pan4 ting3	no-cc-cedict-entry
上法兰西	上法蘭西	Shang4 fa3 lan2 xi1	no-cc-cedict-entry
上海人	上海人	shang4 hai3 ren2	no-cc-cedict-entry
上海医科大学	上海醫科大學	Shang4 hai3 Yi1 ke1 Da4 xue2	no-cc-cedict-entry
上海宝钢集团公司	上海寶鋼集團公司	Shang4 hai3 Bao3 gang1 Ji2 tuan2 Gong1 si1	no-cc-cedict-entry
上海来的女人	上海來的女人	shang4 lai2 que4 bu4 rong2 xiao3	no-cc-cedict-entry
上犬	上犬	shang4 quan3	no-cc-cedict-entry
上猿	上猿	shang4 yuan2	no-cc-cedict-entry
上珠	上珠	shang4 zhu1	no-cc-cedict-entry
上线时间	上線時間	shang4 xian4 shi2 jian1	no-cc-cedict-entry
上网无聊症	上網無聊症	shang4 wang3 wu2 liao2 zheng4	no-cc-cedict-entry
上联	上聯	shang4 lian2	no-cc-cedict-entry
上艾瑟尔省	上艾瑟爾省	shang4 ai4 se4 er3 xing3	no-cc-cedict-entry
上药	上藥	shang4 yao4	no-cc-cedict-entry
上萨桑德拉区	上薩桑德拉區	shang4 sa4 sang1 de2 la1 qu1	no-cc-cedict-entry
上西城	上西城	shang4 xi1 cheng2	no-cc-cedict-entry
上覆大气	上覆大气	shang4 fu4 dai4 qi4	no-cc-cedict-entry
上账	上賬	shang4 zhang4	no-cc-cedict-entry
上载	上載	shang4 zai4	no-cc-cedict-entry
上铺	上鋪	shang4 pu4	no-cc-cedict-entry
上面	上面	shang4 mian5	no-cc-cedict-entry
下个	下個	xia4 ge4	no-cc-cedict-entry
下倾	下傾	xia4 qing1	no-cc-cedict-entry
下同调	下同調	xia4 tong2 diao4	no-cc-cedict-entry
下地狱	下地獄	xia4 di4 yu4	no-cc-cedict-entry
下城区	下城區	Xia4 cheng2 qu1	no-cc-cedict-entry
下层方言	下層方言	xia4 ceng2 fang1 yan2	no-cc-cedict-entry
下朱巴州	下硃巴州	xia4 zhu1 ba1 zhou1	no-cc-cedict-entry
下烏金斯克	下烏金斯剋	xia4 wu1 jin1 si1 ke4	no-cc-cedict-entry
下珠	下珠	xia4 zhu1	no-cc-cedict-entry
下联	下聯	xia4 lian2	no-cc-cedict-entry
下萨桑德拉区	下薩桑德拉區	xia4 sa4 sang1 de2 la1 qu1	no-cc-cedict-entry
下通古斯河	下通古斯河	xia4 tong1 gu3 si1 he2	no-cc-cedict-entry
下部	下部	xia4 bu4	no-cc-cedict-entry
下面	下面	xia4 mian5	no-cc-cedict-entry
不一般	不一般	bu4 yi1 ban1	no-cc-cedict-entry
不中用	不中用	bu4 zhong4 yong4	no-cc-cedict-entry
不习惯	不習慣	bu4 xi2 guan4	no-cc-cedict-entry
不予	不予	bu4 yu2	no-cc-cedict-entry
不介意	不介意	bu4 jie4 yi4	no-cc-cedict-entry
不作不死	不作不死	bu4 zuo4 bu4 si3	no-cc-cedict-entry
不信	不信	bu4 xin4	no-cc-cedict-entry
不信任	不信任	bu4 xin4 ren4	no-cc-cedict-entry
不做	不做	bu4 zuo4	no-cc-cedict-entry
不像	不像	bu4 xiang4	no-cc-cedict-entry
不允许	不允許	bu4 yun3 xu3	no-cc-cedict-entry
不公平	不公平	bu4 gong1 ping2	no-cc-cedict-entry
不公正	不公正	bu4 gong1 zheng4	no-cc-cedict-entry
不关心	不關心	bu4 guan1 xin1	no-cc-cedict-entry
不利因素	不利因素	bu4 li4 yin1 su4	no-cc-cedict-entry
不动明王	不動明王	bu4 dong4 ming2 wang2	no-cc-cedict-entry
不包括	不包括	bu4 bao1 kuo4	no-cc-cedict-entry
不去	不去	bu4 qu4	no-cc-cedict-entry
不发达	不發達	bu4 fa1 da2	no-cc-cedict-entry
不变号	不變號	bu4 bian4 hao4	no-cc-cedict-entry
不可儿戏	不可兒戲	bu4 ke3 er2 xi4	no-cc-cedict-entry
不可分	不可分	bu4 ke3 fen1	no-cc-cedict-entry
不可收拾	不可收拾	bu4 ke3 shou1 shi2	no-cc-cedict-entry
不可用	不可用	bu4 ke3 yong4	no-cc-cedict-entry
不可约多项式	不可約多項式	bu4 ke3 yue1 duo1 xiang4 shi4	no-cc-cedict-entry
不可靠	不可靠	bu4 ke3 kao4	no-cc-cedict-entry
不合格	不合格	bu4 he2 ge2	no-cc-cedict-entry
不合适	不合適	bu4 he2 shi4	no-cc-cedict-entry
不同于	不同於	bu4 tong2 yu2	no-cc-cedict-entry
不同意	不同意	bu4 tong2 yi4	no-cc-cedict-entry
不听话	不聽話	bu4 ting1 hua4	no-cc-cedict-entry
不在家	不在家	bu4 zai4 jia1	no-cc-cedict-entry
不均匀	不均勻	bu4 jun1 yun2	no-cc-cedict-entry
不堪回首	不堪回首	bu4 kan1 hui2 shou3	no-cc-cedict-entry
不多	不多	bu4 duo1	no-cc-cedict-entry
不好吃	不好吃	bu4 hao3 chi1	no-cc-cedict-entry
不好看	不好看	bu4 hao3 kan4	no-cc-cedict-entry
不如意	不如意	bu4 ru2 yi4	no-cc-cedict-entry
不存在	不存在	bu4 cun2 zai4	no-cc-cedict-entry
不安全	不安全	bu4 an1 quan2	no-cc-cedict-entry
不安全性行为	不安全性行為	bu4 an1 quan2 xing4 xing2 wei2	no-cc-cedict-entry
不完全	不完全	bu4 wan2 quan2	no-cc-cedict-entry
不完美	不完美	bu4 wan2 mei3	no-cc-cedict-entry
不容易	不容易	bu4 rong2 yi4	no-cc-cedict-entry
不小	不小	bu4 xiao3	no-cc-cedict-entry
不常	不常	bu4 chang2	no-cc-cedict-entry
不干	不干	bu4 gan4	no-cc-cedict-entry
不干净	不干淨	bu4 gan1 jing4	no-cc-cedict-entry
不开心	不開心	bu4 kai1 xin1	no-cc-cedict-entry
不忘	不忘	bu4 wang4	no-cc-cedict-entry
不恰当	不恰當	bu4 qia4 dang4	no-cc-cedict-entry
不愿意	不願意	bu4 yuan4 yi4	no-cc-cedict-entry
不懂	不懂	bu4 dong3	no-cc-cedict-entry
不成功	不成功	bu4 cheng2 gong1	no-cc-cedict-entry
不成熟	不成熟	bu4 cheng2 shu2	no-cc-cedict-entry
不承认	不承認	bu4 cheng2 ren4	no-cc-cedict-entry
不接受	不接受	bu4 jie1 shou4	no-cc-cedict-entry
不放弃	不放棄	bu4 fang4 qi4	no-cc-cedict-entry
不敢	不敢	bu4 gan3	no-cc-cedict-entry
不敢相信	不敢相信	bu4 gan3 xiang1 xin4	no-cc-cedict-entry
不文明	不文明	bu4 wen2 ming2	no-cc-cedict-entry
不断发展	不斷發展	bu4 duan4 fa1 zhan3	no-cc-cedict-entry
不断更新	不斷更新	bu4 duan4 geng4 xin1	no-cc-cedict-entry
不明显	不明顯	bu4 ming2 xian3	no-cc-cedict-entry
不明白	不明白	bu4 ming2 bai2	no-cc-cedict-entry
不是	不是	bu2 shi5	no-cc-cedict-entry
不来梅沙洲体育俱乐部	不來梅沙洲體育俱樂部	bu4 lai2 mei2 sha1 zhou1 ti3 yu4 ju4 le4 bu4	no-cc-cedict-entry
不来梅的城市乐手	不來梅的城市樂手	bu4 lai2 mei2 de5 cheng2 shi4 le4 shou3	no-cc-cedict-entry
不正	不正	bu4 zheng4	no-cc-cedict-entry
不死	不死	bu4 si3	no-cc-cedict-entry
不熟	不熟	bu4 shou2	no-cc-cedict-entry
不熟悉	不熟悉	bu4 shu2 xi1	no-cc-cedict-entry
不理会	不理會	bu4 li3 hui4	no-cc-cedict-entry
不理想	不理想	bu4 li3 xiang3	no-cc-cedict-entry
不盈不亏基础	不盈不亏基础	bu4 ying2 bu4 kui1 ji1 chu3	no-cc-cedict-entry
不直接	不直接	bu4 zhi2 jie1	no-cc-cedict-entry
不相交	不相交	bu4 xiang1 jiao1	no-cc-cedict-entry
不相信	不相信	bu4 xiang1 xin4	no-cc-cedict-entry
不真实	不真實	bu4 zhen1 shi2	no-cc-cedict-entry
不瞒您说	不瞞您說	bu4 man2 nin2 shuo1	no-cc-cedict-entry
不知出于何种原因	不知出於何種原因	bu4 zhi1 chu1 yu2 he2 zhong3 yuan2 yin1	no-cc-cedict-entry
不知名	不知名	bu4 zhi1 ming2	no-cc-cedict-entry
不确定	不確定	bu4 que4 ding4	no-cc-cedict-entry
不稳定	不穩定	bu4 wen3 ding4	no-cc-cedict-entry
不符合	不符合	bu4 fu2 he2	no-cc-cedict-entry
不等于	不等於	bu4 deng3 yu2	no-cc-cedict-entry
不肯	不肯	bu4 ken3	no-cc-cedict-entry
不能够	不能夠	bu4 neng2 gou4	no-cc-cedict-entry
不能用	不能用	bu4 neng2 yong4	no-cc-cedict-entry
不自觉	不自覺	bu4 zi4 jue2	no-cc-cedict-entry
不舍	不捨	bu4 she4	no-cc-cedict-entry
不良反应	不良反應	bu4 liang2 fan3 ying4	no-cc-cedict-entry
不良贷款	不良貸款	bu4 liang2 dai4 kuan3	no-cc-cedict-entry
不要忘记	不要忘記	bu4 yao4 wang4 ji4	no-cc-cedict-entry
不认真	不認真	bu4 ren4 zhen1	no-cc-cedict-entry
不认识	不認識	bu4 ren4 shi2	no-cc-cedict-entry
不记得	不記得	bu4 ji4 de2	no-cc-cedict-entry
不说	不說	bu4 shuo1	no-cc-cedict-entry
不说话	不說話	bu4 shuo1 hua4	no-cc-cedict-entry
不象	不象	bu4 xiang4	no-cc-cedict-entry
不负责任	不負責任	bu4 fu4 ze2 ren4	no-cc-cedict-entry
不贵	不貴	bu2 gui4	no-cc-cedict-entry
不赚钱	不賺錢	bu4 zhuan4 qian2	no-cc-cedict-entry
不赞成	不贊成	bu4 zan4 cheng2	no-cc-cedict-entry
不起	不起	bu4 qi3	no-cc-cedict-entry
不超过	不超過	bu4 chao1 guo4	no-cc-cedict-entry
不远	不遠	bu4 yuan3	no-cc-cedict-entry
不适合	不適合	bu4 shi4 he2	no-cc-cedict-entry
不适应	不適應	bu4 shi4 ying4	no-cc-cedict-entry
不适用	不適用	bu4 shi4 yong4	no-cc-cedict-entry
不重要	不重要	bu4 zhong4 yao4	no-cc-cedict-entry
不间断	不間斷	bu4 jian1 duan4	no-cc-cedict-entry
不雅照	不雅照	bu4 ya3 zhao4	no-cc-cedict-entry
不需要	不需要	bu4 xu1 yao4	no-cc-cedict-entry
不高兴	不高興	bu4 gao1 xing4	no-cc-cedict-entry
与时俱进	與時俱進	yu3 shi2 ju1 jin4	no-cc-cedict-entry
与此	與此	yu3 ci3	no-cc-cedict-entry
与贸易有关的知识产权协定	與貿易有關的知識產權協定	yu3 mao4 yi4 you3 guan1 de5 zhi1 shi4 chan3 quan2 xie2 ding4	no-cc-cedict-entry
丑女贝蒂	醜女貝蒂	chou3 ru3 bei4 di4	no-cc-cedict-entry
丑陋的	专家组	chou3 lou4 de5	no-cc-cedict-entry
专业人员	專業人員	zhuan1 ye4 ren2 yuan2	no-cc-cedict-entry
专业做法股	專業做法股	zhuan1 ye4 zuo4 fa3 gu3	no-cc-cedict-entry
专业及以上职类	專業及以上職類	zhuan1 ye4 ji2 yi3 shang4 zhi2 lei4	no-cc-cedict-entry
专业技术	專業技術	zhuan1 ye4 ji4 shu4	no-cc-cedict-entry
专业技能	專業技能	zhuan1 ye4 ji4 neng2	no-cc-cedict-entry
专业版	專業版	zhuan1 ye4 ban3	no-cc-cedict-entry
专业知识	專業知識	zhuan1 ye4 zhi1 shi5	no-cc-cedict-entry
专业课	專業課	zhuan1 ye4 ke4	no-cc-cedict-entry
专利产品	專利產品	zhuan1 li4 chan3 pin3	no-cc-cedict-entry
专利号	專利號	zhuan1 li4 hao4	no-cc-cedict-entry
专升本	專升本	zhuan1 sheng1 ben3	no-cc-cedict-entry
专家建议	專家建議	zhuan1 jia1 jian4 yi4	no-cc-cedict-entry
专家组	專家組	zhuan1 jia1 zu3	no-cc-cedict-entry
专辑名称	專輯名稱	zhuan1 ji2 ming2 cheng1	no-cc-cedict-entry
丕林岛	丕林島	pi1 lin2 dao3	no-cc-cedict-entry
世嘉土星	世嘉土星	shi4 jia1 tu3 xing1	no-cc-cedict-entry
世服宏图	世服宏圖	shi4 fu4 hong2 tu2	no-cc-cedict-entry
世界上	世界上	shi4 jie4 shang4	no-cc-cedict-entry
世界不灭	世界不滅	shi4 jie4 bu4 mie4	no-cc-cedict-entry
世界冠军	世界冠軍	shi4 jie4 guan4 jun1	no-cc-cedict-entry
世界制图学公报	世界制图学公报	shi4 jie4 zhi4 tu2 xue2 gong1 bao4	no-cc-cedict-entry
世界少年足球锦标赛	世界少年足球錦標賽	shi4 jie4 shao4 nian2 zu2 qiu2 jin3 biao1 sai4	no-cc-cedict-entry
世界杯足球赛纪录	世界盃足球賽紀錄	shi4 jie4 bei1 zu2 qiu2 sai4 ji4 lu4	no-cc-cedict-entry
世界田径锦标赛	世界田徑錦標賽	shi4 jie4 tian2 jing4 jin3 biao1 sai4	no-cc-cedict-entry
世界粮食计划署	世界糧食計劃署	shi4 jie4 liang2 shi2 ji4 hua2 shu5	no-cc-cedict-entry
世界羽毛球锦标赛	世界羽毛球錦標賽	shi4 jie4 yu3 mao2 qiu2 jin3 biao1 sai4	no-cc-cedict-entry
世界自然保护联盟	世界自然保護聯盟	shi4 jie4 zi4 ran2 bao3 hu4 lian2 meng2	no-cc-cedict-entry
世界花样滑冰锦标赛	世界花樣滑冰錦標賽	shi4 jie4 hua1 yang4 hua2 bing1 jin3 biao1 sai4	no-cc-cedict-entry
世界足球	世界足球	shi4 jie4 zu2 qiu2	no-cc-cedict-entry
世界遗产	世界遺產	shi4 jie4 yi2 chan3	no-cc-cedict-entry
世界青年足球锦标赛	世界青年足球錦標賽	shi4 jie4 qing1 nian2 zu2 qiu2 jin3 biao1 sai4	no-cc-cedict-entry
世纪帝国	世紀帝國	shi4 ji4 di4 guo2	no-cc-cedict-entry
世阿弥	世阿彌	shi4 a1 mi2	no-cc-cedict-entry
丘布特省	丘布特省	qiu1 bu4 te4 xing3	no-cc-cedict-entry
丘普里亚	丘普里亞	qiu1 pu3 li3 ya4	no-cc-cedict-entry
丘索沃伊	丘索沃伊	qiu1 suo3 wo4 yi1	no-cc-cedict-entry
丘西	丘西	qiu1 xi1	no-cc-cedict-entry
丘鼠属	丘鼠屬	qiu1 shu3 shu3	no-cc-cedict-entry
业余时间	業餘時間	ye4 yu2 shi2 jian1	no-cc-cedict-entry
业务流程	業務流程	ye4 wu4 liu2 cheng2	no-cc-cedict-entry
业务素质	業務素質	ye4 wu4 su4 zhi4	no-cc-cedict-entry
业务范围	業務範圍	ye4 wu4 fan4 wei2	no-cc-cedict-entry
业务部	業務部	ye4 wu4 bu4	no-cc-cedict-entry
丛林鸦	叢林鴉	cong2 lin2 ya1	no-cc-cedict-entry
东京国际电影节	東京國際電影節	dong1 jing1 guo2 ji4 dian4 ying3 jie2	no-cc-cedict-entry
东伦弗鲁郡	東倫弗魯郡	dong1 lun2 fu2 lu3 jun4	no-cc-cedict-entry
东北地方	東北地方	dong1 bei3 di4 fang5	no-cc-cedict-entry
东南亚足球锦标赛	東南亞足球錦標賽	dong1 nan2 ya4 zu2 qiu2 jin3 biao1 sai4	no-cc-cedict-entry
东塔斯曼高原	东塔斯曼高原	dong1 ta3 si1 man4 gao1 yuan2	no-cc-cedict-entry
东大寺	東大寺	dong1 da4 si4	no-cc-cedict-entry
东岸	東岸	dong1 an4	no-cc-cedict-entry
东方人	東方人	dong1 fang1 ren2	no-cc-cedict-entry
东方斑鵖	東方斑鵖	dong1 fang1 ban1 bi1	no-cc-cedict-entry
东方神起	東方神起	dong1 fang1 shen2 qi3	no-cc-cedict-entry
东洋鱿	東洋魷	dong1 yang2 you2	no-cc-cedict-entry
东海道	東海道	dong1 hai3 dao4	no-cc-cedict-entry
东站	東站	dong1 zhan4	no-cc-cedict-entry
东航	東航	dong1 hang2	no-cc-cedict-entry
东郊	東郊	dong1 jiao1	no-cc-cedict-entry
东部地区	東部地區	dong1 bu4 di4 qu1	no-cc-cedict-entry
东门	東門	dong1 men2	no-cc-cedict-entry
丝一般	絲一般	si1 yi1 ban1	no-cc-cedict-entry
丝国	絲國	si1 guo2	no-cc-cedict-entry
丝帛	絲帛	sī bó5	no-cc-cedict-entry
丝毫不	絲毫不	si1 hao2 bu4	no-cc-cedict-entry
両	両	liang3	no-cc-cedict-entry
丢飞镖	丟飛镖	diu1 fei1 biao1	no-cc-cedict-entry
两万	兩萬	liang3 wan4	no-cc-cedict-entry
两个	兩個	liang3 ge5	no-cc-cedict-entry
两个月	兩個月	liang3 ge3 yue4	no-cc-cedict-entry
两人	兩人	liang3 ren2	no-cc-cedict-entry
两千	兩千	liang3 qian1	no-cc-cedict-entry
两双	兩雙	liang3 shuang1	no-cc-cedict-entry
两口儿	兩口兒	liang3 kou3 r	no-cc-cedict-entry
两周	兩週	liang3 zhou1	no-cc-cedict-entry
两国关系	兩國關係	liang3 guo2 guan1 xi4	no-cc-cedict-entry
两天	兩天	liang3 tian1	no-cc-cedict-entry
两层	兩層	liang3 ceng2	no-cc-cedict-entry
两年	兩年	liang3 nian2	no-cc-cedict-entry
两年一次	兩年一次	liang3 nian2 yi1 ci4	no-cc-cedict-entry
两方面	兩方面	liang3 fang1 mian4	no-cc-cedict-entry
两次	兩次	liang3 ci4	no-cc-cedict-entry
两百	兩百	liang3 bai3	no-cc-cedict-entry
两边	兩邊	liang3 bian5	no-cc-cedict-entry
两部分	兩部分	liang3 bu4 fen4	no-cc-cedict-entry
严以律己	嚴以律己	yan3 yi3 lu:4 ji3	no-cc-cedict-entry
严把	嚴把	yan2 ba3	no-cc-cedict-entry
个人简历	個人簡歷	ge4 ren2 jian3 li4	no-cc-cedict-entry
个人资料	個人資料	ge4 ren2 zi1 liao4	no-cc-cedict-entry
中业岛	中業島	zhong1 ye4 dao3	no-cc-cedict-entry
中东呼吸综合征	中東呼吸綜合徵	Zhong1 dong1 hu1 xi1 zong1 he2 zheng4	no-cc-cedict-entry
中东地区	中東地區	zhong1 dong1 di4 qu1	no-cc-cedict-entry
中信广场	中信廣場	zhong1 xin4 guang3 chang3	no-cc-cedict-entry
中兴通讯	中興通訊	zhong1 xing1 tong1 xun4	no-cc-cedict-entry
中兴通讯股份有限公司	中興通訊股份有限公司	zhong1 xing1 tong1 xun4 gu3 fen4 you3 xian4 gong1 si1	no-cc-cedict-entry
中加里曼丹	中加里曼丹	zhong1 jia1 li3 man4 dan1	no-cc-cedict-entry
中医院	中醫院	zhong1 yi1 yuan4	no-cc-cedict-entry
中华人民共和国国家安全部	中華人民共和國國家安全部	zhong1 hua2 ren2 min2 gong4 he2 guo2 guo2 jia1 an1 quan2 bu4	no-cc-cedict-entry
中华人民共和国国家统计局	中華人民共和國國家統計局	zhong1 hua2 ren2 min2 gong4 he2 guo2 guo2 jia1 ton3 ji4 ju2	invalid-reading
中华人民共和国国防部	中華人民共和國國防部	zhong1 hua2 ren2 min2 gong4 he2 guo2 guo2 fang2 bu5	no-cc-cedict-entry
中华文化	中華文化	zhong1 hua2 wen2 hua4	no-cc-cedict-entry
中南大羚属	中南大羚屬	zhong1 nan2 dai4 ling2 shu3	no-cc-cedict-entry
中国互联网	中國互聯網	zhong1 guo2 hu4 lian2 wang3	no-cc-cedict-entry
中国人寿	中國人壽	zhong1 guo2 ren2 shou4	no-cc-cedict-entry
中国人民	中國人民	zhong1 guo2 ren2 min2	no-cc-cedict-entry
中国佬	中國佬	zhong1 guo2 lao3	no-cc-cedict-entry
中国共产党中央政治局	中國共產黨中央政治局	zhong1 guo2 gong4 chan3 dang3 zhong1 yang1 zheng4 zhi4 ju2	no-cc-cedict-entry
中国共产党全国代表大会	中國共產黨全國代表大會	zhong1 guo2 gong4 chan3 dang3 quan2 guo2 dai4 biao5 da4 hui4	no-cc-cedict-entry
中国历史	中國歷史	zhong1 guo2 li4 shi3	no-cc-cedict-entry
中国国家原字能机构	中國國家原字能機構	zhong1 guo2 guo2 jia1 yuan2 zi4 neng2 ji1 gou4	no-cc-cedict-entry
中国国家男子篮球队	中國國家男子籃球隊	zhong1 guo2 guo2 jia1 nan2 zi3 lan2 qiu2 dui4	no-cc-cedict-entry
中国国民党	中國國民黨	zhong1 guo2 guo2 min2 dang3	no-cc-cedict-entry
中国地图	中國地圖	Zhong1 guo2 di4 tu2	no-cc-cedict-entry
中国地方	中國地方	zhong1 guo2 di4 fang1	no-cc-cedict-entry
中国宇航员	中國宇航員	zhong1 guo2 yu3 hang2 yuan2	no-cc-cedict-entry
中国建筑	中國建築	zhong1 guo2 jian4 zhu4	no-cc-cedict-entry
中国政府	中國政府	zhong1 guo2 zheng4 fu3	no-cc-cedict-entry
中国教育	中國教育	zhong1 guo2 jiao4 yu4	no-cc-cedict-entry
中国文学	中國文學	zhong1 guo2 wen2 xue2	no-cc-cedict-entry
中国核工业集团公司	中國核工業集團公司	zhong1 guo2 he2 gong1 ye4 ji2 tuan2 gong1 si1	no-cc-cedict-entry
中国电影	中國電影	zhong1 guo2 dian4 ying3	no-cc-cedict-entry
中国石油	中國石油	zhong1 guo2 shi2 you2	no-cc-cedict-entry
中国矿业大学	中國礦業大學	zhong1 guo2 kuang4 ye4 da4 xue2	no-cc-cedict-entry
中国社会	中國社會	zhong1 guo2 she4 hui4	no-cc-cedict-entry
中国网	中國網	Zhong1 guo2 wang3	no-cc-cedict-entry
中国网通	中國網通	zhong1 guo2 wang3 tong1	no-cc-cedict-entry
中国象棋	中國象棋	zhong1 guo2 xiang4 qi2	no-cc-cedict-entry
中国足球超级联赛	中國足球超級聯賽	zhong1 guo2 zu2 qiu2 chao1 ji2 lian2 sai4	no-cc-cedict-entry
中国队	中國隊	zhong1 guo2 dui4	no-cc-cedict-entry
中国音乐	中國音樂	zhong1 guo2 yin1 yue4	no-cc-cedict-entry
中国食品	中國食品	zhong1 guo2 shi2 pin3	no-cc-cedict-entry
中士	中士	zhong1 shi4	no-cc-cedict-entry
中央区	中央區	zhong1 yang1 qu1	no-cc-cedict-entry
中央-罗亚尔河谷	中央-羅亞爾河谷	Zhong1 yang1 - luo2 ya4 er3 he2 gu3	no-cc-cedict-entry
中小型	中小型	zhong1 xiao3 xing2	no-cc-cedict-entry
中小学生	中小學生	zhong1 xiao3 xue2 sheng1	no-cc-cedict-entry
中年人	中年人	zhong1 nian2 ren2	no-cc-cedict-entry
中心化子	中心化子	zhong1 xin1 hua4 zi3	no-cc-cedict-entry
中戈壁省	中戈壁省	zhong1 ge1 bi4 xing3	no-cc-cedict-entry
中文名	中文名	zhong1 wen2 ming2	no-cc-cedict-entry
中文版	中文版	zhong1 wen2 ban3	no-cc-cedict-entry
中文系	中文系	zhong1 wen2 xi4	no-cc-cedict-entry
中文网	中文網	zhong1 wen2 wang3	no-cc-cedict-entry
中杜鹃	中杜鵑	zhong1 du4 juan1	no-cc-cedict-entry
中油	中油	Zhong4 you2	no-cc-cedict-entry
中洛锡安	中洛錫安	zhong1 luo4 xi1 an1	no-cc-cedict-entry
中环广场	中環廣場	zhong1 huan2 guang3 chang3	no-cc-cedict-entry
中用	中用	zhong4 yong4	no-cc-cedict-entry
中石油	中石油	zhong1 shi2 you2	no-cc-cedict-entry
中美关系	中美關係	zhong1 mei3 guan1 xi5	no-cc-cedict-entry
中美国	中美國	zhong1 mei3 guo2	no-cc-cedict-entry
中美小食蚁兽	中美小食蟻獸	zhong1 mei3 xiao3 shi2 yi3 shou4	no-cc-cedict-entry
中词	中詞	zhong1 ci2	no-cc-cedict-entry
中越	中越	zhong1 yue4	no-cc-cedict-entry
中道	中道	zhong1 dao4	no-cc-cedict-entry
中野区	中野區	zhong1 ye3 qu1	no-cc-cedict-entry
中长期	中長期	zhong1 chang2 qi1	no-cc-cedict-entry
中间体	中間體	zhong1 jian4 ti3	no-cc-cedict-entry
中间性格	中間性格	zhong1 jian1 xing4 ge2	no-cc-cedict-entry
中队	中隊	zhong1 dui4	no-cc-cedict-entry
中高档	中高檔	zhong1 gao1 dang4	no-cc-cedict-entry
丰原	豐原	Feng1 yuan2	no-cc-cedict-entry
丰沙尔	丰沙尔	feng1 sha1 er3	no-cc-cedict-entry
丰溪	豐溪	Feng1 xi1	no-cc-cedict-entry
丰盛湾	豐盛灣	feng1 sheng4 wan1	no-cc-cedict-entry
串流媒体	串流媒體	chuan4 liu2 mei2 ti3	no-cc-cedict-entry
临场动态角色扮演游戏	臨場動態角色扮演遊戲	lin2 chang3 dong4 tai4 jue2 se4 ban4 yan3 you2 xi4	no-cc-cedict-entry
临床试验	臨床試驗	lin2 chuang2 shi4 yan4	no-cc-cedict-entry
临时工作	臨時工作	lin2 shi2 gong1 zuo4	no-cc-cedict-entry
临时措施	临时措施	lin2 shi2 cuo4 shi1	no-cc-cedict-entry
临月儿	臨月兒	lin2 yue4 r	no-cc-cedict-entry
临检	臨檢	lin2 jian3	no-cc-cedict-entry
丹吉尔	丹吉爾	dan1 ji2 er3	no-cc-cedict-entry
丹增尊珠	丹增尊珠	dan1 zeng1 zun1 zhu1	no-cc-cedict-entry
丹尼尔伯努利	丹尼爾伯努利	dan1 ni2 er3 bo2 nu3 li4	no-cc-cedict-entry
丹尼尔斯县	丹尼爾斯縣	dan1 ni2 er3 si1 xian4	no-cc-cedict-entry
丹尼洛夫	丹尼洛夫	dan1 ni2 luo4 fu2	no-cc-cedict-entry
丹尼臣	丹尼臣	dan1 ni2 chen2	no-cc-cedict-entry
丹德吕德市	丹德呂德市	dan1 de2 lu:3 de2 shi4	no-cc-cedict-entry
丹老	丹老	dan1 lao3	no-cc-cedict-entry
丹老群岛	丹老群島	dan1 lao3 qun2 dao3	no-cc-cedict-entry
丹那	丹那	Dan1 na4	no-cc-cedict-entry
丹阳郡	丹陽郡	dan1 yang2 jun4	no-cc-cedict-entry
丹麦人	丹麥人	dan1 mai4 ren2	no-cc-cedict-entry
丹麦文	丹麥文	dan1 mai4 wen2	no-cc-cedict-entry
为了你	為了你	wei4 le5 ni3	no-cc-cedict-entry
为例	為例	wei4 li4	no-cc-cedict-entry
主丛	主叢	zhu3 cong2	no-cc-cedict-entry
主任医师	主任醫師	zhu3 ren4 yi1 shi1	no-cc-cedict-entry
主体思想塔	主體思想塔	zhu3 ti3 si1 xiang3 ta3	no-cc-cedict-entry
主办单位	主辦單位	zhu3 ban4 dan1 wei4	no-cc-cedict-entry
主干道	主幹道	zhu3 gan4 dao4	no-cc-cedict-entry
主引导记录	主引導記錄	zhu3 yin3 dao3 ji4 lu4	no-cc-cedict-entry
主必要来	主必要來	zhu3 bi4 yao4 lai2	no-cc-cedict-entry
主教练	主教練	zhu3 jiao4 lian4	no-cc-cedict-entry
主治	主治	zhu3 zhi4	no-cc-cedict-entry
主流化	主流化	zhu3 liu2 hua4	no-cc-cedict-entry
主站	主站	zhu3 zhan4	no-cc-cedict-entry
主管部门	主管部門	zhu3 guan3 bu4 men2	no-cc-cedict-entry
主要任务	主要任務	zhu3 yao4 ren4 wu5	no-cc-cedict-entry
主要内容	主要內容	zhu3 yao4 nei4 rong2	no-cc-cedict-entry
主要功能	主要功能	zhu3 yao4 gong1 neng2	no-cc-cedict-entry
主要原因	主要原因	zhu3 yao4 yuan2 yin1	no-cc-cedict-entry
主要参数	主要參數	zhu3 yao4 can1 shu4	no-cc-cedict-entry
主要因素	主要因素	zhu3 yao4 yin1 su4	no-cc-cedict-entry
主要成分	主要成分	zhu3 yao4 cheng2 fen4	no-cc-cedict-entry
主要目	主要目	zhu3 yao4 mu4	no-cc-cedict-entry
主键	主鍵	zhu3 jian4	no-cc-cedict-entry
主题曲	主題曲	zhu3 ti2 qu1	no-cc-cedict-entry
主题演讲	主題演講	zhu3 ti3 yan3 jiang3	no-cc-cedict-entry
丽丝	麗絲	li2 si1	no-cc-cedict-entry
丽娜	丽安	li2 nuo2	no-cc-cedict-entry
丽星邮轮	麗星郵輪	li4 xing1 you2 lun2	no-cc-cedict-entry
丽水地区	麗水地區	Li2 shui3 di4 qu1	no-cc-cedict-entry
丽芙城堡	麗芙城堡	li4 fu2 cheng2 bao3	no-cc-cedict-entry
丽莎	麗莎	li4 sha1	no-cc-cedict-entry
丽露	麗露	li2 lu4	no-cc-cedict-entry
举报人	举报人	ju3 bao4 ren2	no-cc-cedict-entry
乃出个未来	乃出個未來	nai3 chu1 ge4 wei4 lai2	no-cc-cedict-entry
乃蛮	乃蠻	nai3 man2	no-cc-cedict-entry
久洛	久洛	jiu3 luo4	no-cc-cedict-entry
么	幺	yao1	no-cc-cedict-entry
么地道	麼地道	ma2 di4 dao5	no-cc-cedict-entry
乊	乊	xx5	invalid-reading
乊	乊	xx5	invalid-reading
乌什塔拉乡	烏什塔拉鄉	Wu1 shi2 ta3 la1 xiang1	no-cc-cedict-entry
乌什塔拉回族乡	烏什塔拉回族鄉	Wu1 shi2 ta3 la1 Hui2 zu2 xiang1	no-cc-cedict-entry
乌伊埃	烏伊埃	wu1 yi1 ai1	no-cc-cedict-entry
乌克兰国歌	烏克蘭國歌	wu1 ke4 lan2 guo2 ge1	no-cc-cedict-entry
乌头	烏頭	wu1 tou2	no-cc-cedict-entry
乌头属	烏頭屬	wu1 tou2 shu3	no-cc-cedict-entry
乌菲兹美术馆	烏菲茲美術館	wu1 fei1 zi1 mei3 shu4 guan3	no-cc-cedict-entry
乌雷松引理	烏雷鬆引理	wu1 lei2 song1 yin3 li3	no-cc-cedict-entry
乍得共和国	乍得共和國	zha4 de2 gong4 he2 guo2	no-cc-cedict-entry
乐卡克	樂卡克	Le4 ka3 ke4	no-cc-cedict-entry
乐高积木	樂高積木	le4 gao1 ji1 mu4	no-cc-cedict-entry
乒乓球运动员	乒乓球運動員	ping1 pang1 qiu2 yun4 dong4 yuan2	no-cc-cedict-entry
乔比登	喬比登	qiao2 bi3 deng1	no-cc-cedict-entry
乔治・布尔	喬治・布爾	Qiao2 zhi4 · Bu4 er3	no-cc-cedict-entry
乔治亚湾	喬治亞灣	qiao2 zhi4 ya4 wan1	no-cc-cedict-entry
乗	乗	cheng2	no-cc-cedict-entry
乘子	乘子	cheng2 zi3	no-cc-cedict-entry
乘平方	乘平方	cheng2 ping2 fang1	no-cc-cedict-entry
乘法分配律	乘法分配律	cheng2 fa3 fen1 pei4 lu4	no-cc-cedict-entry
乘立方	乘立方	cheng2 li4 fang1	no-cc-cedict-entry
乙酸亚铬	乙酸亞鉻	zhe2 suan1 ya4 ge4	no-cc-cedict-entry
乙酸铵	乙酸銨	yi3 suan1 an3	no-cc-cedict-entry
九个	九個	jiu3 ge4	no-cc-cedict-entry
九九口诀	九九口訣	jiu3 jiu3 kou3 jue2	no-cc-cedict-entry
九九表	九九表	jiu3 jiu3 biÇo5	no-cc-cedict-entry
九十九夜	九十九夜	jiu3 shi2 jiu3 ye4	no-cc-cedict-entry
九头蛇	九頭蛇	jiu3 tou2 she2	no-cc-cedict-entry
九宫图	九宮圖	jiu3 gong1 tu2	no-cc-cedict-entry
九旬老人	九旬老人	jiu3 xun2 lao3 ren2	no-cc-cedict-entry
九月九日忆山东兄弟	九月九日憶山東兄弟	jiu3 yue4 jiu3 ri4 yi4 Shan1 dong1 xiong1 di4	no-cc-cedict-entry
九月山	九月山	jiu3 yue4 shan1	no-cc-cedict-entry
九点	九點	jiu3 dian3	no-cc-cedict-entry
九里市	九里市	jiu3 li3 shi4	no-cc-cedict-entry
九龙半岛	九龍半島	jiu3 long2 ban4 dao3	no-cc-cedict-entry
乞丐王子	乞丐王子	qi3 gai4 wang2 zi3	no-cc-cedict-entry
乞嗤	乞嗤	qi3 chi1	no-cc-cedict-entry
乞巧节	乞巧節	qi3 qiao3 jie2	no-cc-cedict-entry
乞拉朋齐	乞拉朋齊	qi3 la1 peng2 qi2	no-cc-cedict-entry
也不	也不	ye3 bu4	no-cc-cedict-entry
也在	也在	ye3 zai4	no-cc-cedict-entry
也是	也是	ye3 shi4	no-cc-cedict-entry
也门民主人民共和国	也門民主人民共和國	ye3 men2 min2 zhu3 ren2 min2 gong4 he2 guo2	no-cc-cedict-entry
乡人子	鄉人子	xiang1 ren2 zi3	no-cc-cedict-entry
乡土文学	鄉土文學	xiang1 tu3 wen2 xue2	no-cc-cedict-entry
乡镇企业	鄉鎮企業	xiang1 zhen4 qi3 ye4	no-cc-cedict-entry
乥	乥	xx5	invalid-reading
乥	乥	xx5	invalid-reading
乫	乫	xx5	invalid-reading
乫	乫	xx5	invalid-reading
乭	乭	shi2	no-cc-cedict-entry
买到	買到	mai3 dao4	no-cc-cedict-entry
买卖双方	買賣雙方	mai3 mai4 shuang1 fang1	no-cc-cedict-entry
买卖指令自动输入系统	买卖指令自动输入系统	mai3 mai4 zhi3 ling4 zi4 dong4 shu1 ru4 xi4 tong3	no-cc-cedict-entry
乳腺切除术	乳腺切除術	ru3 xian4 qie1 chu2 shu4	no-cc-cedict-entry
乷	乷	xx5	invalid-reading
乷	乷	xx5	invalid-reading
乺	乺	xx5	invalid-reading
乺	乺	xx5	invalid-reading
乼	乼	xx5	invalid-reading
乼	乼	xx5	invalid-reading
乾	乾	gan1	no-cc-cedict-entry
乾净	乾淨	gan1 jing4	no-cc-cedict-entry
乾隆帝	乾隆帝	gan1 long2 di4	no-cc-cedict-entry
了不起的盖茨比	了不起的蓋茨比	liao3 bu5 qi3 di4 gai4 ci2 bi3	no-cc-cedict-entry
争猫丢牛	爭貓丟牛	zheng1 mao1 diu1 niu2	no-cc-cedict-entry
事业部	事業部	shi4 ye4 bu4	no-cc-cedict-entry
事儿	事兒	shi4 r	no-cc-cedict-entry
事儿妈	事兒媽	shi4 r ma1	no-cc-cedict-entry
事儿B	事兒B	shi4 r B	no-cc-cedict-entry
二乔木兰	二喬木蘭	er4 qiao2 mu4 lan2	no-cc-cedict-entry
二倍角	二倍角	er4 bei4 jiao3	no-cc-cedict-entry
二元搜寻树	二元搜尋樹	er4 yuan2 sou1 xun2 shu4	no-cc-cedict-entry
二分角	二分角	er4 fen1 jiao3	no-cc-cedict-entry
二十一	二十一	er4 shi2 yi1	no-cc-cedict-entry
二十七	二十七	er4 shi2 qi1	no-cc-cedict-entry
二十三	二十三	er4 shi2 san1	no-cc-cedict-entry
二十九	二十九	er4 shi2 jiu3	no-cc-cedict-entry
二十五	二十五	er4 shi2 wu3	no-cc-cedict-entry
二十八	二十八	er4 shi2 ba1	no-cc-cedict-entry
二十六	二十六	er4 shi2 liu4	no-cc-cedict-entry
二十四	二十四	er4 shi2 si4	no-cc-cedict-entry
二千	二千	er4 qian1	no-cc-cedict-entry
二千一百五十三	二千一百五十三	er4 qian1 yi1 bai3 wu3 shi2 san1	no-cc-cedict-entry
二千五百	二千五百	er4 qian1 wu3 bai3	no-cc-cedict-entry
二手市场	二手市場	er4 shou3 shi4 chang3	no-cc-cedict-entry
二楼	二樓	er4 lou2	no-cc-cedict-entry
二次式	二次式	er4 ci4 shi4	no-cc-cedict-entry
二水	二水	Er4 shui3	no-cc-cedict-entry
二水乡	二水鄉	Er4 shui3 xiang1	no-cc-cedict-entry
二甲胺	二甲胺	er4 jia3 an4	no-cc-cedict-entry
二百	二百	er4 bai3	no-cc-cedict-entry
二级市场	二級市場	er4 ji2 shi4 chang3	no-cc-cedict-entry
二苯胺氯胂	二苯胺氯胂	er4 ben3 an4 lu:4 shen4	no-cc-cedict-entry
二进位制	二進位制	er4 jin4 wei4 zhi4	no-cc-cedict-entry
二进码十进数	二進碼十進數	er4 jin4 ma3 shi2 jin4 shu3	no-cc-cedict-entry
二阶微商	二階微商	er4 jie1 wei1 shang1	no-cc-cedict-entry
于韦斯屈莱	于韋斯屈萊	yu2 wei3 si1 qu1 lai2	no-cc-cedict-entry
于韦斯屈莱机场	於韋斯屈萊機場	yu2 wei2 si1 qu1 lai2 ji1 chang3	no-cc-cedict-entry
云南葶苈	雲南葶藶	yun2 nan2 ting2 li4	no-cc-cedict-entry
云英岩	雲英岩	yun2 ying1 yan2	no-cc-cedict-entry
云表	雲錶	yun2 biao3	no-cc-cedict-entry
云豹属	雲豹屬	yun2 bao4 shu3	no-cc-cedict-entry
云雨	雲雨	yun2 yu4	no-cc-cedict-entry
互余事件	互余事件	hu4 yu2 shi4 jian4	no-cc-cedict-entry
互动百科	互動百科	hu4 dong4 bai3 ke1	no-cc-cedict-entry
互变异构	互變異構	hu4 bian4 yi4 gou4	no-cc-cedict-entry
互相关	互相關	hu4 xiang1 guan1	no-cc-cedict-entry
互相迭合	互相迭合	hu4 xiang1 die2 he2	no-cc-cedict-entry
互素的	互素的	hu4 su4	no-cc-cedict-entry
互联网媒体类型	互聯網媒體類型	hu4 lian2 wang3 mei2 ti3 lei4 xing2	no-cc-cedict-entry
互诉衷肠	互訴衷腸	hu1 su4 zhong1 chang2	no-cc-cedict-entry
互质的	互質的	hu4 zhi4 de5	no-cc-cedict-entry
五万	五萬	wu3 wan4	no-cc-cedict-entry
五个	五個	wu3 ge4	no-cc-cedict-entry
五人	五人	wu3 ren2	no-cc-cedict-entry
五冬	五鼕	wu3 dong1	no-cc-cedict-entry
五凤	五鳳	wu3 feng4	no-cc-cedict-entry
五加科	五加科	wu3 jia1 ke1	no-cc-cedict-entry
五十铃汽车	五十鈴汽車	wu3 shi2 ling2 qi4 che1	no-cc-cedict-entry
五十铃汽车股份有限公司	五十鈴汽車股份有限公司	wu3 shi2 ling2 qi4 che1 gu3 fen4 you3 xian4 gong1 si1	no-cc-cedict-entry
五千	五千	wu3 qian1	no-cc-cedict-entry
五千五百二十	五千五百二十	wu3 qian1 wu3 bai3 er4 shi2	no-cc-cedict-entry
五天	五天	wu3 tian1	no-cc-cedict-entry
五山城	五山城	wu3 shan1 cheng2	no-cc-cedict-entry
五年一次	五年一次	wu3 nian2 yi1 ci4	no-cc-cedict-entry
五星级酒店	五星級酒店	wu3 xing1 ji2 jiu3 dian4	no-cc-cedict-entry
五月花号	五月花號	wu3 yue4 hua1 hao4	no-cc-cedict-entry
五枚	五枚	wu3 mei2	no-cc-cedict-entry
五点	五點	wu3 dian3	no-cc-cedict-entry
五百	五百	wu3 bai3	no-cc-cedict-entry
五角星形	五角星形	wu3 jiao3 xing1 xing2	no-cc-cedict-entry
五面体	五面體	wu3 mian4 ti3	no-cc-cedict-entry
井宿四	井宿四	jing3 su4 si4	no-cc-cedict-entry
井山裕太	井山裕太	jing3 shan1 yu4 tai4	no-cc-cedict-entry
亚伯克朗比及费区	亞伯克朗比及費區	ya3 bo2 ke4 lang3 bi3 ji2 fei4 qu1	no-cc-cedict-entry
亚伯拉罕平原战役	亞伯拉罕平原戰役	ya4 bo2 la1 han3 ping2 yuan2 zhan4 yi4	no-cc-cedict-entry
亚兹德	亞茲德	ya4 ci2 de2	no-cc-cedict-entry
亚利桑那州立大学	亞利桑那州立大學	ya4 li4 sang1 na4 zhou1 li4 da4 xue2	no-cc-cedict-entry
亚喀巴湾	亞喀巴灣	ya4 ke4 ba1 wan1	no-cc-cedict-entry
亚基河	亞基河	ya4 ji1 he2	no-cc-cedict-entry
亚塞拜然	亞塞拜然	Ya4 se4 bai4 ran2	no-cc-cedict-entry
亚巨星	亞巨星	ya4 ju4 xing1	no-cc-cedict-entry
亚平宁山脉	亞平寧山脈	ya4 ping2 ning2 shan1 mai4	no-cc-cedict-entry
亚当・斯密	亞當・斯密	Ya4 dang1 · Si1 mi4	no-cc-cedict-entry
亚德里亚海星	亞德里亞海星	ya4 de2 li3 ya4 hai3 xing1	no-cc-cedict-entry
亚拉巴马州	亞拉巴馬州	Ya4 la1 ba1 ma3 zhou1	no-cc-cedict-entry
亚斯沃	亞斯沃	ya4 si1 wo4	no-cc-cedict-entry
亚沃尔	亞沃爾	ya4 wo4 er3	no-cc-cedict-entry
亚沃日诺	亞沃日諾	ya4 wo4 ri4 nuo4	no-cc-cedict-entry
亚洲国家	亞洲國家	ya4 zhou1 guo2 jia1	no-cc-cedict-entry
亚洲绶带	亞洲綬帶	Ya4 zhou1 shou4 dai4	no-cc-cedict-entry
亚洲航空	亞洲航空	ya4 zhou1 hang2 kong1	no-cc-cedict-entry
亚洲近颌龙	亞洲近頜龍	ya4 zhou1 jin4 he2 long2	no-cc-cedict-entry
亚矮星	亞矮星	ya4 ai3 xing1	no-cc-cedict-entry
亚硝酸酯	亞硝酸酯	ya4 xiao1 suan1 zhi3	no-cc-cedict-entry
亚纳河	亞納河	ya4 na4 he2	no-cc-cedict-entry
亚维语	亞維語	ya4 wei2 yu3	no-cc-cedict-entry
亚美尼亚足球甲级联赛	亞美尼亞足球甲級聯賽	ya4 mei3 ni2 ya4 zu2 qiu2 jia3 ji2 lian2 sai4	no-cc-cedict-entry
亚胺	亞胺	ya4 an4	no-cc-cedict-entry
亚西尔·阿拉法特	亞西爾·阿拉法特	Ya4 xi1 er3 · A1 la1 fa3 te4	no-cc-cedict-entry
亚里	亞里	ya4 li3	no-cc-cedict-entry
亚马尔半岛	亞馬爾半島	ya4 ma3 er3 ban4 dao3	no-cc-cedict-entry
些微	些微	xie1 wei2	no-cc-cedict-entry
交互式	交互式	jiao1 hu4 shi4	no-cc-cedict-entry
交付品	交付品	jiao1 fu4 pin3	no-cc-cedict-entry
交友论	交友論	jiao1 you3 lun4	no-cc-cedict-entry
交响诗篇	交響詩篇	jiao1 xiang3 shi1 pian1	no-cc-cedict-entry
交换域	交換域	jiao1 huan4 yu4	no-cc-cedict-entry
交换婚姻	交换婚姻	jiao1 huan4 hun1 yin1	no-cc-cedict-entry
交换环	交換環	jiao1 huan4 huan2	no-cc-cedict-entry
交流中心	交流中心	jiao1 liu2 zhong1 xin1	no-cc-cedict-entry
交流会	交流會	jiao1 liu2 hui4	no-cc-cedict-entry
交界處	交界处	jiao1 jie4 chu4	no-cc-cedict-entry
交线	交線	jiao1 xian4	no-cc-cedict-entry
交让木科	交讓木科	jiao1 rang4 mu4 ke1	no-cc-cedict-entry
交通事故	交通事故	jiao1 tong1 shi4 gu4	no-cc-cedict-entry
交通安全	交通安全	jiao1 tong1 an1 quan2	no-cc-cedict-entry
交通运输	交通運輸	jiao1 tong1 yun4 shu1	no-cc-cedict-entry
交错群	交錯群	jiao1 cuo4 qun2	no-cc-cedict-entry
交面	交面	jiao1 mian4	no-cc-cedict-entry
产业政策	產業政策	chan3 ye4 zheng4 ce4	no-cc-cedict-entry
产业结构	產業結構	chan3 ye4 jie2 gou4	no-cc-cedict-entry
产品信息	產品信息	chan3 pin3 xin4 xi1	no-cc-cedict-entry
产品出口	產品出口	chan3 pin3 chu1 kou3	no-cc-cedict-entry
产品报价	產品報價	chan3 pin3 bao4 jia4	no-cc-cedict-entry
产品描述	產品描述	chan3 pin3 miao2 shu4	no-cc-cedict-entry
产品目录	產品目錄	chan3 pin3 mu4 lu4	no-cc-cedict-entry
产品简介	產品簡介	chan3 pin3 jian3 jie4	no-cc-cedict-entry
产品管理	產品管理	chan3 pin3 guan3 li3	no-cc-cedict-entry
产品说明	產品說明	chan3 pin3 shuo1 ming2	no-cc-cedict-entry
产品质量	產品質量	chan3 pin3 zhi2 liang4	no-cc-cedict-entry
产权证	產權證	chan3 quan2 zheng4	no-cc-cedict-entry
产率	產率	chan3 lu:4	no-cc-cedict-entry
亨丁顿舞蹈症	亨丁頓舞蹈症	Heng1 ding1 dun4 wu3 dao4 zheng4	no-cc-cedict-entry
亨伯桥	亨伯橋	heng1 bo2 qiao2	no-cc-cedict-entry
亨克	亨剋	heng1 ke4	no-cc-cedict-entry
亨内平县	亨內平縣	heng1 nei4 ping2 xian4	no-cc-cedict-entry
亨墨菲斯	亨墨菲斯	heng1 mo4 fei3 si1	no-cc-cedict-entry
亨比	亨比	heng1 bi3	no-cc-cedict-entry
亨泽尔引理	亨澤爾引理	heng1 ze2 er3 yin3 li3	no-cc-cedict-entry
亪	亪	xx5	invalid-reading
亪	亪	xx5	invalid-reading
享受當下	享受当下	xiang3 shou4 dang1 xia4	no-cc-cedict-entry
享誉世界	享譽世界	xiang3 yu4 shi4 jie4	no-cc-cedict-entry
京包铁路	京包鐵路	jing1 bao1 tie3 lu4	no-cc-cedict-entry
京山县	京山縣	Jing1 shan1 xian4	no-cc-cedict-entry
京瓷	京瓷	jing1 ci2	no-cc-cedict-entry
京畿大区	京畿大區	jing1 ji1 dai4 qu1	no-cc-cedict-entry
京都念慈菴	京都念慈菴	Jing1 du1 Nian4 ci2 an1	no-cc-cedict-entry
京都鹿苑寺	京都鹿苑寺	jing1 du1 lu4 yuan4 si4	no-cc-cedict-entry
京阪神	京阪神	jing1 ban3 shen2	no-cc-cedict-entry
亭可马里	亭可馬裡	ting2 ke3 ma3 li3	no-cc-cedict-entry
亮灰蝶	亮灰蝶	liang4 hui1 die2	no-cc-cedict-entry
亲切的金子	親切的金子	qin1 qie4 de5 jin1 zi5	no-cc-cedict-entry
亲密育儿	親密育兒	qin1 mi4 yu4 er2	no-cc-cedict-entry
亲戚朋友	親戚朋友	qin1 qi1 peng2 you5	no-cc-cedict-entry
亲潮	親潮	qin1 chao2	no-cc-cedict-entry
亲身经历	親身經歷	qin1 shen1 jing1 li4	no-cc-cedict-entry
人事档案	人事檔案	ren2 shi4 dang4 an4	no-cc-cedict-entry
人人都	人人都	ren2 ren2 dou1	no-cc-cedict-entry
人人都爱雷蒙德	人人都愛雷蒙德	ren2 ren2 du1 ai4 lei2 meng2 de2	no-cc-cedict-entry
人体健康	人體健康	ren2 ti3 jian4 kang1	no-cc-cedict-entry
人体冷冻技术	人體冷凍技術	ren2 ti3 leng3 dong4 ji4 shu4	no-cc-cedict-entry
人体艺术	人體藝術	ren2 ti3 yi4 shu4	no-cc-cedict-entry
人儿	人兒	ren2 r	no-cc-cedict-entry
人力资本	人力資本	ren2 li4 zi1 ben3	no-cc-cedict-entry
人力资源管理	人力資源管理	ren2 li4 zi1 yuan2 guan3 li3	no-cc-cedict-entry
人口出生率	人口出生率	ren2 kou3 chu1 sheng1 lu:4	no-cc-cedict-entry
人口问题	人口問題	ren2 kou3 wen4 ti2	no-cc-cedict-entry
人员伤亡	人員傷亡	ren2 yuan2 shang1 wang2	no-cc-cedict-entry
人员培训	人員培訓	ren2 yuan2 pei2 xun4	no-cc-cedict-entry
人员素质	人員素質	ren2 yuan2 su4 zhi2	no-cc-cedict-entry
人因	人因	ren2 yin1	no-cc-cedict-entry
人均收入	人均收入	ren2 jun1 shou1 ru4	no-cc-cedict-entry
人声	人聲	ren2 sheng1	no-cc-cedict-entry
人大常委会	人大常委會	ren2 da4 chang2 wei3 hui4	no-cc-cedict-entry
人工器官	人工器官	ren2 gong1 qi4 guan1	no-cc-cedict-entry
人工布雷	人工布雷	ren2 gong1 bu4 lei2	no-cc-cedict-entry
人形电脑天使心	人形電腦天使心	ren2 xing2 dian4 nao3 tian1 shi3 xin1	no-cc-cedict-entry
人文科学	人文科學	ren2 wen2 ke1 xue2	no-cc-cedict-entry
人本	人本	ren2 ben3	no-cc-cedict-entry
人民代表大会	人民代表大會	ren2 min2 dai4 biao3 da4 hui4	no-cc-cedict-entry
人民共和国	人民共和國	ren2 min2 gong4 he2 guo2	no-cc-cedict-entry
人民团结	人民币玉	ren2 min2 tuan2 jie1	no-cc-cedict-entry
人民广场	人民廣場	Ren2 min2 Guang3 chang3	no-cc-cedict-entry
人民检察院	人民檢察院	ren2 min2 jian3 cha2 yuan4	no-cc-cedict-entry
人民生活	人民生活	ren2 min2 sheng1 huo2	no-cc-cedict-entry
人民的意志	人民的意誌	ren2 min2 de5 yi4 zhi4	no-cc-cedict-entry
人浪	人浪	ren2 lang4	no-cc-cedict-entry
人物形象	人物形象	ren2 wu4 xing2 xiang4	no-cc-cedict-entry
人生观	人生觀	ren2 sheng1 guan1	no-cc-cedict-entry
人禽流感	人禽流感	ren2 qin2 liu2 gan3	no-cc-cedict-entry
人类文明	人類文明	ren2 lei4 wen2 ming2	no-cc-cedict-entry
人类智慧	人类智慧	ren2 lei4 zhi4 hui4	no-cc-cedict-entry
人类白细胞抗原	人類白細胞抗原	ren2 lei4 bai2 xi4 bao1 kang4 yuan2	no-cc-cedict-entry
人类社会	人類社會	ren2 lei4 she4 hui4	no-cc-cedict-entry
人脑	人腦	ren2 nao3	no-cc-cedict-entry
人迹	人跡	ren2 ji1	no-cc-cedict-entry
人造病原体	人造病原体	ren2 zao4 bing4 yuan2 ti3	no-cc-cedict-entry
人骨拼图	人骨拼圖	ren2 gu3 pin1 tu2	no-cc-cedict-entry
人骨礼拜堂	人骨禮拜堂	ren2 gu3 li3 bai4 tang2	no-cc-cedict-entry
人魔	人魔	ren2 mo2	no-cc-cedict-entry
人鱼小姐	人魚小姐	ren2 yu2 xiao3 jie5	no-cc-cedict-entry
人鱼森林	人魚森林	ren2 yu2 sen1 lin2	no-cc-cedict-entry
人鼠之间	人鼠之間	ren2 shu3 zhi1 jian1	no-cc-cedict-entry
亽	亽	xx5	invalid-reading
亽	亽	xx5	invalid-reading
亿元	億元	yi4 yuan2	no-cc-cedict-entry
什么意思	甚麼意思	shen2 me5 yi4 si1	no-cc-cedict-entry
什么是	甚麼是	shen2 me5 shi4	no-cc-cedict-entry
什切青	甚切青	shi2 qie1 qing1	no-cc-cedict-entry
仁孝天皇	仁孝天皇	ren2 xiao4 tian1 huang2	no-cc-cedict-entry
仁川市	仁川市	Ren2 chuan1 shi4	no-cc-cedict-entry
仁德天皇	仁德天皇	ren2 de2 tian1 huang2	no-cc-cedict-entry
仁神星	仁神星	ren2 shen2 xing1	no-cc-cedict-entry
仄洛斯	仄洛斯	ze4 luo4 si1	no-cc-cedict-entry
今儿	今兒	jin1 r	no-cc-cedict-entry
今天下午	今天下午	jin1 tian1 xia4 wu3	no-cc-cedict-entry
今天暂时停止	今天暫時停止	jin1 tian1 zan4 shi2 ting2 zhi3	no-cc-cedict-entry
今年初	今年初	jin1 nian2 chu1	no-cc-cedict-entry
仍然谢谢你	仍然謝謝你	reng2 ran2 xie4 xie4 ni3	no-cc-cedict-entry
从	從	cong1	no-cc-cedict-entry
从	從	zong4	no-cc-cedict-entry
从今	從今	cong2 jin1	no-cc-cedict-entry
从古至今	從古至今	cong2 gu3 zhi4 jin1	no-cc-cedict-entry
从废墟中崛起	從廢墟中崛起	cong1 fei4 xu1 zhong1 jue2 qi3	no-cc-cedict-entry
从新	從新	cong2 xin1	no-cc-cedict-entry
从未有过	從未有過	cong2 wei4 you3 guo4	no-cc-cedict-entry
从根本上	從根本上	cong2 gen1 ben3 shang4	no-cc-cedict-entry
从此以后	從此以後	cong2 ci3 yi3 hou4	no-cc-cedict-entry
从那以后	從那以後	cong2 na4 yi3 hou4	no-cc-cedict-entry
从那时起	從那時起	cong2 na4 shi2 qi3	no-cc-cedict-entry
仒	仒	xx5	invalid-reading
仒	仒	xx5	invalid-reading
仓库管理系统	倉庫管理繫統	cang1 ku4 guan3 li3 xi4 tong3	no-cc-cedict-entry
仓木麻衣	倉木麻衣	cang1 mu4 ma2 yi1	no-cc-cedict-entry
他们的	他們的	ta1 men5 de5	no-cc-cedict-entry
他妈	他媽	ta1 ma1	no-cc-cedict-entry
他妈巴子	他媽巴子	ta5 ma5 ba5 zi5	no-cc-cedict-entry
他汀	他汀	ta1 ting1	no-cc-cedict-entry
他的	他的	ta1 de5	no-cc-cedict-entry
他自己	他自己	ta1 zi4 ji3	no-cc-cedict-entry
仗着	仗著	zhang4 zhe5	no-cc-cedict-entry
付费电视	付費電視	fu4 fei4 dian4 shi4	no-cc-cedict-entry
仙人掌属	仙人掌屬	xian1 ren2 zhang3 shu3	no-cc-cedict-entry
仙境传说	仙境傳說	xian1 jing4 chuan2 shuo1	no-cc-cedict-entry
仙童半导体公司	仙童半導體公司	xian1 tong2 ban4 dao3 ti3 gong1 si1	no-cc-cedict-entry
仙诺	代尔	xian1 nuo4	no-cc-cedict-entry
代代木站	代代木站	dai4 dai4 mu4 zhan4	no-cc-cedict-entry
代因泽	代因澤	dai4 yin1 ze2	no-cc-cedict-entry
代官山	代官山	dai4 guan1 shan1	no-cc-cedict-entry
代尔夫宰尔	代爾夫宰爾	dai4 er3 fu2 zai3 er3	no-cc-cedict-entry
代数余子式	代數餘子式	dai4 shu4 yu2 zi3 shi4	no-cc-cedict-entry
代理服务器	代理服務器	dai4 li3 fu2 wu4 qi4	no-cc-cedict-entry
代西	代西	dai4 xi1	no-cc-cedict-entry
代谢率	代謝率	dai4 xie4 lu:4	no-cc-cedict-entry
令人尴尬	令人尷尬	ling4 ren3 gan1 ga4	no-cc-cedict-entry
以太网路	以太網路	Yi3 tai4 wang3 lu4	no-cc-cedict-entry
以色列犹太大屠杀纪念馆	以色列猶太大屠殺紀念館	yi3 se4 lie4 you2 tai4 da4 tu2 sha1 ji4 nian4 guan3	no-cc-cedict-entry
以萨	以薩	yi3 sa4	no-cc-cedict-entry
以违法乱纪为耻	以違法亂紀為恥	yi3 wei2 fa3 luan4 ji4 wei2 chi3	no-cc-cedict-entry
仪嘉	儀嘉	yi2 jia1	no-cc-cedict-entry
仰光大金寺	仰光大金寺	yang3 guang1 da4 jin1 si4	no-cc-cedict-entry
仰卧漆姑草	仰臥漆姑草	yang3 wo4 qi1 gu1 cao3	no-cc-cedict-entry
仲哀天皇	仲哀天皇	zhong4 ai1 tian1 huang2	no-cc-cedict-entry
仲壬	仲壬	zhong4 ren2	no-cc-cedict-entry
仲裁协议书	仲裁協議書	zhong4 cai2 xie2 yi4 shu1	no-cc-cedict-entry
仲裁委员会	仲裁委員會	zhong4 cai2 wei3 yuan2 hui4	no-cc-cedict-entry
仲间由纪惠	仲間由紀惠	zhong4 jian1 you2 ji4 hui4	no-cc-cedict-entry
价值的主观理论	價值的主觀理論	jia4 zhi2 de5 zhu3 guan1 li3 lun4	no-cc-cedict-entry
价值观念	價值觀念	jia4 zhi2 guan1 nian4	no-cc-cedict-entry
价格上涨	價格上漲	jia4 ge2 shang4 zhang3	no-cc-cedict-entry
价格便宜	價格便宜	jia4 ge2 pian2 yi5	no-cc-cedict-entry
任丘	任丘	ren4 qiu1	no-cc-cedict-entry
任丘市	任丘市	Ren4 qiu1 shi4	no-cc-cedict-entry
任何人	任何人	ren4 he2 ren2	no-cc-cedict-entry
任务栏	任務欄	ren4 wu4 lan2	no-cc-cedict-entry
任县	任縣	Ren2 Xian4	no-cc-cedict-entry
任安	任安	Ren4 An1	no-cc-cedict-entry
任播	任播	ren4 bo1	no-cc-cedict-entry
任达华	任達華	Ren4 Da2 hua2	no-cc-cedict-entry
任逍遥	任逍遙	ren4 xiao1 yao2	no-cc-cedict-entry
份儿	份兒	fen4 r	no-cc-cedict-entry
仿射几何	仿射幾何	fang3 she4 ji3 he2	no-cc-cedict-entry
企业号	企業號	qi3 ye4 hao4	no-cc-cedict-entry
企业名称	企業名稱	qi4 ye4 ming2 cheng1	no-cc-cedict-entry
企业形象	企業形象	qi4 ye4 xing2 xiang4	no-cc-cedict-entry
企业文化	企業文化	qi3 ye4 wen2 hua4	no-cc-cedict-entry
企业法人	企業法人	qi4 ye4 fa3 ren2	no-cc-cedict-entry
企业界	企業界	qi3 ye4 jie4	no-cc-cedict-entry
企业类型	企業類型	qi4 ye4 lei4 xing2	no-cc-cedict-entry
企业级软件	企業級軟件	qi3 ye4 ji2 ruan3 jian4	no-cc-cedict-entry
企业经营	企業經營	qi3 ye4 jing1 ying2	no-cc-cedict-entry
企事业	企事業	qi3 shi4 ye4	no-cc-cedict-entry
企事业单位	企事業單位	qi4 shi4 ye4 dan1 wei4	no-cc-cedict-entry
企鹅家族	企鵝家族	qi3 e2 jia1 zu2	no-cc-cedict-entry
伊万	伊萬	yi1 wan4	no-cc-cedict-entry
伊予国	伊予國	yi1 yu2 guo2	no-cc-cedict-entry
伊利	伊利	yi1 li4	no-cc-cedict-entry
伊利安	伊利安	yi1 li4 an1	no-cc-cedict-entry
伊劳拉	伊劳拉	yi1 lao2 la1	no-cc-cedict-entry
伊博族	伊博族	yi1 bo2 zu2	no-cc-cedict-entry
伊卡罗	伊卡羅	yi1 ka3 luo1	no-cc-cedict-entry
伊埃雷	伊埃雷	Yi1 ai1 lei2	no-cc-cedict-entry
伊基托斯	伊基託斯	yi1 ji1 tuo1 si1	no-cc-cedict-entry
伊塔洛巴尔博	伊塔洛巴爾博	yi1 ta3 luo4 ba1 er3 bo2	no-cc-cedict-entry
伊塞克湖	伊塞克湖	Yi1 sai1 ke4 Hu2	no-cc-cedict-entry
伊塞克湖州	伊塞剋湖州	yi1 sai1 ke4 hu2 zhou1	no-cc-cedict-entry
伊拉克战争	伊拉克戰爭	yi1 la1 ke4 zhan4 zheng1	no-cc-cedict-entry
伊斯梅利亚	伊斯梅利亞	yi1 si1 mei2 li4 ya4	no-cc-cedict-entry
伊春区	伊春區	Yi1 chun1 qu1	no-cc-cedict-entry
伊朗伊斯兰共和国通讯社	伊朗伊斯蘭共和國通訊社	yi1 lang3 yi1 si1 lan2 gong4 he2 guo2 tong1 xun4 s	no-cc-cedict-entry
伊朗核问题	伊朗核問題	yi1 lang3 he2 wen4 ti2	no-cc-cedict-entry
伊杰万	伊傑萬	yi1 jie2 wan4	no-cc-cedict-entry
伊莱恩	伊莲娜	yi1 lai2 en1	no-cc-cedict-entry
伊西莱穆利诺	伊西萊穆利諾	Yi1 xi1 lai2 mu4 li4 nuo4	no-cc-cedict-entry
伊门丁根	伊門丁根	yi1 men2 ding1 gen1	no-cc-cedict-entry
伊隆·马斯克	伊隆·馬斯克	Yi1 long2 · Ma3 si1 ke4	no-cc-cedict-entry
伊鲁文佐里山	伊魯文佐里山	yi1 lu3 wen2 zuo3 li3 shan1	no-cc-cedict-entry
伏尔塔瓦河	伏爾塔瓦河	fu2 er3 ta3 wa3 he2	no-cc-cedict-entry
伏林航空	伏林航空	fu2 lin2 hang2 kong1	no-cc-cedict-entry
伏辯	伏辯	fu2 bian4	no-cc-cedict-entry
伏都娃娃	伏都娃娃	fu2 du1 wa2 wa5	no-cc-cedict-entry
伐地那非	伐地那非	fa2 de5 na4 fei1	no-cc-cedict-entry
伐楼拿	伐樓拿	fa2 lou2 na2	no-cc-cedict-entry
伐由	伐由	fa2 you2	no-cc-cedict-entry
伐迦陀迦	伐迦陀迦	fa2 jia1 tuo2 jia1	no-cc-cedict-entry
休伊	休伊	xiu1 yi1	no-cc-cedict-entry
休克尔规则	休剋爾規則	xiu1 ke4 er3 gui1 ze2	no-cc-cedict-entry
休士顿太空人	休士頓太空人	xiu1 shi4 dun4 tai4 kong1 ren2	no-cc-cedict-entry
休氏白喉林莺	休氏白喉林鶯	Xiu1 shi4 bai2 hou2 lin2 ying1	no-cc-cedict-entry
休神星	休神星	xiu1 shen2 xing1	no-cc-cedict-entry
休闲装	休閒裝	xiu1 xian2 zhuang1	no-cc-cedict-entry
优先权	優先權	you1 xian1 quan2	no-cc-cedict-entry
优卑亚岛	優卑亞島	you1 bei1 ya4 dao3	no-cc-cedict-entry
优惠价	優惠價	you1 hui4 jia4	no-cc-cedict-entry
优惠政策	優惠政策	you4 hui4 zheng4 ce4	no-cc-cedict-entry
优派	優派	you1 pai4	no-cc-cedict-entry
优生	優生	you4 sheng1	no-cc-cedict-entry
优缺点	優缺點	you4 que1 dian3	no-cc-cedict-entry
优越性	優越性	you1 yue4 xing4	no-cc-cedict-entry
伙伴关系	伙伴關係	huo3 ban4 guan1 xi5	no-cc-cedict-entry
会上	會上	hui4 shang4	no-cc-cedict-entry
会有	會有	hui4 you3	no-cc-cedict-entry
会死	會死	hui4 si3	no-cc-cedict-entry
会聚	會聚	hui4 ju4	no-cc-cedict-entry
会胸鹪莺	會胸鷦鶯	hui4 xiong1 jiao1 ying1	no-cc-cedict-entry
会计人员	會計人員	kuai4 ji4 ren2 yuan2	no-cc-cedict-entry
会计准则	會計準則	kuai4 ji4 zhun3 ze2	no-cc-cedict-entry
会里县	會里縣	Hui4 li3 xian4	no-cc-cedict-entry
伝	伝	yun2	no-cc-cedict-entry
伞形目	傘形目	san3 xing2 mu4	no-cc-cedict-entry
伞菌目	傘菌目	san3 jun1 mu4	no-cc-cedict-entry
伟创力	偉創力	wei3 chuang4 li4	no-cc-cedict-entry
伟大的舵手	偉大的舵手	wei3 da4 de5 duo4 shou3	no-cc-cedict-entry
传播学	傳播學	chuan2 bo4 xue2	no-cc-cedict-entry
传真号码	傳真號碼	chuan2 zhen1 hao4 ma3	no-cc-cedict-entry
传给	傳給	chuan2 gei5	no-cc-cedict-entry
传统文化	傳統文化	chuan2 tong3 wen2 hua4	no-cc-cedict-entry
传记片	傳記片	zhuan4 ji4 pian4	no-cc-cedict-entry
传输层安全	傳輸層安全	chuan2 shu1 ceng2 an1 quan2	no-cc-cedict-entry
传音	傳音	chuan2 yin1	no-cc-cedict-entry
伤齿龙	傷齒龍	shang1 chi3 long2	no-cc-cedict-entry
伦型	倫型	lun2 xing2	no-cc-cedict-entry
伦弗鲁郡	倫弗魯郡	lun2 fu2 lu3 jun4	no-cc-cedict-entry
伦德莱德	倫德萊德	lun2 de2 lai2 de2	no-cc-cedict-entry
伦敦国际机场	倫敦國際機場	lun2 dun1 guo2 ji4 ji1 chang3	no-cc-cedict-entry
伦敦德里	倫敦德里	lun2 dui4 de2 li3	no-cc-cedict-entry
伦敦眼	倫敦眼	lun2 dun1 yan3	no-cc-cedict-entry
伦斯勒理工学院	倫斯勒理工學院	lun2 si1 lei1 li3 gong1 xue2 yuan4	no-cc-cedict-entry
伦杜人	倫杜人	lun2 du4 ren2	no-cc-cedict-entry
伦泰拉	倫泰拉	lun2 tai4 la1	no-cc-cedict-entry
伦琴卫星	倫琴衛星	lun2 qin2 wei4 xing1	no-cc-cedict-entry
伦移	倫移	lun2 yi2	no-cc-cedict-entry
伦迪纳拉	倫迪納拉	lun2 di2 na4 la1	no-cc-cedict-entry
伪虎鲸	偽虎鯨	wei3 hu3 jing1	no-cc-cedict-entry
伪龙亚目	偽龍亞目	wei3 long2 ya4 mu4	no-cc-cedict-entry
伯尔拉德	伯爾拉德	bo2 er3 la1 de2	no-cc-cedict-entry
伯恩斯湖	伯恩斯湖	bo2 en1 si1 hu2	no-cc-cedict-entry
伯朝拉河	伯朝拉河	bo2 chao2 la1 he2	no-cc-cedict-entry
伯米县	伯米縣	bo2 mi3 xian4	no-cc-cedict-entry
伯纳乌球场	伯納烏球場	bo2 na4 wu1 qiu2 chang3	no-cc-cedict-entry
伯纳斯·李	伯納斯·李	Bo2 na4 si1 · Li3	no-cc-cedict-entry
估计不足	估計不足	gu1 ji4 bu4 zu2	no-cc-cedict-entry
伴女星	伴女星	ban4 ru3 xing1	no-cc-cedict-entry
伴随阵	伴隨陣	ban4 sui2 zhen4	no-cc-cedict-entry
伺候	伺候	ci4 hou4	no-cc-cedict-entry
伺服	伺服	si4 fu2	no-cc-cedict-entry
伽玛射线	伽瑪射線	jia1 ma3 she4 xian4	no-cc-cedict-entry
但尼丁	但尼丁	dan4 ni2 ding1	no-cc-cedict-entry
但马国	但馬國	dan4 ma3 guo2	no-cc-cedict-entry
位似	位似	wei4 si4	no-cc-cedict-entry
位势高度	位勢高度	wei4 shi4 gao1 duo2	no-cc-cedict-entry
位数	位數	wei4 shu4	no-cc-cedict-entry
位於	位於	wei4 yu2	no-cc-cedict-entry
位置保持	位置保持	wei4 zhi4 bao3 chi2	no-cc-cedict-entry
低俗小说	低俗小說	di1 su2 xiao3 shuo1	no-cc-cedict-entry
低咖	低咖	di1 ka1	no-cc-cedict-entry
低频	低頻	di1 pin2	no-cc-cedict-entry
住下	住下	zhu4 xia4	no-cc-cedict-entry
住在	住在	zhu4 zai4	no-cc-cedict-entry
住家男人	住家男人	zhu4 jia1 nan2 ren2	no-cc-cedict-entry
住房贷款	住房貸款	zhu4 fang2 dai4 kuan3	no-cc-cedict-entry
佐世保市	佐世保市	zuo3 shi4 bao3 shi4	no-cc-cedict-entry
佐伊克	佐哈尔	zuo3 yi1 ke4	no-cc-cedict-entry
佐内贝克	佐內貝剋	zuo3 nei4 bei4 ke4	no-cc-cedict-entry
佐匹克隆	佐匹剋隆	zuo3 pi1 ke4 long2	no-cc-cedict-entry
佐吕间町	佐呂間町	zuo3 lu:3 jian1 ting3	no-cc-cedict-entry
佐恩引理	佐恩引理	zuo3 en1 yin3 li3	no-cc-cedict-entry
佐梅尔赫姆	佐梅爾赫姆	zuo3 mei2 er3 he4 mu3	no-cc-cedict-entry
佐洛州	佐洛州	zuo3 luo4 zhou1	no-cc-cedict-entry
佐渡国	佐渡國	zuo3 du4 guo2	no-cc-cedict-entry
佐渡市	佐渡市	zuo3 du4 shi4	no-cc-cedict-entry
体制改革	體制改革	ti3 zhi4 gai3 ge2	no-cc-cedict-entry
体育新闻	體育新聞	ti3 yu4 xin1 wen2	no-cc-cedict-entry
体育用品	體育用品	ti3 yu4 yong4 pin3	no-cc-cedict-entry
体育老师	體育老師	ti3 yu4 lao3 shi1	no-cc-cedict-entry
体育课	體育課	ti3 yu4 ke4	no-cc-cedict-entry
体角	體角	ti3 jiao3	no-cc-cedict-entry
何亚当	何华德	he2 ya4 dang1	no-cc-cedict-entry
何可欣	何可欣	he2 ke3 xin1	no-cc-cedict-entry
何处是我家	何處是我家	he2 chu4 shi4 wo3 jia1	no-cc-cedict-entry
佘山进教之佑圣母大殿	佘山进教之佑聖母大殿	she2 shan1 jin4 jiao4 zhi1 you4 sheng4 mu3 da4 dia5	no-cc-cedict-entry
余式	餘式	yu2 shi4	no-cc-cedict-entry
余留无符号数	餘留無符號數	yu2 liu2 wu2 fu2 hao4 shu4	no-cc-cedict-entry
佛兰斯蒂德命名法	佛蘭斯蒂德命名法	fo2 lan2 si1 di4 de2 ming4 ming2 fa3	no-cc-cedict-entry
佛罗语	佛羅語	fo2 luo2 yu3	no-cc-cedict-entry
作业成本法	作業成本法	zuo4 ye4 cheng2 ben3 fa3	no-cc-cedict-entry
作品列表	作品列表	zuo4 pin3 lie4 biao3	no-cc-cedict-entry
作品集	作品集	zuo4 pin3 ji2	no-cc-cedict-entry
作图	作圖	zuo4 tu2	no-cc-cedict-entry
作好	作好	zuo4 hao3	no-cc-cedict-entry
作料	作料	zuo2 liao5	no-cc-cedict-entry
你们的	你們的	ni3 men5 de5	no-cc-cedict-entry
你呢	你呢	ni3 ne5	no-cc-cedict-entry
你好吗	你好嗎	ni3 hao3 ma5	no-cc-cedict-entry
你妈卖批	你媽賣批	ni3 ma1 mai4 pi1	no-cc-cedict-entry
你懂的	你懂的	ni3 dong3 de5	no-cc-cedict-entry
你有	你有	ni3 you3	no-cc-cedict-entry
你有病	你有病	ni3 you3 bing4	no-cc-cedict-entry
你来	你來	ni3 lai2	no-cc-cedict-entry
你猜	你猜	ni3 cai1	no-cc-cedict-entry
你疯了	你瘋了	ni3 feng1 le5	no-cc-cedict-entry
你的	你的	ni3 de5	no-cc-cedict-entry
你看	你看	ni3 kan1	no-cc-cedict-entry
你自己	你自己	ni3 zi4 ji3	no-cc-cedict-entry
你行你上	你行你上	ni3 xing2 ni3 shang4	no-cc-cedict-entry
你说	你說	ni3 shuo1	no-cc-cedict-entry
佩萨克	佩薩克	Pei4 sa4 ke4	no-cc-cedict-entry
佩雷拉	佩雷拉	pei4 lei2 la1	no-cc-cedict-entry
佩鲁察	佩魯察	pei4 lu3 cha2	no-cc-cedict-entry
佳丝明	佳絲明	jia1 si1 ming2	no-cc-cedict-entry
佳丽莎	佳麗莎	jia1 li2 sha1	no-cc-cedict-entry
佳丽酿	佳麗釀	Jia1 li4 niang2	no-cc-cedict-entry
佳内	佳内	jia1 nei4	no-cc-cedict-entry
佳女星	佳女星	jia1 ru3 xing1	no-cc-cedict-entry
佳妮	佳妮	jia1 ni1	no-cc-cedict-entry
佳娜	佳娜	jia1 nuo2	no-cc-cedict-entry
佳恩	佳恩	jia1 en1	no-cc-cedict-entry
佳您	佳您	jia1 nin2	no-cc-cedict-entry
使人	使人	shi3 ren2	no-cc-cedict-entry
使命召唤	使命召喚	shi3 ming4 zhao4 huan4	no-cc-cedict-entry
使命感	使命感	shi3 ming4 gan3	no-cc-cedict-entry
使唤	使喚	shi3 huan4	no-cc-cedict-entry
使用寿命	使用壽命	shi3 yong4 shou4 ming4	no-cc-cedict-entry
使用年限	使用年限	shi3 yong4 nian2 xian4	no-cc-cedict-entry
使用手册	使用手冊	shi3 yong4 shou3 ce4	no-cc-cedict-entry
使用说明	使用說明	shi3 yong4 shuo1 ming2	no-cc-cedict-entry
使用费	使用費	shi3 yong4 fei4	no-cc-cedict-entry
使用面积	使用面積	shi3 yong4 mian4 ji5	no-cc-cedict-entry
使纳入主流	使納入主流	shi3 na4 ru4 zhu3 liu2	no-cc-cedict-entry
使能够	使能夠	shi3 neng2 gou4	no-cc-cedict-entry
使自主	使自主	shi3 zi4 zhu3	no-cc-cedict-entry
侏儒蚺	侏儒蚺	zhu1 ru2 ran2	no-cc-cedict-entry
侏长尾猴属	侏長尾猴屬	zhu1 chang2 wei3 hou2 shu3	no-cc-cedict-entry
供应链	供應鏈	gong1 ying1 lian4	no-cc-cedict-entry
供应链管理	供應鏈管理	gong1 ying4 lian4 guan3 li3	no-cc-cedict-entry
供证	供證	gong1 zheng4	no-cc-cedict-entry
供资	供資	gong1 zi1	no-cc-cedict-entry
依善地区	依善地區	yi1 shan4 di4 qu1	no-cc-cedict-entry
依娜祖玛	依娜祖瑪	yi1 nuo2 zu3 ma3	no-cc-cedict-entry
依格	依格	yi1 ge2	no-cc-cedict-entry
依法韦仑	依法韋崙	yi1 fa3 wei2 lun2	no-cc-cedict-entry
侠女	俠女	xia2 nu:3	no-cc-cedict-entry
侦探小说	偵探小說	zhen1 tan4 xiao3 shuo1	no-cc-cedict-entry
便便	便便	bian4 bian4	no-cc-cedict-entry
便携式防空导弹	便攜式防空導彈	bian4 xie2 shi4 fang2 kong1 dao3 dan4	no-cc-cedict-entry
促销活动	促銷活動	cu4 xiao1 huo2 dong4	no-cc-cedict-entry
俄亥俄级核潜艇	俄亥俄級覈潛艇	e2 hai4 e2 ji2 he2 qian2 ting3	no-cc-cedict-entry
俄勒冈大学	俄勒岡大學	e2 le4 gang1 da4 xue2	no-cc-cedict-entry
俄罗斯天然气工业股份公司	俄羅斯天然氣工業股份公司	e2 luo2 si1 tian1 ran2 qi4 gong1 ye4 gu3 fen4 gong1 si1	no-cc-cedict-entry
俄罗斯足球超级联赛	俄羅斯足球超級聯賽	e2 luo2 si1 zu2 qiu2 chao1 ji2 lian2 sai4	no-cc-cedict-entry
俄里	俄里	e2 li3	no-cc-cedict-entry
俚俗	俚俗	li3 su2	no-cc-cedict-entry
保健员	保健員	bao3 jian4 yuan2	no-cc-cedict-entry
保加利亚国家足球队	保加利亞國家足球隊	bao3 jia1 li4 ya4 guo2 jia1 zu2 qiu2 dui4	no-cc-cedict-entry
保加利亚足球甲级联赛	保加利亞足球甲級聯賽	bao3 jia1 li4 ya4 zu2 qiu2 jia3 ji2 lian2 sai4	no-cc-cedict-entry
保厄希克县	保厄希剋縣	bao3 e4 xi1 ke4 xian4	no-cc-cedict-entry
保定地区	保定地區	Bao3 ding4 di4 qu1	no-cc-cedict-entry
保密电话	保密電話	bao3 mi4 dian4 hua4	no-cc-cedict-entry
保护措施	保護措施	bao3 hu4 cuo4 shi1	no-cc-cedict-entry
保护法	保護法	bao3 hu4 fa3	no-cc-cedict-entry
保护环境	保護環境	bao3 hu4 huan2 jing4	no-cc-cedict-entry
保护野生生物	保护野生生物	bao3 hu4 ye3 sheng1 sheng1 wu4	no-cc-cedict-entry
保罗塞尔吉奥	保羅塞爾吉奧	bao3 luo1 sai1 er3 ji2 ao4	no-cc-cedict-entry
保角变换	保角變換	bao3 jiao3 bian4 huan4	no-cc-cedict-entry
保重身体	保重身體	bao3 zhong4 shen1 ti3	no-cc-cedict-entry
保险业	保險業	bao3 xian3 ye4	no-cc-cedict-entry
保险诈骗	保險詐騙	bao3 xian3 zha4 pian4	no-cc-cedict-entry
保险金	保險金	bao3 xian3 jin1	no-cc-cedict-entry
保障倡议	保障倡議	bao3 zhang4 chang4 yi4	no-cc-cedict-entry
俞斌	俞斌	yu2 bin1	no-cc-cedict-entry
信州大学	信州大學	xin4 zhou1 da4 xue2	no-cc-cedict-entry
信德语	信德語	xin4 de2 yu3	no-cc-cedict-entry
信息中心	信息中心	xin4 xi1 zhong1 xin1	no-cc-cedict-entry
信息交流	信息交流	xin4 xi1 jiao1 liu2	no-cc-cedict-entry
信息产业	信息產業	xin4 xi2 chan3 ye4	no-cc-cedict-entry
信息产业部	信息產業部	xin4 xi1 chan3 ye4 bu4	no-cc-cedict-entry
信息传递	信息傳遞	xin4 xi1 chuan2 di4	no-cc-cedict-entry
信息内容	信息內容	xin4 xi1 nei4 rong2	no-cc-cedict-entry
信息反馈	信息反饋	xin4 xi2 fan3 kui4	no-cc-cedict-entry
信息安全	信息安全	xin4 xi1 an1 quan2	no-cc-cedict-entry
信息库	信息庫	xin4 xi1 ku4	no-cc-cedict-entry
信息框	信息框	xin4 xi1 kuang1	no-cc-cedict-entry
信息管理系统	信息管理系統	xin4 xi2 guan3 li3 xi4 tong3	no-cc-cedict-entry
信息网	信息網	xin4 xi1 wang3	no-cc-cedict-entry
信息网络	信息網絡	xin4 xi2 wang3 luo4	no-cc-cedict-entry
信息获取	信息獲取	xin4 xi1 huo4 qu3	no-cc-cedict-entry
信息资源	信息資源	xin4 xi2 zi1 yuan2	no-cc-cedict-entry
信息量	信息量	xin4 xi1 liang4	no-cc-cedict-entry
信武里府	信武里府	xin4 wu3 li3 fu3	no-cc-cedict-entry
信浓国	信濃國	xin4 nong2 guo2	no-cc-cedict-entry
信用度	信用度	xin4 yong4 du4	no-cc-cedict-entry
信蜂	信蜂	xin4 feng1	no-cc-cedict-entry
修书	修書	xiu1 shu1	no-cc-cedict-entry
修剪树枝	修剪樹枝	xiu1 jian3 shu4 zhi1	no-cc-cedict-entry
俯式冰橇	俯式冰橇	fu3 shi4 bing1 qiao1	no-cc-cedict-entry
俵	俵	biao3	no-cc-cedict-entry
俾路支人	俾路支人	bi3 lu4 zhi1 ren2	no-cc-cedict-entry
俾路支语	俾路支語	bi3 lu4 zhi1 yu3	no-cc-cedict-entry
個人信息	个人信息	ge4 ren2 xin4 xi1	no-cc-cedict-entry
個人資料	个人资料	ge4 ren2 zi1 liao4	no-cc-cedict-entry
倍倍尔广场	倍倍爾廣場	bei4 bei4 er3 guang3 chang3	no-cc-cedict-entry
倍儿棒	倍兒棒	bei4 r bang4	no-cc-cedict-entry
倍塔	倍塔	bei4 ta3	no-cc-cedict-entry
倍式	倍式	bei4 shi4	no-cc-cedict-entry
倍硫磷	倍硫磷	bei4 liu2 lin2	no-cc-cedict-entry
倍里珠	倍里珠	bei4 li3 zhu1	no-cc-cedict-entry
倒入	倒入	dao3 ru4	no-cc-cedict-entry
倒进	倒進	dao4 jin4	no-cc-cedict-entry
倒频谱	倒頻譜	dao3 pin2 pu3	no-cc-cedict-entry
借书	借書	jie4 shu1	no-cc-cedict-entry
倪克斯	倪剋斯	ni2 ke4 si1	no-cc-cedict-entry
倭新小羚	倭新小羚	wo1 xin1 xiao3 ling2	no-cc-cedict-entry
倭水牛	倭水牛	wo1 shui3 niu2	no-cc-cedict-entry
倭犰狳	倭犰狳	wo1 qiu2 yu2	no-cc-cedict-entry
债券市场	債券市場	zhai4 quan4 shi4 chang3	no-cc-cedict-entry
值得信赖	值得信賴	zhi2 de5 xin4 lai4	no-cc-cedict-entry
值得推荐	値得推薦	zhi2 de5 tui1 jian4	no-cc-cedict-entry
值得知道	値得知道	zhi2 de5 zhi1 dao5	no-cc-cedict-entry
偃师市	偃師市	Yan3 shi1 shi4	no-cc-cedict-entry
假公司	假公司	jia3 gong1 si1	no-cc-cedict-entry
假分式	假分式	jia3 fen1 shi4	no-cc-cedict-entry
假吸血蝠属	假吸血蝠屬	jia3 xi1 xue4 fu2 shu3	no-cc-cedict-entry
假吸血蝠科	假吸血蝠科	jia3 xi1 xue4 fu2 ke1	no-cc-cedict-entry
假新闻	假新聞	jia3 xin1 wen2	no-cc-cedict-entry
偏序	偏序	pian1 xu4	no-cc-cedict-entry
偏序关系	偏序關係	pian1 xu4 guan1 xi5	no-cc-cedict-entry
偏微商	偏微商	pian1 wei1 shang1	no-cc-cedict-entry
偏穗草科	偏穗草科	pian1 sui4 cao3 ke1	no-cc-cedict-entry
偕	偕	jie1	no-cc-cedict-entry
做广告	做廣告	zuo4 guang3 gao4	no-cc-cedict-entry
做成	做成	zuo4 cheng2	no-cc-cedict-entry
做手术	做手術	zuo4 shou3 shu4	no-cc-cedict-entry
做白日梦	做白日夢	zuo4 bai2 ri4 meng4	no-cc-cedict-entry
偛	偛	cha1	no-cc-cedict-entry
停在	停在	ting2 zai4	no-cc-cedict-entry
健康教育	健康教育	jian4 kang1 jiao4 yu4	no-cc-cedict-entry
健神星	健神星	jian4 shen2 xing1	no-cc-cedict-entry
健达出奇蛋	健達出奇蛋	jian4 da2 chu1 qi2 dan4	no-cc-cedict-entry
健驮逻国	健馱邏國	jian4 duo4 luo2 guo2	no-cc-cedict-entry
偶尔吸毒	偶爾吸毒	ou3 er3 xi1 du2	no-cc-cedict-entry
偷偷地	偷偷地	tou1 tou1 de5	no-cc-cedict-entry
偷走	偷走	tou1 zou3	no-cc-cedict-entry
傌	傌	ma4	no-cc-cedict-entry
傍	傍	bang1	no-cc-cedict-entry
储藏方法	儲藏方法	chu3 cang2 fang1 fa3	no-cc-cedict-entry
傭	傭	yong1	no-cc-cedict-entry
傲游浏览器	傲遊瀏覽器	ao4 you2 liu2 lan3 qi4	no-cc-cedict-entry
傻劲儿	傻勁兒	sha3 jin4 r	no-cc-cedict-entry
傻瓜大闹科学城	傻瓜大鬧科學城	sha3 gua1 dai4 nao4 ke1 xue2 cheng2	no-cc-cedict-entry
傻脸	傻臉	sha3 lian3	no-cc-cedict-entry
像模像样	像模像樣	xiang4 mo2 xiang4 yang4	no-cc-cedict-entry
像那么回事儿	像那麽回事兒	xiang4 na4 me5 hui2 shi4 r	no-cc-cedict-entry
僤	僤	dan4	no-cc-cedict-entry
僧袍芋螺	僧袍芋螺	seng1 pao2 yu4 luo2	no-cc-cedict-entry
僧面猴属	僧面猴屬	seng1 mian4 hou2 shu3	no-cc-cedict-entry
僵尸粉	殭屍粉	jiang1 shi3 fen3	no-cc-cedict-entry
儗	儗	ni3	no-cc-cedict-entry
儵	儵	shu4	no-cc-cedict-entry
儸	儸	luo2	no-cc-cedict-entry
儿	兒	r	no-cc-cedict-entry
儿童兵	儿童兵	r tong2 bing1	no-cc-cedict-entry
儿童黑话	兒童黑話	er2 tong2 hei1 hua4	no-cc-cedict-entry
兀儿德	兀兒德	wu4 er2 de2	no-cc-cedict-entry
兀兰威灵顿	兀蘭威靈頓	wu4 lan2 wei1 ling2 dun4	no-cc-cedict-entry
兀鹫基金	兀鷲基金	wu4 jiu4 ji1 jin1	no-cc-cedict-entry
允恭天皇	允恭天皇	yun3 gong1 tian1 huang2	no-cc-cedict-entry
元坝	元壩	Yuan2 ba4	no-cc-cedict-entry
元坝区	元壩區	Yuan2 ba4 qu1	no-cc-cedict-entry
元宁宗	元寧宗	yuan2 ning2 zong1	no-cc-cedict-entry
元惠宗	元惠宗	yuan2 hui4 zong1	no-cc-cedict-entry
元文	元文	yuan2 wen2	no-cc-cedict-entry
元正天皇	元正天皇	yuan2 zheng4 tian1 huang2	no-cc-cedict-entry
元球	元球	yuan2 qiu2	no-cc-cedict-entry
元顺帝	元順帝	yuan2 shun4 di4	no-cc-cedict-entry
兄弟连	兄弟連	xiong1 di4 lian2	no-cc-cedict-entry
充分利用	充分利用	chong1 fen4 li4 yong4	no-cc-cedict-entry
兆电子伏特加速器	兆電子伏特加速器	zhao4 dian4 zi3 fu2 te4 jia1 su4 qi4	no-cc-cedict-entry
先到	先到	xian1 dao4	no-cc-cedict-entry
先吉列伊	先吉列伊	xian1 ji2 lie4 yi1	no-cc-cedict-entry
先将来时	先將來時	xian1 jiang1 lai2 shi2	no-cc-cedict-entry
先生们	先生們	xian1 sheng5 men5	no-cc-cedict-entry
先过去时	先過去時	xian1 guo4 qu4 shi2	no-cc-cedict-entry
先进技术	先進技術	xian1 jin4 ji4 shu4	no-cc-cedict-entry
先进摄影系统	先進攝影系統	xian1 jin4 she4 ying3 xi4 tong3	no-cc-cedict-entry
先驱者镀金铝板	先驅者鍍金鋁板	xian1 qu1 zhe3 du4 jin1 lu:3 ban3	no-cc-cedict-entry
光严天皇	光嚴天皇	guang1 yan2 tian1 huang2	no-cc-cedict-entry
光仁天皇	光仁天皇	guang1 ren2 tian1 huang2	no-cc-cedict-entry
光冈汽车	光岡汽車	guang1 gang1 qi4 che1	no-cc-cedict-entry
光唇鲨	光唇鯊	guang1 chun2 sha1	no-cc-cedict-entry
光学显微术	光學顯微術	guang1 xue2 xian3 wei1 shu4	no-cc-cedict-entry
光学系统	光學系統	guang1 xue2 xi4 tong3	no-cc-cedict-entry
光明山修道院	光明山修道院	guang1 ming2 shan1 xiu1 dao4 yuan4	no-cc-cedict-entry
光明市	光明市	guang1 ming2 shi4	no-cc-cedict-entry
光明帮	光明幫	guang1 ming2 bang1	no-cc-cedict-entry
光明星	光明星	guang1 ming2 xing1	no-cc-cedict-entry
光照派	光照派	guang1 zhao4 pai4	no-cc-cedict-entry
光的折射定律	光的折射定律	guang1 di4 zhe2 she4 ding4 lu:4	no-cc-cedict-entry
光着	光著	guang1 zhe5	no-cc-cedict-entry
光神星	光神星	guang1 shen2 xing1	no-cc-cedict-entry
光纤通讯	光纖通訊	guang1 xian1 tong1 xun4	no-cc-cedict-entry
光芒四射	光芒四射	guang1 mang2 si4 she4	no-cc-cedict-entry
光触媒	光觸媒	guang1 chu4 mei2	no-cc-cedict-entry
光阳工业	光陽工業	guang1 yang2 gong1 ye4	no-cc-cedict-entry
光阳机车	光陽機車	guang1 yang2 ji1 che1	no-cc-cedict-entry
克	剋	kei1	no-cc-cedict-entry
克伦	克倫	ke4 lun2	no-cc-cedict-entry
克伦人	克倫人	ke4 lun2 ren2	no-cc-cedict-entry
克伦族	剋倫族	ke4 lun2 zu2	no-cc-cedict-entry
克利斯内	剋利斯內	ke4 li4 si1 nei4	no-cc-cedict-entry
克尼夫斯塔市	剋尼夫斯塔市	ke4 ni2 fu2 si1 ta3 shi4	no-cc-cedict-entry
克尼茨	剋尼茨	ke4 ni2 ci2	no-cc-cedict-entry
克拉地峡	克拉地峽	ke4 la1 de5 xia2	no-cc-cedict-entry
克拉尼	剋拉尼	ke4 la1 ni2	no-cc-cedict-entry
克拉尼斯卡	克拉尼斯卡	ke4 la1 ni2 si1 ka3	no-cc-cedict-entry
克拉约瓦	克拉約瓦	ke4 la1 yue1 wa3	no-cc-cedict-entry
克敌制胜	克敵制勝	ke1 di2 zhi4 sheng4	no-cc-cedict-entry
克林贡语	克林貢語	ke4 lin2 gong4 yu3	no-cc-cedict-entry
克架	剋架	kei1 jia4	no-cc-cedict-entry
克泽尔河	剋澤爾河	ke4 ze2 er3 he2	no-cc-cedict-entry
克瓦斯	剋瓦斯	ke4 wa3 si1	no-cc-cedict-entry
克穆巴赫	剋穆巴赫	ke4 mu4 ba1 he4	no-cc-cedict-entry
克罗埃西亚库纳	克羅埃西亞庫納	ke4 luo2 ai1 xi1 ya4 ku4 na4	no-cc-cedict-entry
克莱门	克萊門	Ke4 lai2 men2	no-cc-cedict-entry
克莱顿县	克萊頓縣	ke4 lai2 dun4 xian4	no-cc-cedict-entry
克蓝玛对克蓝玛	克藍瑪對克藍瑪	ke4 lan2 ma3 dui4 ke4 lan2 ma3	no-cc-cedict-entry
克诺索斯	克諾索斯	ke4 nuo4 suo3 si1	no-cc-cedict-entry
克里斯	克里斯	ke4 li3 si1	no-cc-cedict-entry
克里曼丁红橘	克裏曼丁紅橘	ke4 li3 man4 ding1 hong2 ju2	no-cc-cedict-entry
克钦	克欽	ke4 qin1	no-cc-cedict-entry
克钦邦	克欽邦	ke4 qin1 bang1	no-cc-cedict-entry
克鲁	克魯	ke4 lu3	no-cc-cedict-entry
克鲁姆洛夫	克魯姆洛夫	ke4 lu3 mu3 luo4 fu1	no-cc-cedict-entry
克鲁斯	克魯斯	ke4 lu3 si1	no-cc-cedict-entry
克麦罗沃	克麥羅沃	ke4 mai4 luo2 wo4	no-cc-cedict-entry
兌	兌	dui4	no-cc-cedict-entry
免征	免征	mian3 zheng1	no-cc-cedict-entry
免疫组化	免疫組化	mian3 yi4 zhu2 hua4	no-cc-cedict-entry
免疫联盟	免疫聯盟	mian3 yi4 lian2 meng2	no-cc-cedict-entry
免费电话	免費電話	mian3 fei4 dian4 hua4	no-cc-cedict-entry
兎	兎	tu4	no-cc-cedict-entry
兖州市	兗州市	Yan3 zhou1 Shi4	no-cc-cedict-entry
兙	兙	shi2	no-cc-cedict-entry
党卫队	黨衛隊	dang3 wei4 dui4	no-cc-cedict-entry
党委书记	黨委書記	dang3 wei3 shu1 ji4	no-cc-cedict-entry
党支部	黨支部	dang3 zhi1 bu4	no-cc-cedict-entry
兛	兛	qian1	no-cc-cedict-entry
兜翼蝠属	兜翼蝠屬	dou1 yi4 fu2 shu3	no-cc-cedict-entry
兡	兡	bai3	no-cc-cedict-entry
兣	兣	li3	no-cc-cedict-entry
入学考试	入學考試	ru4 xue2 kao3 shi4	no-cc-cedict-entry
入库	入庫	ru4 ku4	no-cc-cedict-entry
入江陵介	入江陵介	ru4 jiang1 ling2 jie4	no-cc-cedict-entry
入门级	入門級	ru4 men2 ji2	no-cc-cedict-entry
全人类	全人類	quan2 ren2 lei4	no-cc-cedict-entry
全党	全黨	quan2 dang3	no-cc-cedict-entry
全内反射萤光显微镜	全內反射螢光顯微鏡	quan2 nei4 fan3 she4 ying2 guang1 xian3 wei1 jing4	no-cc-cedict-entry
全名	全名	quan2 ming2	no-cc-cedict-entry
全国各地	全國各地	quan2 guo2 ge4 di4	no-cc-cedict-entry
全国政协	全國政協	quan2 guo2 zheng4 xie2	no-cc-cedict-entry
全国民主基金会	全國民主基金會	quan2 guo2 min2 zhu3 ji1 jin1 hui4	no-cc-cedict-entry
全度妍	全度妍	quan2 du4 yan2	no-cc-cedict-entry
全效工作室	全效工作室	quan2 xiao4 gong1 zuo4 shi4	no-cc-cedict-entry
全智贤	全智賢	quan2 zhi4 xian2	no-cc-cedict-entry
全条件概率	全條件概率	quan2 tiao2 jian4 gai4 lu:4	no-cc-cedict-entry
全球卫星定位系统	全球衛星定位系統	quan2 qiu2 wei4 xing1 ding4 wei4 xi4 tong3	no-cc-cedict-entry
全球微营养素缺乏症信息系统	全球微營養素缺乏症信息系統	quan2 qiu2 wei1 ying2 yang3 su4 que1 fa2 zheng4 xin4 xi1 xi4 tong3	no-cc-cedict-entry
全球控制系统	全球控制系統	quan2 qiu2 kong4 zhi4 xi4 tong3	no-cc-cedict-entry
全称号	全稱號	quan2 cheng1 hao4	no-cc-cedict-entry
全称量词	全稱量詞	quan2 cheng1 liang4 ci2	no-cc-cedict-entry
全自动	全自動	quan2 zi4 dong4	no-cc-cedict-entry
全英羽毛球公开锦标赛	全英羽毛球公開錦標賽	quan2 ying1 yu3 mao2 qiu2 gong1 kai1 jin3 biao1 sai4	no-cc-cedict-entry
全选	全選	quan2 xuan3	no-cc-cedict-entry
全面回忆	全麵回憶	quan2 mian4 hui2 yi4	no-cc-cedict-entry
全须全尾儿	全鬚全尾兒	quan2 xu1 quan2 yi3 r	no-cc-cedict-entry
八一	八一	ba1 yi1	no-cc-cedict-entry
八个	八個	ba1 ge4	no-cc-cedict-entry
八十年代	八十年代	ba1 shi2 nian2 dai4	no-cc-cedict-entry
八千	八千	ba1 qian1	no-cc-cedict-entry
八千六百十五	八千六百十五	ba1 qian1 liu4 bai3 shi2 wu3	no-cc-cedict-entry
八女市	八女市	ba1 ru3 shi4	no-cc-cedict-entry
八字还没一撇儿	八字還沒一撇兒	ba1 zi4 hai2 mei2 yi1 pie3 r	no-cc-cedict-entry
八宝	八寶	ba1 bao3	no-cc-cedict-entry
八月革命	八月革命	ba1 yue4 ge2 ming4	no-cc-cedict-entry
八潮市	八潮市	ba1 chao2 shi4	no-cc-cedict-entry
八点	八點	ba1 dian3	no-cc-cedict-entry
八硝基立方烷	八硝基立方烷	ba1 xiao1 ji1 li4 fang1 wan2	no-cc-cedict-entry
八莫	八莫	ba1 mo4	no-cc-cedict-entry
八里桥	八里橋	ba1 li3 qiao2	no-cc-cedict-entry
八重山群岛	八重山群島	ba1 zhong4 shan1 qun2 dao3	no-cc-cedict-entry
八重山诸岛	八重山諸島	ba1 zhong4 shan1 zhu1 dao3	no-cc-cedict-entry
公交线路	公交線路	gong1 jiao1 xian4 lu4	no-cc-cedict-entry
公共利益	公共利益	gong1 gong4 li4 yi4	no-cc-cedict-entry
公共安全	公共安全	gong1 gong4 an1 quan2	no-cc-cedict-entry
公共工程	公共工程	gong1 gong4 gong1 cheng2	no-cc-cedict-entry
公共服务	公共服務	gong1 gong4 fu2 wu4	no-cc-cedict-entry
公共服务插播	公共服務插播	gong1 gong4 fu4 wu4 cha1 bo1	no-cc-cedict-entry
公共河域	公共河域	gong1 gong4 he2 yu4	no-cc-cedict-entry
公共海域	公共海域	gong1 gong4 hai3 yu4	no-cc-cedict-entry
公共管理	公共管理	gong1 gong4 guan3 li3	no-cc-cedict-entry
公共财政	公共財政	gong1 gong4 cai2 zheng4	no-cc-cedict-entry
公共马车	公共馬車	gong1 gong4 ma3 che1	no-cc-cedict-entry
公司介绍	公司介紹	gong1 si1 jie4 shao4	no-cc-cedict-entry
公司名称	公司名稱	gong1 si1 ming2 cheng1	no-cc-cedict-entry
公司地址	公司地址	gong1 si1 di4 zhi3	no-cc-cedict-entry
公司总部	公司總部	gong1 si1 zong3 bu4	no-cc-cedict-entry
公司所有	公司所有	gong1 si1 suo3 you3	no-cc-cedict-entry
公司股东	公司股東	gong1 si1 gu3 dong1	no-cc-cedict-entry
公园大道	公園大道	gong1 yuan2 dai4 dao4	no-cc-cedict-entry
公园街大楼	公園街大樓	gong1 yuan2 jie1 da4 lou2	no-cc-cedict-entry
公州市	公州市	gong1 zhou1 shi4	no-cc-cedict-entry
公开听证	公開聽證	gong1 kai1 ting1 zheng4	no-cc-cedict-entry
公明党	公明黨	gong1 ming2 dang3	no-cc-cedict-entry
公有物	公有物	gong1 you3 wu4	no-cc-cedict-entry
公海舰队	公海艦隊	gong1 hai3 jian4 dui4	no-cc-cedict-entry
公用事业	公用事業	gong1 yong4 shi4 ye4	no-cc-cedict-entry
公益告示	公益告示	gong1 yi4 gao4 shi4	no-cc-cedict-entry
公益插播	公益插播	gong1 yi4 cha1 bo1	no-cc-cedict-entry
公馆乡	公館鄉	Gong1 guan3 xiang1	no-cc-cedict-entry
六个	六個	liu4 ge4	no-cc-cedict-entry
六人	六人	liu4 ren2	no-cc-cedict-entry
六千	六千	liu4 qian1	no-cc-cedict-entry
六号	六號	liu4 hao4	no-cc-cedict-entry
六合八法拳	六合八法拳	liu4 he2 ba1 fa3 quan2	no-cc-cedict-entry
六和塔	六和塔	liu4 he2 ta3	no-cc-cedict-entry
六安地区	六安地區	Lu4 an1 di4 qu1	no-cc-cedict-entry
六带犰狳	六帶犰狳	liu4 dai4 qiu2 yu2	no-cc-cedict-entry
六年级	六年級	liu4 nian2 ji2	no-cc-cedict-entry
六方金刚石	六方金剛石	liu4 fang1 jin1 gang1 shi2	no-cc-cedict-entry
六月十七大街	六月十七大街	liu4 yue4 shi2 qi1 dai4 jie1	no-cc-cedict-entry
六月雪	六月雪	liu4 yue4 xue3	no-cc-cedict-entry
六标准差	六標準差	liu4 biao1 zhun3 cha1	no-cc-cedict-entry
六点	六點	liu4 dian3	no-cc-cedict-entry
六百	六百	liu4 bai3	no-cc-cedict-entry
六道	六道	liu4 dao4	no-cc-cedict-entry
兰巴耶克大区	蘭巴耶剋大區	lan2 ba1 ye2 ke4 dai4 qu1	no-cc-cedict-entry
兰巴雷内	蘭巴雷內	lan2 ba1 lei2 nei4	no-cc-cedict-entry
兰德勒	蘭德勒	lan2 de2 lei1	no-cc-cedict-entry
兰登	蘭登	lan2 deng1	no-cc-cedict-entry
兰登书屋	蘭登書屋	lan2 deng1 shu1 wu1	no-cc-cedict-entry
共产党人	共產黨人	gong4 chan3 dang3 ren2	no-cc-cedict-entry
共享单车	共享單車	gong4 xiang3 dan1 che1	no-cc-cedict-entry
共享软件	共享軟件	gong4 xiang3 ruan3 jian4	no-cc-cedict-entry
共同努力	共同努力	gong4 tong2 nu3 li4	no-cc-cedict-entry
共度	共度	gong4 du4	no-cc-cedict-entry
共形目	共形目	gong4 xing2 mu4	no-cc-cedict-entry
共日共赞	共日共贊	gong4 ri4 gong4 zan4	no-cc-cedict-entry
共轭复根	共軛复根	gong4 e4 fu4 gen1	no-cc-cedict-entry
共青团员岛	共青糰員島	gong4 qing1 tuan2 yuan2 dao3	no-cc-cedict-entry
关丹	關丹	guan1 dan1	no-cc-cedict-entry
关于我们	關於我們	guan1 yu2 wo3 men5	no-cc-cedict-entry
关契斯人	關契斯人	guan1 qi4 si1 ren2	no-cc-cedict-entry
关平	關平	guan1 ping2	no-cc-cedict-entry
关我屁事	關我屁事	guan1 wo3 pi4 shi4	no-cc-cedict-entry
关滑线	關滑線	guan1 hua2 xian4	no-cc-cedict-entry
关键因素	關鍵因素	guan1 jian4 yin1 su4	no-cc-cedict-entry
关键时刻	關鍵時刻	guan1 jian4 shi2 ke4	no-cc-cedict-entry
兴凯湖	興凱湖	xing1 kai3 hu2	no-cc-cedict-entry
兴登堡号飞船	興登堡號飛船	xing1 deng1 bao3 hao4 fei1 chuan2	no-cc-cedict-entry
兴许	興許	xing4 xu3	no-cc-cedict-entry
兵形	兵形	bing1 xing2	no-cc-cedict-entry
其他人	其他人	qi2 ta1 ren2	no-cc-cedict-entry
其他的	其他的	qi2 ta1 de5	no-cc-cedict-entry
其言粪土也	其言糞土也	qi2 yan2 fen4 tu3 ye3	no-cc-cedict-entry
具体情况	具體情況	ju4 ti3 qing2 kuang4	no-cc-cedict-entry
具体措施	具体措施	ju4 ti3 cuo4 shi1	no-cc-cedict-entry
具具	具具	ju1 ju5	no-cc-cedict-entry
兹林	茲林	zi1 lin2	no-cc-cedict-entry
兹林州	茲林州	zi1 lin2 zhou1	no-cc-cedict-entry
兼嘴垂耳鸦	兼嘴垂耳鴉	jian1 zui3 chui2 er3 ya1	no-cc-cedict-entry
兽人	獸人	shou4 ren2	no-cc-cedict-entry
冀州市	冀州市	Ji4 zhou1 shi4	no-cc-cedict-entry
内丹术	內丹術	nei4 dan1 shu4	no-cc-cedict-entry
内乌肯	內烏肯	nei4 wu1 ken3	no-cc-cedict-entry
内八字	內八字	nei4 ba1 zi4	no-cc-cedict-entry
内兹佩尔塞人	內茲佩爾塞人	nei4 zi1 pei4 er3 sai1 ren2	no-cc-cedict-entry
内内	內內	nei4 nei4	no-cc-cedict-entry
内切	內切	nei4 qie4	no-cc-cedict-entry
内力	內力	nei4 li4	no-cc-cedict-entry
内华达级战列舰	內華達級戰列艦	nei4 hua2 da2 ji2 zhan4 lie4 jian4	no-cc-cedict-entry
内含子	內含子	nei4 han2 zi3	no-cc-cedict-entry
内容提要	內容提要	nei4 rong2 ti2 yao4	no-cc-cedict-entry
内尔斯普雷特	內爾斯普雷特	nei4 er3 si1 pu3 lei2 te4	no-cc-cedict-entry
内尔斯海峡	內爾斯海峽	nei4 er3 si1 hai3 xia2	no-cc-cedict-entry
内弗尔卡拉	內弗爾卡拉	nei4 fu2 er3 ka3 la1	no-cc-cedict-entry
内志	內誌	nei4 zhi4	no-cc-cedict-entry
内摆线	內擺線	nei4 bai3 xian4	no-cc-cedict-entry
内景	內景	nei4 jing3	no-cc-cedict-entry
内点	內點	nei4 dian3	no-cc-cedict-entry
内瓦	內瓦	nei4 wa3	no-cc-cedict-entry
内纲莱	內綱萊	nei4 gang1 lai2	no-cc-cedict-entry
内网	內網	nei4 wang3	no-cc-cedict-entry
内角	內角	nei4 jiao3	no-cc-cedict-entry
内部审计	内部审计	nei4 bu4 shen3 ji4	no-cc-cedict-entry
内部控制	內部控制	nei4 bu4 kong4 zhi4	no-cc-cedict-entry
内错角	內錯角	nei4 cuo4 jiao3	no-cc-cedict-entry
内马	內馬	nei4 ma3	no-cc-cedict-entry
再也不会	再也不會	zai4 ye3 bu4 hui4	no-cc-cedict-entry
再买	再買	zai4 mai3	no-cc-cedict-entry
再作	再作	zai4 zuo4	no-cc-cedict-entry
再做	再做	zai4 zuo4	no-cc-cedict-entry
再利用	再利用	zai4 li4 yong4	no-cc-cedict-entry
再加上	再加上	zai4 jia1 shang4	no-cc-cedict-entry
再好	再好	zai4 hao3	no-cc-cedict-entry
再开	再開	zai4 kai1	no-cc-cedict-entry
再战	再戰	zai4 zhan4	no-cc-cedict-entry
再来	再來	zai4 lai2	no-cc-cedict-entry
再来一次	再來一次	zai4 lai2 yi1 ci4	no-cc-cedict-entry
再用	再用	zai4 yong4	no-cc-cedict-entry
冒出	冒出	mao4 chu1	no-cc-cedict-entry
冒泡	冒泡	mao4 pao4	no-cc-cedict-entry
冒险少女娜汀亚	冒險少女娜汀亞	mao4 xian3 shao4 nu:3 nuo2 ting1 ya4	no-cc-cedict-entry
冕狐猴	冕狐猴	mian3 hu2 hou2	no-cc-cedict-entry
写书	寫書	xie3 shu1	no-cc-cedict-entry
写信人	寫信人	xie3 xin4 ren2	no-cc-cedict-entry
写入	寫入	xie3 ru4	no-cc-cedict-entry
写得	寫得	xie3 de2	no-cc-cedict-entry
写成	寫成	xie3 cheng2	no-cc-cedict-entry
写满	寫滿	xie3 man3	no-cc-cedict-entry
写给	寫給	xie3 gei3	no-cc-cedict-entry
写诗	寫詩	xie3 shi1	no-cc-cedict-entry
军事核大国	軍事核大國	jun1 shi4 he2 da4 guo2	no-cc-cedict-entry
军士长	軍士長	jun1 shi4 chang2	no-cc-cedict-entry
军服	軍服	jun1 fu2	no-cc-cedict-entry
军舰金刚鹦鹉	軍艦金剛鸚鵡	jun1 jian4 jin1 gang1 ying1 wu3	no-cc-cedict-entry
军舰鸟科	軍艦鳥科	jun1 jian4 niao3 ke1	no-cc-cedict-entry
军长	軍長	jun1 zhang3	no-cc-cedict-entry
农业燃料	農業燃料	nong2 ye4 ran2 liao4	no-cc-cedict-entry
农业生产	農業生產	nong2 ye4 sheng1 chan3	no-cc-cedict-entry
农业税	農業稅	nong2 ye4 shui4	no-cc-cedict-entry
农村居民	農村居民	nong2 cun1 ju1 min2	no-cc-cedict-entry
农牧民	農牧民	nong2 mu4 min2	no-cc-cedict-entry
农科院	農科院	nong2 ke1 yuan4	no-cc-cedict-entry
冠带鱼科	冠帶魚科	guan4 dai4 yu2 ke1	no-cc-cedict-entry
冠鸠属	冠鳩屬	guan4 jiu1 shu3	no-cc-cedict-entry
冥后星	冥後星	ming2 hou4 xing1	no-cc-cedict-entry
冥河龙	冥河龍	ming2 he2 long2	no-cc-cedict-entry
冬山	冬山	Dong1 shan1	no-cc-cedict-entry
冬山乡	冬山鄉	Dong1 shan1 xiang1	no-cc-cedict-entry
冬日戀歌	鼕日戀歌	dong1 ri4 lian4 ge1	no-cc-cedict-entry
冬目景	鼕目景	dong1 mu4 jing3	no-cc-cedict-entry
冰与火之歌	冰與火之歌	bing1 yu3 huo3 zhi1 ge1	no-cc-cedict-entry
冰原公路	冰原公路	bing1 yuan2 gong1 lu4	no-cc-cedict-entry
冰岛语	冰島語	bing1 dao3 yu3	no-cc-cedict-entry
冰溜	冰溜	bing1 liu1	no-cc-cedict-entry
冰穴	冰穴	bing1 xue2	no-cc-cedict-entry
冰雪女王	冰雪女王	bing1 xue3 ru3 wang4	no-cc-cedict-entry
冲过	沖過	chong1 guo4	no-cc-cedict-entry
冲锋队	沖鋒隊	chong1 feng1 dui4	no-cc-cedict-entry
决定贫穷程度	决定贫穷程度	jue2 ding4 pin2 qiong2 cheng2 duo2	no-cc-cedict-entry
冷山	冷山	leng3 shan1	no-cc-cedict-entry
冷湖	冷湖	Leng3 hu2	no-cc-cedict-entry
冷湖区	冷湖區	leng3 hu2 qu1	no-cc-cedict-entry
冷箭	冷箭	leng3 jian4	no-cc-cedict-entry
冷面天使	冷麵天使	leng3 mian4 tian1 shi3	no-cc-cedict-entry
冼东妹	冼東妹	xian3 dong1 mei4	no-cc-cedict-entry
净价	淨價	jing4 jia4	no-cc-cedict-entry
准备命令	准备命令	zhun3 bei4 ming4 ling4	no-cc-cedict-entry
准备工作	準備工作	zhun3 bei4 gong1 zuo4	no-cc-cedict-entry
准确度	準確度	zhun3 que4 du4	no-cc-cedict-entry
准谱儿	準譜兒	zhun3 pu3 r	no-cc-cedict-entry
凉风	涼風	liang2 feng1	no-cc-cedict-entry
凊	凊	jing4	no-cc-cedict-entry
凌厉	淩厲	ling2li4	no-cc-cedict-entry
凌霄	凌霄	ling2 xiao1	no-cc-cedict-entry
减函数	減函數	jian3 han2 shu4	no-cc-cedict-entry
减速机	減速機	jian3 su4 ji1	no-cc-cedict-entry
凛然	凜然	lin3 ran2	no-cc-cedict-entry
几个小时	幾個小時	ji3 ge5 xiao3 shi2	no-cc-cedict-entry
几个月	幾個月	ji3 ge5 yue4	no-cc-cedict-entry
几乎没有	幾乎沒有	ji1 hu1 mei2 you3	no-cc-cedict-entry
几位	幾位	ji3 wei4	no-cc-cedict-entry
几分钟	幾分鐘	ji3 fen1 zhong1	no-cc-cedict-entry
几十年	幾十年	ji3 shi2 nian2	no-cc-cedict-entry
几句	幾句	ji1 ju4	no-cc-cedict-entry
几回	幾回	ji3 hui2	no-cc-cedict-entry
几点了	幾點了	ji3 dian3 le5	no-cc-cedict-entry
几点钟	幾點鐘	ji3 dian3 zhong1	no-cc-cedict-entry
几百	幾百	ji3 bai3	no-cc-cedict-entry
凡湖	凡湖	fan2 hu2	no-cc-cedict-entry
凤凰卫视	鳳凰衛視	feng4 huang2 wei4 shi4	no-cc-cedict-entry
凤凰城天港国际机场	鳳凰城天港國際機場	feng4 huang2 cheng2 tian1 gang3 guo2 ji4 ji1 chang5	no-cc-cedict-entry
凤尾绿咬鹃	鳳尾綠咬鵑	feng4 yi3 lu:4 yao3 juan1	no-cc-cedict-entry
凯厄瓦县	凱厄瓦縣	kai3 e4 wa3 xian4	no-cc-cedict-entry
凯夫拉维克	凱夫拉維剋	kai3 fu2 la1 wei2 ke4	no-cc-cedict-entry
凯夫拉维克国际机场	凱夫拉維剋國際機場	kai3 fu2 la1 wei2 ke4 guo2 ji4 ji1 chang3	no-cc-cedict-entry
凯奇凯梅特	凱奇凱梅特	kai3 qi2 kai3 mei2 te4	no-cc-cedict-entry
凯尔特伊比利亚人	凱爾特伊比利亞人	kai3 er3 te4 yi1 bi3 li4 ya4 ren2	no-cc-cedict-entry
凯尔特伊比利亚语	凱爾特伊比利亞語	kai3 er3 te4 yi1 bi3 li4 ya4 yu3	no-cc-cedict-entry
凯尼	凯恩	kai3 ni2	no-cc-cedict-entry
凯山丰威汉市	凱山豐威漢市	kai3 shan1 feng1 wei1 han4 shi4	no-cc-cedict-entry
凯恩	凯恳	kai3 en1	no-cc-cedict-entry
凯托米酮	凱托米酮	kai3 tuo1 mi3 tong2	no-cc-cedict-entry
凯撒	凱撒	Kai3 sa3	no-cc-cedict-entry
凯撒沙律	凱撒沙律	kai3 sa3 sha1 lu:4	no-cc-cedict-entry
凯瑟琳山	凱瑟琳山	kai3 se4 lin2 shan1	no-cc-cedict-entry
凯茜·弗里曼	凱茜·弗里曼	Kai3 xi1 · Fu2 li3 man4	no-cc-cedict-entry
凯里尼亚	凱里尼亞	kai3 li3 ni2 ya4	no-cc-cedict-entry
凸图	凸圖	tu1 tu2	no-cc-cedict-entry
凸窗	凸窗	tu1 chuang1	no-cc-cedict-entry
凹图	凹圖	ao1 tu2	no-cc-cedict-entry
凹耳蛙	凹耳蛙	ao1 er3 wa1	no-cc-cedict-entry
出云	出雲	chu1 yun2	no-cc-cedict-entry
出云国	出雲國	chu1 yun2 guo2	no-cc-cedict-entry
出云市	出雲市	chu1 yun2 shi4	no-cc-cedict-entry
出包王女	出包王女	chu1 bao1 wang4 ru3	no-cc-cedict-entry
出口产品	出口產品	chu1 kou3 chan3 pin3	no-cc-cedict-entry
出口量	出口量	chu1 kou3 liang4	no-cc-cedict-entry
出境检查	出境檢查	chu1 jing4 jian3 cha2	no-cc-cedict-entry
出现错误	出現錯誤	chu1 xian4 cuo4 wu4	no-cc-cedict-entry
出生时体重	出生時體重	chu1sheng1 shi2 ti3zhong4	no-cc-cedict-entry
出租车司机	出租車司機	chu1 zu1 che1 si1 ji1	no-cc-cedict-entry
击破	擊破	ji1 po4	no-cc-cedict-entry
击穿	擊穿	ji1 chuan1	no-cc-cedict-entry
函数关系	函數關系	han2 shu4 guan1 xi5	no-cc-cedict-entry
函馆市	函館市	han2 guan3 shi4	no-cc-cedict-entry
凿	鑿	zuo4	no-cc-cedict-entry
刀锋伺服器	刀鋒伺服器	dao1 feng1 si4 fu2 qi4	no-cc-cedict-entry
刀锋边缘	刀鋒邊緣	dao1 feng1 bian1 yuan2	no-cc-cedict-entry
刀魂	刀魂	dao1 hun2	no-cc-cedict-entry
刁藩都	刁藩都	Diao1 fan1 dou1	no-cc-cedict-entry
分不清	分不清	fen4 bu4 qing1	no-cc-cedict-entry
分体病毒科	分體病毒科	fen1 ti3 bing4 du2 ke1	no-cc-cedict-entry
分划	分劃	fen1 hua2	no-cc-cedict-entry
分割开	分割開	fen1 ge1 kai1	no-cc-cedict-entry
分子马达	分子馬達	fen1 zi3 ma3 da2	no-cc-cedict-entry
分岔理论	分岔理論	fen1 cha4 li3 lun4	no-cc-cedict-entry
分布函数	分布函數	fen1 bu4 han2 shu4	no-cc-cedict-entry
分布密度	分布密度	fen1 bu4 mi4 du4	no-cc-cedict-entry
分得	分得	fen1 de2	no-cc-cedict-entry
分担位	分擔位	fen1 dan1 wei4	no-cc-cedict-entry
分支机构	分支機構	fen1 zhi1 ji1 gou4	no-cc-cedict-entry
分散注意力	分散注意力	fen1 san4 zhu4 yi4 li4	no-cc-cedict-entry
分析仪	分析儀	fen1 xi1 yi2	no-cc-cedict-entry
分析几何	分析幾何	fen1 xi1 ji3 he2	no-cc-cedict-entry
分析报告	分析報告	fen1 xi1 bao4 gao4	no-cc-cedict-entry
分析拓展	分析拓展	fen1 xi1 tuo4 zhan3	no-cc-cedict-entry
分类广告	分類廣告	fen1 lei4 guang3 gao4	no-cc-cedict-entry
分色稜镜	分色稜鏡	fen1 se4 leng2 jing4	no-cc-cedict-entry
分裂域	分裂域	fen1 lie4 yu4	no-cc-cedict-entry
分裂细胞	分裂細胞	fen1 lie4 xi4 bao1	no-cc-cedict-entry
分限	分限	fen1 xian4	no-cc-cedict-entry
切仑可夫辐射	切侖可夫輻射	qie1 lun2 ke3 fu1 fu2 she4	no-cc-cedict-entry
切仑柯夫辐射	切侖柯伕輻射	qie1 lun2 ke1 fu1 fu2 she4	no-cc-cedict-entry
切伦科夫辐射	切倫科伕輻射	qie1 lun2 ke1 fu1 fu2 she4	no-cc-cedict-entry
切割机	切割機	qie1 ge1 ji1	no-cc-cedict-entry
切向加速度	切向加速度	qie1 xiang4 jia1 su4 du4	no-cc-cedict-entry
切开	切開	qie1 kai1	no-cc-cedict-entry
切格瓦拉	切格瓦拉	Qie4 Ge2 wa3 la1	no-cc-cedict-entry
切沃足球俱乐部	切沃足球俱樂部	qie1 wo4 zu2 qiu2 ju4 le4 bu4	no-cc-cedict-entry
切线方向	切線方向	qie1 xian4 fang1 xiang4	no-cc-cedict-entry
刑事责任	刑事責任	xing2 shi4 ze2 ren4	no-cc-cedict-entry
列塞庇护十世村	列塞庇護十世村	lie4 sai1 bi4 hu4 shi2 shi4 cun1	no-cc-cedict-entry
列泽区	列澤區	lie4 ze2 qu1	no-cc-cedict-entry
列紧	列緊	lie4 jin3	no-cc-cedict-entry
列级酒庄	列級酒莊	lie4 ji2 jiu3 zhuang1	no-cc-cedict-entry
刘玉玲	劉玉玲	liu2 yu4 ling2	no-cc-cedict-entry
刚果人政治谈判最后文件	剛果人政治談判最后文件	gang1 guo3 ren2 zheng4 zhi4 tan2 pan4 zui4 hou4 wen2 jian4	no-cc-cedict-entry
刚果小爪水獭	剛果小爪水獺	gang1 guo3 xiao3 zhao3 shui3 ta4	no-cc-cedict-entry
刚毛藻目	剛毛藻目	gang1 mao2 zao3 mu4	no-cc-cedict-entry
刚要	剛要	gang1 yao4	no-cc-cedict-entry
创世论图谱	創世論圖譜	chuang4 shi4 lun4 tu2 pu3	no-cc-cedict-entry
创伤后心理压力紧张综合症	創傷後心理壓力緊張綜合症	chuang1 shang1 hou4 xin1 li3 ya1 li4 jin3 zhang1 zong1 he2 zheng4	no-cc-cedict-entry
创新能力	創新能力	chuang4 xin1 neng2 li4	no-cc-cedict-entry
创纪录	創紀錄	chuang4 ji4 lu4	no-cc-cedict-entry
创造物	創造物	chuang4 zao4 wu4	no-cc-cedict-entry
初哥乐队	初哥樂隊	chu1 ge1 yue4 dui4	no-cc-cedict-entry
初学	初學	chu1 xue2	no-cc-cedict-entry
初春	初春	chu1 chun1	no-cc-cedict-entry
初步谈判	初步談判	chu1 bu4 tan2 pan4	no-cc-cedict-entry
初版	初版	chu1 ban3	no-cc-cedict-entry
初级阶段	初級階段	chu1 ji2 jie1 duan4	no-cc-cedict-entry
利丁厄市	利丁厄市	li4 ding1 e4 shi4	no-cc-cedict-entry
利亚	利亞	li4 ya4	no-cc-cedict-entry
利佩茨克	利佩茨克	li4 pei4 ci2 ke4	no-cc-cedict-entry
利佩茨克州	利珮茨剋州	li4 pei4 ci2 ke4 zhou1	no-cc-cedict-entry
利勃海尔	利勃海爾	li4 bo2 hai3 er3	no-cc-cedict-entry
利培酮	利培酮	li4 pei2 tong2	no-cc-cedict-entry
利尼史特朗	利尼史特朗	li4 ni2 shi3 te4 lang3	no-cc-cedict-entry
利德克尔克	利德剋爾剋	li4 de2 ke4 er3 ke4	no-cc-cedict-entry
利拉	利斯	li4 la1	no-cc-cedict-entry
利斯	利斯	li4 si1	no-cc-cedict-entry
利智	利智	li4 zhi4	no-cc-cedict-entry
利氏汉法辞典	利氏漢法辭典	li4 shi4 han4 fa3 ci2 dian3	no-cc-cedict-entry
利河	利河	li4 he2	no-cc-cedict-entry
利燕	利燕	li4 yan1	no-cc-cedict-entry
利特尔顿	利特爾頓	li4 te4 er3 dun4	no-cc-cedict-entry
利瑟	利瑟	li4 se4	no-cc-cedict-entry
利用率	利用率	li4 yong4 lu:4	no-cc-cedict-entry
利米拉桥	利米拉橋	li4 mi3 la1 qiao2	no-cc-cedict-entry
利维乌	利維烏	li4 wei2 wu1	no-cc-cedict-entry
利耶帕亚	利耶帕亞	li4 ye2 pa4 ya4	no-cc-cedict-entry
利蒙	利蒙	li4 meng1	no-cc-cedict-entry
利达	利達	li4 da2	no-cc-cedict-entry
别府市	別府市	bie2 fu3 shi4	no-cc-cedict-entry
别忘了	別忘了	bie2 wang4 le5	no-cc-cedict-entry
别怕	別怕	bie2 pa4	no-cc-cedict-entry
别急	別急	bie2 ji2	no-cc-cedict-entry
别提	別提	bie2 ti2	no-cc-cedict-entry
别斯兰	別斯蘭	bie2 si1 lan2	no-cc-cedict-entry
刬	剗	chan4	no-cc-cedict-entry
到会	到會	dao4 hui4	no-cc-cedict-entry
到站	到站	dao4 zhan4	no-cc-cedict-entry
到那里	到那裡	dao4 na4 li3	no-cc-cedict-entry
制作方法	製作方法	zhi4 zuo4 fang1 fa3	no-cc-cedict-entry
制度改革	制度改革	zhi4 du4 gai3 ge2	no-cc-cedict-entry
刹那间	剎那間	cha4 na4 jian1	no-cc-cedict-entry
刺儿	刺兒	ci4 r	no-cc-cedict-entry
刺巢鼠	刺巢鼠	ci4 chao2 shu3	no-cc-cedict-entry
刺猬索尼克	刺蝟索尼剋	ci4 wei5 suo3 ni2 ke4	no-cc-cedict-entry
刺通草	刺通草	ci4 tong4 cao3	no-cc-cedict-entry
刻木事亲	刻木事親	ke4 mu4 shi4 qin1	no-cc-cedict-entry
刻琉斯	刻琉斯	ke4 liu2 si1	no-cc-cedict-entry
刻花	刻花	ke4 hua1	no-cc-cedict-entry
刻赤	刻赤	ke4 chi4	no-cc-cedict-entry
刻赤海峡	刻赤海峽	ke4 chi4 hai3 xia2	no-cc-cedict-entry
削皮	削皮	xue1 pi2	no-cc-cedict-entry
前前后后	前前後後	qian2 qian2 hou4 hou4	no-cc-cedict-entry
前原市	前原市	qian2 yuan2 shi4	no-cc-cedict-entry
前手性	前手性	qian2 shou3 xing4	no-cc-cedict-entry
前无古人后无来者	前無古人後無來者	qian2 wu2 gu3 ren2 hou4 wu2 lai2 zhe3	no-cc-cedict-entry
前晚	前晚	qian2 wan3	no-cc-cedict-entry
前杭爱省	前杭愛省	qian2 hang2 ai4 xing3	no-cc-cedict-entry
前生召唤	前生召喚	qian2 sheng1 zhao4 huan4	no-cc-cedict-entry
前翼	前翼	qian2 yi4	no-cc-cedict-entry
前脑叶白质切除术	前腦葉白質切除術	qian2 nao3 ye4 bai2 zhi4 qie1 chu2 shu4	no-cc-cedict-entry
前词汇加工	前詞彙加工	qian2 ci2 hui4 jia1 gong1	no-cc-cedict-entry
前进的澳大利亚	前進的澳大利亞	qian2 jin4 di4 ao4 da4 li4 ya4	no-cc-cedict-entry
剑吻鲸科	劍吻鯨科	jian4 wen3 jing1 ke1	no-cc-cedict-entry
剑桥湾	劍橋灣	jian4 qiao2 wan1	no-cc-cedict-entry
剑灵	劍靈	jian4 ling2	no-cc-cedict-entry
剥削	剝削	bo1 xue4	no-cc-cedict-entry
剥皮	剝皮	bo1 pi2	no-cc-cedict-entry
剧院魅影	劇院魅影	ju4 yuan4 mei4 ying3	no-cc-cedict-entry
剪出	剪出	jian3 chu1	no-cc-cedict-entry
副厅长	副廳長	fu4 ting1 zhang3	no-cc-cedict-entry
副局长	副局長	fu4 ju2 zhang3	no-cc-cedict-entry
副总	副總	fu4 zong3	no-cc-cedict-entry
副总经理	副總經理	fu4 zong3 jing1 li3	no-cc-cedict-entry
副棘鳍总目	副棘鰭總目	fu4 ji2 qi2 zong3 mu4	no-cc-cedict-entry
副热带高压	副熱帶高壓	fu4 re4 dai4 gao1 ya1	no-cc-cedict-entry
副管鼻果蝠	副管鼻果蝠	fu4 guan3 bi2 guo3 fu2	no-cc-cedict-entry
副组长	副組長	fu4 zu3 chang2	no-cc-cedict-entry
劒	劒	jian4	no-cc-cedict-entry
力迫	力迫	li4 po4	no-cc-cedict-entry
力量	力量	li4 lia4ng5	no-cc-cedict-entry
办公室主任	辦公室主任	ban4 gong1 shi4 zhu3 ren4	no-cc-cedict-entry
功夫之王	功夫之王	gong1 fu5 zhi1 wang2	no-cc-cedict-entry
功架	功架	gong1 jia4	no-cc-cedict-entry
功率因素校正	功率因素校正	gong1 lu:4 yin1 su4 xiao4 zheng4	no-cc-cedict-entry
功能键	功能鍵	gong1 neng2 jian4	no-cc-cedict-entry
加伊巴	加伊巴	jia1 yi1 ba1	no-cc-cedict-entry
加元	加元	jia1 yuan2	no-cc-cedict-entry
加全	加利	jia1 quan2	no-cc-cedict-entry
加冕街	加冕街	jia1 mian3 jie1	no-cc-cedict-entry
加利	加利	jia1 li4	no-cc-cedict-entry
加利福尼亚州立大学	加利福尼亞州立大學	jia1 li4 fu2 ni2 ya4 zhou1 li4 da4 xue2	no-cc-cedict-entry
加历查	加歷查	jia1 li4 cha2	no-cc-cedict-entry
加叻丹河	加叻丹河	jia1 le4 dan1 he2	no-cc-cedict-entry
加埃塔	加埃塔	jia1 ai1 ta3	no-cc-cedict-entry
加埃塔湾	加埃塔灣	jia1 ai1 ta3 wan1	no-cc-cedict-entry
加奥	加奧	jia1 ao4	no-cc-cedict-entry
加奥区	加奧區	jia1 ao4 qu1	no-cc-cedict-entry
加宾	加尔	jia1 bin1	no-cc-cedict-entry
加尔	加爾	jia1 er3	no-cc-cedict-entry
加尔斯	加爾斯	jia1 er3 si1	no-cc-cedict-entry
加布棉	加布棉	jia1 bu4 mian2	no-cc-cedict-entry
加拉	加文	jia1 la1	no-cc-cedict-entry
加拉信府	加拉信府	jia1 la1 xin4 fu3	no-cc-cedict-entry
加权平均数	加權平均數	jia1 quan2 ping2 jun1 shu4	no-cc-cedict-entry
加泰奥	加泰奧	jia1 tai4 ao4	no-cc-cedict-entry
加热器	加熱器	jia1 re4 qi4	no-cc-cedict-entry
加瓦尔油田	加瓦爾油田	jia1 wa3 er3 you2 tian2	no-cc-cedict-entry
加电自检	加電自檢	jia1 dian4 zi4 jian3	no-cc-cedict-entry
加科布	加科布	jia1 ke1 bu4	no-cc-cedict-entry
加积	加積	jia1 ji1	no-cc-cedict-entry
加莱诺	加辛特	jia1 lai2 nuo4	no-cc-cedict-entry
加萨宗	加薩宗	jia1 sa4 zong1	no-cc-cedict-entry
加里恩努斯	加里恩努斯	jia1 li3 en1 nu3 si1	no-cc-cedict-entry
加里森敢死队	加里森敢死隊	jia1 li3 sen1 gan3 si3 dui4	no-cc-cedict-entry
加锁	加鎖	jia1 suo3	no-cc-cedict-entry
动作游戏	動作遊戲	dong4 zuo4 you2 xi4	no-cc-cedict-entry
动态随机存取存储器	動態隨機存取存儲器	dong4 tai4 sui2 ji1 cun2 qu3 cun2 chu3 qi4	no-cc-cedict-entry
动物之森	動物之森	dong4 wu4 zhi1 sen1	no-cc-cedict-entry
动物星球频道	動物星球頻道	dong4 wu4 xing1 qiu2 pin2 dao4	no-cc-cedict-entry
动物标本制作	動物標本製作	dong4 wu4 biao1 ben3 zhi4 zuo4	no-cc-cedict-entry
动物标本制作师	動物標本製作師	dong4 wu4 biao1 ben3 zhi4 zuo4 shi1	no-cc-cedict-entry
助消化	助消化	zhu4 xiao1 hua4	no-cc-cedict-entry
努埃尔人	努埃爾人	nu3 ai1 er3 ren2	no-cc-cedict-entry
努尔特鲁姆	努爾特魯姆	nu3 er3 te4 lu3 mu3	no-cc-cedict-entry
努库斯	努庫斯	nu3 ku4 si1	no-cc-cedict-entry
劲儿	勁兒	jin4 r	no-cc-cedict-entry
劲爆美国职篮	勁爆美國職籃	jing4 bao4 mei3 guo2 zhi2 lan2	no-cc-cedict-entry
劲舞团	勁舞團	jin4 wu3 tuan2	no-cc-cedict-entry
劲量	勁量	jin4 liang4	no-cc-cedict-entry
劳	勞	lao4	no-cc-cedict-entry
劳保	勞保	lao2 bao3	no-cc-cedict-entry
劳动人民进步党	勞動人民進步黨	lao2 dong4 ren2 min2 jin4 bu4 dang3	no-cc-cedict-entry
劳动力市场	勞動力市場	lao2 dong4 li4 shi4 chang3	no-cc-cedict-entry
劳动法	勞動法	lao2 dong4 fa3	no-cc-cedict-entry
劳动生产率	劳动生产率	lao2 dong4 sheng1 chan3 lu:4	no-cc-cedict-entry
劳动部	勞動部	lao2 dong4 bu4	no-cc-cedict-entry
劳威尔	勞威爾	lao2 wei1 er3	no-cc-cedict-entry
劳拉	勞拉	lao2 la1	no-cc-cedict-entry
劳斯郡	勞斯郡	lao2 si1 jun4	no-cc-cedict-entry
势利眼	勢利眼	shi4 li4 yan3	no-cc-cedict-entry
勃朗宁自动步枪	勃郞寧自動步槍	bo2 lang3 ning2 zi4 dong4 bu4 qiang1	no-cc-cedict-entry
勃艮第-弗朗什-孔泰大区	勃艮第-弗朗什-孔泰大區	Bo2 gen3 di4 - fu2 lang3 shen2 - kong3 tai4 da4 qu1	no-cc-cedict-entry
勒唐蓬	勒唐蓬	Le4 tang2 peng2	no-cc-cedict-entry
勒奇山隧道	勒奇山隧道	lei1 qi2 shan1 sui4 dao4	no-cc-cedict-entry
勒拿湖	勒拿湖	lei1 na2 hu2	no-cc-cedict-entry
勒泰利叶	勒莫尼叶	le4 tai4 li4 ye4	no-cc-cedict-entry
勒索软体	勒索軟體	le4 suo3 ruan3 ti3	no-cc-cedict-entry
勒让德符号	勒讓德符號	lei1 rang4 de2 fu2 hao4	no-cc-cedict-entry
勤政爱民	勤政愛民	qin2 zheng4 ai4 min2	no-cc-cedict-entry
勦	勦	jiao3	no-cc-cedict-entry
勦	勦	chao1	no-cc-cedict-entry
勩	勩	yi4	no-cc-cedict-entry
勿里洞岛	勿里洞島	wu4 li3 dong4 dao3	no-cc-cedict-entry
匀加速运动	勻加速運動	yun2 jia1 su4 yun4 dong4	no-cc-cedict-entry
匀角速度运动	勻角速度運動	yun2 jiao3 su4 du4 yun4 dong4	no-cc-cedict-entry
匀速运动	勻速運動	yun2 su4 yun4 dong4	no-cc-cedict-entry
包含同态	包含同態	bao1 han2 tong2 tai4	no-cc-cedict-entry
包涵	包涵	bao1 han2	no-cc-cedict-entry
包络面	包絡面	bao1 luo4 mian4	no-cc-cedict-entry
包袱皮儿	包袱皮兒	bao1 fu5 pi2 r	no-cc-cedict-entry
包装机	包裝機	bao1 zhuang1 ji1	no-cc-cedict-entry
包装机械	包裝機械	bao1 zhuang1 ji1 xie4	no-cc-cedict-entry
包装盒	包裝盒	bao1 zhuang1 he2	no-cc-cedict-entry
包装设计	包裝設計	bao1 zhuang1 she4 ji4	no-cc-cedict-entry
匈牙利足球甲级联赛	匈牙利足球甲級聯賽	xiong1 ya2 li4 zu2 qiu2 jia3 ji2 lian2 sai4	no-cc-cedict-entry
匊	匊	ju2	no-cc-cedict-entry
化为	化為	hua4 wei2	no-cc-cedict-entry
化学物质	化學物質	hua4 xue2 wu4 zhi4	no-cc-cedict-entry
化学肥料	化學肥料	hua4 xue2 fei2 liao4	no-cc-cedict-entry
化学香	化學香	hua4 xue2 xiang1	no-cc-cedict-entry
北京地区	北京地區	bei3 jing1 di4 qu1	no-cc-cedict-entry
北京奥运	北京奧運	bei3 jing1 ao4 yun4	no-cc-cedict-entry
北京站	北京站	bei3 jing1 zhan4	no-cc-cedict-entry
北伦达省	北倫達省	bei3 lun2 da2 xing3	no-cc-cedict-entry
北加浪岸	北加浪岸	bei3 jia1 lang4 an4	no-cc-cedict-entry
北区	北區	Bei3 qu1	no-cc-cedict-entry
北安查尔邦	北安查爾邦	bei3 an1 cha2 er3 bang1	no-cc-cedict-entry
北岛康介	北島康介	bei3 dao3 kang1 jie4	no-cc-cedict-entry
北岸	北岸	bei3 an4	no-cc-cedict-entry
北欧神话	北歐神話	bei3 ou1 shen2 hua4	no-cc-cedict-entry
北爱尔兰足球代表队	北愛爾蘭足球代表隊	bei3 ai4 er3 lan2 zu2 qiu2 dai4 biao3 dui4	no-cc-cedict-entry
北盘江	北盤江	bei3 pan2 jiang1	no-cc-cedict-entry
北盘江大桥	北盤江大橋	bei3 pan2 jiang1 da4 qiao2	no-cc-cedict-entry
北美空防司令部	北美空防司令部	bei3 mei3 kong1 fang2 si1 ling4 bu4	no-cc-cedict-entry
北美自由贸易协议	北美自由貿易協議	bei3 mei3 zi4 you2 mao4 yi4 xie2 yi4	no-cc-cedict-entry
北里	北里	bei3 li3	no-cc-cedict-entry
北门	北門	Bei3 men2	no-cc-cedict-entry
匟	匟	kang4	no-cc-cedict-entry
匹	匹	pi1	no-cc-cedict-entry
区域人口研究所	區域人口研究所	qu1 yu4 ren2 kou3 yan2 jiu1 suo3	no-cc-cedict-entry
区委	區委	qu1 wei1	no-cc-cedict-entry
医疗事故	醫療事故	yi1 liao2 shi4 gu4	no-cc-cedict-entry
医疗影像储传系统	醫療影像儲傳系統	yi1 liao2 ying3 xiang4 chu2 chuan2 xi4 tong3	no-cc-cedict-entry
医疗服务	醫療服務	yi1 liao2 fu2 wu4	no-cc-cedict-entry
医疗机构	醫療機構	yi1 liao2 ji1 gou4	no-cc-cedict-entry
医疗设备	醫療設備	yi1 liao2 she4 bei4	no-cc-cedict-entry
医疗费用	醫療費用	yi1 liao2 fei4 yong4	no-cc-cedict-entry
医药费	醫藥費	yi1 yao4 fei4	no-cc-cedict-entry
医院骑士团	醫院騎士團	yi1 yuan4 qi2 shi4 tuan2	no-cc-cedict-entry
匼	匼	ke1	no-cc-cedict-entry
匾	楄	pian2	no-cc-cedict-entry
十一年	十一年	shi2 yi1 nian2	no-cc-cedict-entry
十七岁的单车	十七歲的單車	shi2 qi1 sui4 di4 dan1 che1	no-cc-cedict-entry
十七岁的天空	十七歲的天空	shi2 qi1 sui4 di4 tian1 kong1	no-cc-cedict-entry
十三罗汉	十三羅漢	shi2 san1 luo2 han4	no-cc-cedict-entry
十九岁	十九歲	shi2 jiu3 sui4	no-cc-cedict-entry
十二个	十二個	shi2 er4 ge4	no-cc-cedict-entry
十二岁	十二歲	shi2 er4 sui4	no-cc-cedict-entry
十二点	十二點	shi2 er4 dian3	no-cc-cedict-entry
十二罗汉	十二羅漢	shi2 er4 luo2 han4	no-cc-cedict-entry
十五年	十五年	shi2 wu3 nian2	no-cc-cedict-entry
十六日	十六日	shi2 liu4 ri4	no-cc-cedict-entry
十几个	十幾個	shi2 ji3 ge4	no-cc-cedict-entry
十分钟	十分鐘	shi2 fen1 zhong1	no-cc-cedict-entry
十四日	十四日	shi2 si4 ri4	no-cc-cedict-entry
十多年	十多年	shi2 duo1 nian2	no-cc-cedict-entry
十年	十年	shi2 nian2	no-cc-cedict-entry
十点	十點	shi2 dian3	no-cc-cedict-entry
十足目	十足目	shi2 zu2 mu4	no-cc-cedict-entry
十进位制	十進位制	shi2 wei4 jin4	no-cc-cedict-entry
十进分数	十進分數	shi2 jin4 fen1 shu4	no-cc-cedict-entry
十·一	十·一	shi2 · yi1	no-cc-cedict-entry
千山万水	千山萬水	qian1 shan1 wan4 shui3	no-cc-cedict-entry
千年女王	韆年女王	qian1 nian2 ru3 wang4	no-cc-cedict-entry
升幂	升冪	shen1 gmi4	invalid-reading
半个月	半個月	ban4 ge4 yue4	no-cc-cedict-entry
半兽人	半獸人	ban4 shou4 ren2	no-cc-cedict-entry
半城市人	半城市人	ban4 cheng2 shi4 ren2	no-cc-cedict-entry
半年度	半年度	ban4 nian2 du4	no-cc-cedict-entry
半序	半序	ban4 xu4	no-cc-cedict-entry
半日	半日	ban4 ri4	no-cc-cedict-entry
半日花科	半日花科	ban4 ri4 hua1 ke1	no-cc-cedict-entry
半煮蛋	半煮蛋	ban4 zhu3 dan4	no-cc-cedict-entry
半环	半環	ban4 huan2	no-cc-cedict-entry
半身	半身	ban4 shen1	no-cc-cedict-entry
华东地区	華東地區	hua2 dong1 di4 qu1	no-cc-cedict-entry
华二代	華二代	hua2 er4 dai4	no-cc-cedict-entry
华侨银行	華僑銀行	hua2 qiao2 yin2 hang2	no-cc-cedict-entry
华南地区	華南地區	hua2 nan2 di4 qu1	no-cc-cedict-entry
华盛顿杜勒斯国际机场	華盛頓杜勒斯國際機場	hua2 sheng4 dun4 du4 lei1 si1 guo2 ji4 ji1 chang3	no-cc-cedict-entry
华纳神族	華納神族	hua2 na4 shen2 zu2	no-cc-cedict-entry
华纳达尔斯赫努克火山	華納達爾斯赫努克火山	hua2 na4 da2 er3 si1 he4 nu3 ke4 huo3 shan1	no-cc-cedict-entry
华莱士	華萊士	hua2 lai2 shi4	no-cc-cedict-entry
华西村	華西村	Hua2 xi1 Cun1	no-cc-cedict-entry
华西柳莺	華西柳鶯	Hua2 xi1 liu3 ying1	no-cc-cedict-entry
协会会员	協會會員	xie2 hui4 hui4 yuan2	no-cc-cedict-entry
单一同态	單一同態	dan1 yi1 tong2 tai4	no-cc-cedict-entry
单位元素	單位元素	dan1 wei4 yuan2 su4	no-cc-cedict-entry
单位原根	單位原根	dan1 wei4 yuan2 gen1	no-cc-cedict-entry
单位名称	單位名稱	dan1 wei4 ming2 cheng1	no-cc-cedict-entry
单值函数	單值函數	dan1 zhi2 han2 shu4	no-cc-cedict-entry
单叶	單葉	dan1 ye4	no-cc-cedict-entry
单因式	單因式	dan1 yin1 shi4	no-cc-cedict-entry
单孔目	單孔目	dan1 kong3 mu4	no-cc-cedict-entry
单宁的	單寧的	dan1 ning2 de5	no-cc-cedict-entry
单挑	單挑	dan1 tiao1	no-cc-cedict-entry
单机	單機	dan1 ji1	no-cc-cedict-entry
单根	單根	dan1 gen1	no-cc-cedict-entry
单间	單間	dan1 jian1	no-cc-cedict-entry
卖火柴的小女孩	賣火柴的小女孩	mai4 huo3 chai2 de5 xiao3 nu:3 hai2	no-cc-cedict-entry
南乔治亚岛与南桑威奇群岛	南喬治亞島與南桑威奇群島	nan2 qiao2 zhi4 ya4 dao3 yu3 nan2 sang1 wei1 qi2 qun2 dao3	no-cc-cedict-entry
南乔治亚岛和南桑威奇群岛	南喬治亞島和南桑威奇群島	nan2 qiao2 zhi4 ya4 dao3 he4 nan2 sang1 wei1 qi2 qun2 dao3	no-cc-cedict-entry
南国	南國	nan2 guo2	no-cc-cedict-entry
南方人	南方人	nan2 fang1 ren2	no-cc-cedict-entry
南桥	南橋	nan2 qiao2	no-cc-cedict-entry
南河三	南河三	nan2 he2 san1	no-cc-cedict-entry
南科尔多凡州	南科爾多凡州	nan2 ke1 er3 duo1 fan2 zhou1	no-cc-cedict-entry
南美洲国家联盟	南美洲國家聯盟	nan2 mei3 zhou1 guo2 jia1 lian2 meng2	no-cc-cedict-entry
南美洲足球协会	南美洲足球協會	nan2 mei3 zhou1 zu2 qiu2 xie2 hui4	no-cc-cedict-entry
南美角蛙	南美角蛙	nan2 mei3 jue2 wa1	no-cc-cedict-entry
南路	南路	nan2 lu4	no-cc-cedict-entry
南郊	南郊	nan2 jiao1	no-cc-cedict-entry
南部非洲发展共同体	南部非洲發展共同體	nan2 bu4 fei1 zhou1 fa1 zhan3 gong4 tong2 ti3	no-cc-cedict-entry
南风	南風	nan2 feng1	no-cc-cedict-entry
南魏恩斯特拉瑟县	南魏恩斯特拉瑟縣	nan2 wei4 en1 si1 te4 la1 se4 xian4	no-cc-cedict-entry
博采众长	博采眾長	bo2 cai3 zhong4 chang2	no-cc-cedict-entry
卜	蔔	bo5	no-cc-cedict-entry
卜弥格	卜彌格	bu3 mi2 ge2	no-cc-cedict-entry
占城	佔城	Zhan4 cheng2	no-cc-cedict-entry
占有率	占有率	zhan4 you3 lu:4	no-cc-cedict-entry
占贾	佔賈	zhan4 jia3	no-cc-cedict-entry
卡亚俄	卡亞俄	ka3 ya4 e2	no-cc-cedict-entry
卡亚尼	卡亞尼	ka3 ya4 ni2	no-cc-cedict-entry
卡侬	卡儂	ka3 nong2	no-cc-cedict-entry
卡利	卡利	ka3 li4	no-cc-cedict-entry
卡巴	卡巴	ka3 ba1	no-cc-cedict-entry
卡廷大屠杀	卡廷大屠殺	ka3 ting2 da4 tu2 sha1	no-cc-cedict-entry
卡罗	卡羅	ka3 luo1	no-cc-cedict-entry
卡罗维发利电影节	卡羅維發利電影節	ka3 luo2 wei2 fa1 li4 dian4 ying3 jie2	no-cc-cedict-entry
卡西	卡西	ka3 xi1	no-cc-cedict-entry
卡通片	卡通片	ka3 tong1 pian4	no-cc-cedict-entry
卡里	卡里	ka3 li3	no-cc-cedict-entry
卡马拉·哈里斯	卡馬拉·哈里斯	Ka3 ma3 la1 · ha1 li3 si1	no-cc-cedict-entry
卢加诺	盧加諾	lu2 jia1 nuo4	no-cc-cedict-entry
卢昂	盧昂	lu2 ang2	no-cc-cedict-entry
卢本巴希	盧本巴希	lu2 ben3 ba1 xi1	no-cc-cedict-entry
卢瓦尔河地区大区	盧瓦爾河地區大區	Lu2 wa3 er3 he2 di4 qu1 da4 qu1	no-cc-cedict-entry
卦限	卦限	gua4 xian4	no-cc-cedict-entry
卫塞节	衛塞節	wei4 sai1 jie2	no-cc-cedict-entry
卫拉特	衛拉特	wei4 la1 te4	no-cc-cedict-entry
卫星定位	衛星定位	wei4 xing1 ding4 wei4	no-cc-cedict-entry
卫星导航定位	卫星导航定位	wei4 xing1 dao3 hang2 ding4 wei4	no-cc-cedict-entry
卫生事业	衛生事業	wei4 sheng1 shi4 ye4	no-cc-cedict-entry
卫生伐	衛生伐	wei4 sheng1 fa2	no-cc-cedict-entry
卫生部门	衛生部門	wei4 sheng1 bu4 men2	no-cc-cedict-entry
卫生院	衛生院	wei4 sheng1 yuan4	no-cc-cedict-entry
印像	印像	yin4 xiang4	no-cc-cedict-entry
印度楝	印度楝	yin4 duo2 lian4	no-cc-cedict-entry
印度野牛	印度野牛	yin4 du4 ye3 niu2	no-cc-cedict-entry
印钞票	印鈔票	yin4 chao1 piao4	no-cc-cedict-entry
危品	危品	wei1 pin3	no-cc-cedict-entry
危险性	危險性	wei2 xian3 xing4	no-cc-cedict-entry
危险货物运输问题工作队	危險貨物運輸問題工作隊	wei1 xian3 huo4 wu4 yun4 shu1 wen4 ti2 gong1 zuo4 dui4	no-cc-cedict-entry
即席演说	即席演說	ji2 xi2 yan3 shuo1	no-cc-cedict-entry
即时战略	即時戰略	ji2 shi2 zhan4 lu:e4	no-cc-cedict-entry
即时报告	即时报告	ji2 shi2 bao4 gao4	no-cc-cedict-entry
即若	即若	ji2 ruo4	no-cc-cedict-entry
却又	卻又	que4 you4	no-cc-cedict-entry
却说	卻說	que4 shuo1	no-cc-cedict-entry
卵叶女贞	卵葉女貞	luan3 ye4 ru3 zhen1	no-cc-cedict-entry
卷走	卷走	juan3 zou3	no-cc-cedict-entry
卸肩儿	卸肩兒	xie4 jian1 r	no-cc-cedict-entry
历朝历代	歷朝歷代	li4 chao2 li4 dai4	no-cc-cedict-entry
压根儿	壓根兒	ya4 gen1 r	no-cc-cedict-entry
压马路	壓馬路	ya1 ma3 lu4	no-cc-cedict-entry
厘米波	厘米波	li2 mi3 bo1	no-cc-cedict-entry
厚实的	厚實的	hou4 shi2 de5	no-cc-cedict-entry
原产地名称	原產地名稱	yuan2 chan3 di4 ming2 cheng1	no-cc-cedict-entry
原产地命名	原産地命名	yuan2 chan3 di4 ming4 ming2	no-cc-cedict-entry
原创音乐	原創音樂	yuan2 chuang4 yin1 yue4	no-cc-cedict-entry
原因很简单	原因很簡單	yuan2 yin1 hen3 jian3 dan1	no-cc-cedict-entry
原始森林	原始森林	yuan2 shi3 sen1 lin2	no-cc-cedict-entry
原审	原審	yuan2 shen3	no-cc-cedict-entry
原州市	原州市	yuan2 zhou1 shi4	no-cc-cedict-entry
原料药	原料藥	yuan2 liao4 yao4	no-cc-cedict-entry
原油价格	原油價格	yuan2 you2 jia4 ge2	no-cc-cedict-entry
原版	原版	yuan2 ban3	no-cc-cedict-entry
原象	原象	yuan2 xiang4	no-cc-cedict-entry
去全球化	去全球化	qu4 quan2 qiu2 hua4	no-cc-cedict-entry
去妖魔化	去妖魔化	qu4 yao1 mo2 hua4	no-cc-cedict-entry
去尾法	去尾法	qu4 wei3 fa3	no-cc-cedict-entry
去年同期	去年同期	qu4 nian2 tong2 qi1	no-cc-cedict-entry
去过	去過	qu4 guo4	no-cc-cedict-entry
厼	厼	xx5	invalid-reading
厼	厼	xx5	invalid-reading
参加对象	參加對象	can1 jia1 dui4 xiang4	no-cc-cedict-entry
参变积分	參變積分	can1 bian4 ji1 fen1	no-cc-cedict-entry
参考价格	參考價格	can1 kao3 jia4 ge2	no-cc-cedict-entry
参观者	參觀者	can1 guan1 zhe3	no-cc-cedict-entry
参议院临时议长	參議院臨時議長	can1 yi4 yuan4 lin2 shi2 yi4 zhang3	no-cc-cedict-entry
参谋长联席会议	參謀長聯席會議	can1 mou2 zhang3 lian2 xi2 hui4 yi4	no-cc-cedict-entry
又叫	又叫	you4 jiao4	no-cc-cedict-entry
又是	又是	you4 shi4	no-cc-cedict-entry
又要	又要	you4 yao4	no-cc-cedict-entry
叉角羚	叉角羚	cha1 jiao3 ling2	no-cc-cedict-entry
叉角羚科	叉角羚科	cha1 jiao3 ling2 ke1	no-cc-cedict-entry
友尽	友盡	you3 jin3	no-cc-cedict-entry
双二次方程	雙二次方程	shuang1 er4 ci4 fang1 cheng2	no-cc-cedict-entry
双叶	雙葉	shuang1 ye4	no-cc-cedict-entry
双后前兵开局	雙后前兵開局	shuang1 hou4 qian2 bing1 kai1 ju2	no-cc-cedict-entry
双城市	雙城市	Shuang1 cheng2 shi4	no-cc-cedict-entry
双壳纲	雙殼綱	shuang1 ke2 gang1	no-cc-cedict-entry
双子塔	雙子塔	shuang1 zi3 ta3	no-cc-cedict-entry
双层语言	雙層語言	shuang1 ceng2 yu3 yan2	no-cc-cedict-entry
双峰塔	雙峰塔	shuang1 feng1 ta3	no-cc-cedict-entry
双斑绿柳莺	雙斑綠柳鶯	huang1 ban1 lu:4 liu3 ying1	no-cc-cedict-entry
双模	雙模	shuang1 mo2	no-cc-cedict-entry
双生子佯谬	雙生子佯謬	shuang1 sheng1 zi3 yang2 miu4	no-cc-cedict-entry
双稳态	雙穩態	shuang1 wen3 tai4	no-cc-cedict-entry
双筒枪	雙筒槍	shuang1 tong3 qiang1	no-cc-cedict-entry
双纽线	雙紐線	shuang1 niu3 xian4	no-cc-cedict-entry
双线	雙線	shuang1 xian4	no-cc-cedict-entry
双线性	雙線性	shuang1 xian4 xing4	no-cc-cedict-entry
双绞线以太网	雙絞線以太網	shuang1 jiao3 xian4 yi3 tai4 wang3	no-cc-cedict-entry
双通道	雙通道	shuang1 tong1 dao4	no-cc-cedict-entry
双音多频	雙音多頻	shuang1 yin1 duo1 pin2	no-cc-cedict-entry
双马童	雙馬童	shuang1 ma3 tong2	no-cc-cedict-entry
双齿围沙蚕	雙齒圍沙蠶	shuang1 chi3 wei2 sha1 can2	no-cc-cedict-entry
双龙汽车	雙龍汽車	shuang1 long2 qi4 che1	no-cc-cedict-entry
反余弦	反餘弦	fan3 yu2 xian2	no-cc-cedict-entry
反厌食条约	反厭食條約	fan2 yan4 shi3 tiao2 yue1	no-cc-cedict-entry
反号	反號	fan3 hao4	no-cc-cedict-entry
反号数	反號數	fan3 hao4 shu4	no-cc-cedict-entry
反嘴鹬科	反嘴鷸科	fan3 zui3 yu4 ke1	no-cc-cedict-entry
反复推敲	反複推敲	fan3 fu4 tui1 qiao1	no-cc-cedict-entry
反平方定律	反平方定律	fan3 ping2 fang1 ding4 lu:4	no-cc-cedict-entry
反性别消费	反性別消費	fan3 xing4 bie2 xiao1 fei4	no-cc-cedict-entry
反恐精英	反恐精英	fan3 kong3 jing1 ying1	no-cc-cedict-entry
反星族	反星族	fan3 xing1 zu2	no-cc-cedict-entry
反法西斯	反法西斯	fan3 fa3 xi1 si1	no-cc-cedict-entry
反演式	反演式	fan3 yan3 shi4	no-cc-cedict-entry
反病毒	反病毒	fan3 bing4 du2	no-cc-cedict-entry
反钟向	反鍾向	fan3 zhong1 xiang4	no-cc-cedict-entry
反馈值	反馈值	fan3 kui4 zhi2	no-cc-cedict-entry
发信息	發信息	fa1 xin4 xi1	no-cc-cedict-entry
发展到	發展到	fa1 zhan3 dao4	no-cc-cedict-entry
发展史	發展史	fa1 zhan3 shi3	no-cc-cedict-entry
发展规划	發展規劃	fa1 zhan3 gui1 hua4	no-cc-cedict-entry
发展计划	發展計劃	fa1 zhan3 ji4 hua4	no-cc-cedict-entry
发展趋势	發展趨勢	fa1 zhan3 qu1 shi4	no-cc-cedict-entry
发展阶段	發展階段	fa1 zhan3 jie1 duan4	no-cc-cedict-entry
发挥作用	發揮作用	fa1 hui1 zuo4 yong4	no-cc-cedict-entry
发格	發格	fa1 ge2	no-cc-cedict-entry
发涨	發漲	fa1 zhang3	no-cc-cedict-entry
发生关系	發生關系	fa1 sheng1 guan1 xi4	no-cc-cedict-entry
发罗拉	發羅拉	fa1 luo2 la1	no-cc-cedict-entry
发苶	發苶	fa1 nie2	no-cc-cedict-entry
发行量	發行量	fa1 xing2 liang4	no-cc-cedict-entry
发证	發證	fa1 zheng4	no-cc-cedict-entry
发送性短信	發送性短信	fa1 song4 xing4 duan3 xin4	no-cc-cedict-entry
发黄	發黃	fa1 huang2	no-cc-cedict-entry
发黑	發黑	fa1 hei1	no-cc-cedict-entry
叕	叕	jue2	no-cc-cedict-entry
取下	取下	qu3 xia4	no-cc-cedict-entry
取值	取值	qu3 zhi2	no-cc-cedict-entry
取灯儿	取燈兒	qu3 deng1 r	no-cc-cedict-entry
受人尊敬	受人尊敬	shou4 ren2 zun1 jing4	no-cc-cedict-entry
受援国	受援國	shou4 yuan2 guo2	no-cc-cedict-entry
受益者	受益者	shou4 yi4 zhe3	no-cc-cedict-entry
变小	變小	bian4 xiao3	no-cc-cedict-entry
变态老	變態老	bian4 tai4 lao3	no-cc-cedict-entry
变曲点	變曲點	bian4 qu1 dian3	no-cc-cedict-entry
变焦镜头	變焦鏡頭	bian4 jiao1 jing4 tou2	no-cc-cedict-entry
变窄	變窄	bian4 zhai3	no-cc-cedict-entry
变节者	變節者	bian4 jie2 zhe3	no-cc-cedict-entry
变词	變詞	bian4 ci2	no-cc-cedict-entry
变质的	變質的	bian4 zhi2 de5	no-cc-cedict-entry
变频器	變頻器	bian4 pin2 qi4	no-cc-cedict-entry
叙功行赏	敘功行賞	xu4 gong1 xing2 shang3	no-cc-cedict-entry
叙说	敘說	xu4 shuo1	no-cc-cedict-entry
口感顺滑	口感順滑	kou3 gan3 shun4 hua2	no-cc-cedict-entry
口笛	口笛	kou3 di2	no-cc-cedict-entry
古今图书集成	古今圖書集成	gu3 jin1 tu2 shu1 ji2 cheng2	no-cc-cedict-entry
古今大战秦俑情	古今大戰秦俑情	gu3 jin1 dai4 zhan4 qin2 yong3 qing2	no-cc-cedict-entry
古埃及	古埃及	gu3 ai1 ji2	no-cc-cedict-entry
古德洛尔	古德洛爾	gu3 de2 luo4 er3	no-cc-cedict-entry
另一个	另一個	ling4 yi1 ge4	no-cc-cedict-entry
另一种	另一種	ling4 yi1 zhong3	no-cc-cedict-entry
另存为	另存為	ling4 cun2 wei4	no-cc-cedict-entry
只不过	祇不過	zhi3 bu4 guo4	no-cc-cedict-entry
只可惜	隻可惜	zhi1 ke3 xi1	no-cc-cedict-entry
召开会议	召開會議	zhao4 kai1 hui4 yi4	no-cc-cedict-entry
叭叭	叭叭	ba1 ba1	no-cc-cedict-entry
可不	可不	ke3 bu4	no-cc-cedict-entry
可以找到	可以找到	ke3 yi3 zhao3 dao4	no-cc-cedict-entry
可以看出	可以看出	ke3 yi3 kan4 chu1	no-cc-cedict-entry
可以说	可以說	ke3 yi3 shuo1	no-cc-cedict-entry
可以达到	可以達到	ke3 yi3 da2 dao4	no-cc-cedict-entry
可以选择	可以選擇	ke3 yi3 xuan3 ze2	no-cc-cedict-entry
可供食用	可供食用	ke3 gong1 shi2 yong4	no-cc-cedict-entry
可做	可做	ke3 zuo4	no-cc-cedict-entry
可再生能源	可再生能源	ke3 zai4 sheng1 neng2 yuan2	no-cc-cedict-entry
可利用	可利用	ke3 li4 yong4	no-cc-cedict-entry
可利用性	可利用性	ke3 li4 yong4 xing4	no-cc-cedict-entry
可及	可及	ke3 ji2	no-cc-cedict-entry
可增加	可增加	ke3 zeng1 jia1	no-cc-cedict-entry
可容许最大石棉浓度	可容许最大石棉浓度	ke3 rong2 xu3 zui4 dai4 shi2 mian2 nong2 duo2	no-cc-cedict-entry
可序	可序	ke3 xu4	no-cc-cedict-entry
可度量空间	可度量空間	ke3 du4 liang4 kong1 jian1	no-cc-cedict-entry
可度长	可度長	ke3 du4 chang2	no-cc-cedict-entry
可归化	可歸化	ke3 gui1 hua4	no-cc-cedict-entry
可得到	可得到	ke3 de2 dao4	no-cc-cedict-entry
可想	可想	ke3 xiang3	no-cc-cedict-entry
可执行文件	可執行文件	ke3 zhi2 xing2 wen2 jian4	no-cc-cedict-entry
可接受	可接受	ke3 jie1 shou4	no-cc-cedict-entry
可控	可控	ke3 kong4	no-cc-cedict-entry
可推出	可推出	ke3 tui1 chu1	no-cc-cedict-entry
可操作	可操作	ke3 cao1 zuo4	no-cc-cedict-entry
可望取胜者	可望取勝者	ke3 wang4 qu3 sheng4 zhe3	no-cc-cedict-entry
可求长	可求長	ke3 qiu2 chang2	no-cc-cedict-entry
可测	可測	ke3 ce4	no-cc-cedict-entry
可满足	可滿足	ke3 man3 zu2	no-cc-cedict-entry
可爱实力	可愛實力	ke3 ai4 shi2 li4	no-cc-cedict-entry
可用	可用	ke3 yong4	no-cc-cedict-entry
可用性	可用性	ke3 yong4 xing4	no-cc-cedict-entry
可笑的	可笑的	ke3 xiao4 de5	no-cc-cedict-entry
可获得	可獲得	ke3 huo4 de2	no-cc-cedict-entry
可行性研究	可行性研究	ke3 xing2 xing4 yan2 jiu1	no-cc-cedict-entry
可视	可視	ke3 shi4	no-cc-cedict-entry
可触	可觸	ke3 chu4	no-cc-cedict-entry
可调节	可調節	ke3 tiao2 jie2	no-cc-cedict-entry
可达	可達	ke3 da2	no-cc-cedict-entry
可选择	可選擇	ke3 xuan3 ze2	no-cc-cedict-entry
可通过	可通過	ke3 tong1 guo4	no-cc-cedict-entry
可防止	可防止	ke3 fang2 zhi3	no-cc-cedict-entry
台伯岛	颱伯島	tai2 bo2 dao3	no-cc-cedict-entry
台北赤蛙	颱北赤蛙	tai2 bei3 chi4 wa1	no-cc-cedict-entry
台湾人	台灣人	tai2 wan1 ren2	no-cc-cedict-entry
台湾地区	台灣地區	tai2 wan1 di4 qu1	no-cc-cedict-entry
台湾桃园国际机场	臺灣桃園國際機場	tai2 wan1 tao2 yuan2 guo2 ji4 ji1 chang3	no-cc-cedict-entry
台湾问题	台灣問題	tai2 wan1 wen4 ti2	no-cc-cedict-entry
史密斯夫妇	史密斯夫婦	shi3 mi4 si1 fu2 fu4	no-cc-cedict-entry
史特龙	史特龍	Shi3 te4 long2	no-cc-cedict-entry
史蒂夫·乔布斯	史蒂夫·喬布斯	Shi3 di4 fu1 · Qiao2 bu4 si1	no-cc-cedict-entry
右下角	右下角	you4 xia4 jiao3	no-cc-cedict-entry
右手坐标系	右手坐標系	you4 shou3 zuo4 biao1 xi4	no-cc-cedict-entry
右手持拍	右手持拍	you4 shou3 chi2 pai1	no-cc-cedict-entry
右键	右鍵	you4 jian4	no-cc-cedict-entry
叶伊斯克	葉伊斯克	ye4 yi1 si1 ke4	no-cc-cedict-entry
叶恭弘	葉恭弘	ye4 gong1 hong2	no-cc-cedict-entry
叶柄点	葉柄點	ye4 bing3 dian3	no-cc-cedict-entry
叶柄窦	葉柄竇	ye4 bing3 dou4	no-cc-cedict-entry
叶立德	葉立德	ye4 li4 de2	no-cc-cedict-entry
叶纳基耶沃	葉納基耶沃	ye4 na4 ji1 ye1 wo4	no-cc-cedict-entry
叶身	葉身	ye4 shen1	no-cc-cedict-entry
叶马拉	吉丝兰	ye4 ma3 la1	no-cc-cedict-entry
司法解释	司法解釋	si1 fa3 jie3 shi4	no-cc-cedict-entry
吃	吃	ji2	no-cc-cedict-entry
吃了	吃了	chi1 le5	no-cc-cedict-entry
吃包子	吃包子	chi1 bao1 zi5	no-cc-cedict-entry
吃喜酒	吃喜酒	chi1 xi3 jiu3	no-cc-cedict-entry
吃嘴巴子	吃嘴巴子	chi1 zui3 ba1 zi5	no-cc-cedict-entry
吃屁	吃屁	chi1 pi4	no-cc-cedict-entry
吃枪子	吃槍子	chi1 qiang1 zi3	no-cc-cedict-entry
吃耳光	吃耳光	chi1 er3 guang1	no-cc-cedict-entry
吃肉	吃肉	chi1 rou4	no-cc-cedict-entry
吃过	吃過	chi1 guo4	no-cc-cedict-entry
吃饱了撑的	吃飽了撐的	chi1 bao3 le5 cheng1 de5	no-cc-cedict-entry
吃馒头	吃饅頭	chi1 man2 tou5	no-cc-cedict-entry
各方面	各方面	ge4 fang1 mian4	no-cc-cedict-entry
各省	各省	ge4 sheng3	no-cc-cedict-entry
各种颜色	各種顏色	ge4 zhong3 yan2 se4	no-cc-cedict-entry
各项	各項	ge4 xiang4	no-cc-cedict-entry
合伦	合倫	he2 lun2	no-cc-cedict-entry
合作协议	合作協議	he2 zuo4 xie2 yi4	no-cc-cedict-entry
合作无国界组织	合作無國界組織	he2 zuo4 wu2 guo2 jie4 zu3 zhi1	no-cc-cedict-entry
合同阵	合同陣	he2 tong2 zhen4	no-cc-cedict-entry
合格者	合格者	he2 ge2 zhe3	no-cc-cedict-entry
合法权益	合法權益	he2 fa3 quan2 yi4	no-cc-cedict-entry
合理利用	合理利用	he2 li3 li4 yong4	no-cc-cedict-entry
合资企业	合資企業	he2 zi1 qi3 ye4	no-cc-cedict-entry
合运动	合運動	he2 yun4 dong4	no-cc-cedict-entry
吉丁士	吉丁士	ji2 ding1 shi4	no-cc-cedict-entry
吉妮	吉姆	ji2 ni1	no-cc-cedict-entry
吉姆	吉娜	ji2 mu3	no-cc-cedict-entry
吉尔	吉爾	ji2 er3	no-cc-cedict-entry
吉屋出租	吉屋出租	ji2 wu1 chu1 zu1	no-cc-cedict-entry
吉诺卡斯特	吉諾卡斯特	ji2 nuo4 ka3 si1 te4	no-cc-cedict-entry
吉隆坡国际机场	吉隆坡國際機場	ji2 long2 po1 guo2 ji4 ji1 chang3	no-cc-cedict-entry
吊丝	吊絲	diao4 si1	no-cc-cedict-entry
同一天	同一天	tong2 yi1 tian1	no-cc-cedict-entry
同乡亲故	同鄉親故	tong2 xiang1 qin1 gu4	no-cc-cedict-entry
同位角	同位角	tong2 wei4 jiao3	no-cc-cedict-entry
同住	同住	tong2 zhu4	no-cc-cedict-entry
同分	同分	tong2 fen1	no-cc-cedict-entry
同号	同號	tong2 hao4	no-cc-cedict-entry
同学们	同學們	tong2 xue2 men5	no-cc-cedict-entry
同学会	同學會	tong2 xue2 hui4	no-cc-cedict-entry
同志亦凡人	同志亦凡人	tong2 zhi4 yi4 fan2 ren2	no-cc-cedict-entry
同志们	同志們	tong2 zhi4 men5	no-cc-cedict-entry
同性婚姻法	同性婚姻法	tong2 xing4 hun1 yin1 fa3	no-cc-cedict-entry
同旁内角	同旁內角	tong2 pang2 nei4 jiao3	no-cc-cedict-entry
同温层红外线天文台	同溫層紅外線天文台	tong2 wen1 ceng2 hong2 wai4 xian4 tian1 wen2 tai2	no-cc-cedict-entry
名气	名氣	ming2 qi4	no-cc-cedict-entry
名着	名著	ming2 zhu4	no-cc-cedict-entry
后市	後市	hou4 shi4	no-cc-cedict-entry
后杭爱省	後杭愛省	hou4 hang2 ai4 xing3	no-cc-cedict-entry
后此谬误	後此謬誤	hou4 ci3 miu4 wu4	no-cc-cedict-entry
后现代	後現代	hou4 xian4 dai4	no-cc-cedict-entry
后继	後繼	hou4 ji4	no-cc-cedict-entry
后醍醐天皇	後醍醐天皇	hou4 ti2 hu2 tian1 huang2	no-cc-cedict-entry
后面	後面	hou4 mian4	no-cc-cedict-entry
吐出	吐出	tu4 chu1	no-cc-cedict-entry
吐司面包	吐司面包	tu3 si1 mian4 bao4	no-cc-cedict-entry
向东	向東	xiang4 dong1	no-cc-cedict-entry
向北	向北	xiang4 bei3	no-cc-cedict-entry
向南	向南	xiang4 nan2	no-cc-cedict-entry
向右	向右	xiang4 you4	no-cc-cedict-entry
向家坝水电站	向家壩水電站	Xiang4 jia1 ba4 shui3 dian4 zhan4	no-cc-cedict-entry
向左	向左	xiang4 zuo3	no-cc-cedict-entry
向心加速度	向心加速度	xiang4 xin1 jia1 su4 du4	no-cc-cedict-entry
向相反的方向	向相反的方向	xiang4 xiang1 fan3 de5 fang1 xiang4	no-cc-cedict-entry
向西	向西	xiang4 xi1	no-cc-cedict-entry
向量组	向量組	xiang4 liang4 zu3	no-cc-cedict-entry
吓得	嚇得	xia4 de5	no-cc-cedict-entry
吓死	嚇死	xia4 si3	no-cc-cedict-entry
吕门	呂門	lu:3 men2	no-cc-cedict-entry
吞下	吞下	tun1 xia4	no-cc-cedict-entry
吞剑	吞劍	tun1 jian4	no-cc-cedict-entry
吞食性爱好	吞食性愛好	tun1 shi2 xing4 ai4 hao4	no-cc-cedict-entry
吩咐	吩咐	fen1 fu4	no-cc-cedict-entry
含沙	含沙	han2 sha1	no-cc-cedict-entry
听	聽	ting4	no-cc-cedict-entry
听得见	聽得見	ting1 de2 jian4	no-cc-cedict-entry
听歌	聽歌	ting1 ge1	no-cc-cedict-entry
听证	聽證	ting1 zheng4	no-cc-cedict-entry
听说过	聽說過	ting1 shuo1 guo5	no-cc-cedict-entry
听音乐	聽音樂	ting1 yin1 yue4	no-cc-cedict-entry
吱吱	吱吱	zi1 zi1	no-cc-cedict-entry
吵吵	吵吵	chao3 chao3	no-cc-cedict-entry
吵吵闹闹	吵吵鬧鬧	chao3 chao3 nao4 nao4	no-cc-cedict-entry
吸干	吸乾	xi1 gan1	no-cc-cedict-entry
吸引人	吸引人	xi1 yin3 ren2	no-cc-cedict-entry
吸热潜力	吸熱潛力	xi1 re4 qian2 li4	no-cc-cedict-entry
吸血	吸血	xi1 xie3	no-cc-cedict-entry
吸血姬美夕	吸血姬美夕	xi1 xie3 ji1 mei3 xi1	no-cc-cedict-entry
吸血蝙蝠	吸血蝙蝠	xi1 xie3 bian1 fu2	no-cc-cedict-entry
吸血鬼之避世救赎	吸血鬼之避世救贖	xi1 xue4 gui3 zhi1 bi4 shi4 jiu4 shu2	no-cc-cedict-entry
吹牛逼	吹牛逼	chui1 niu2 bi1	no-cc-cedict-entry
吹田市	吹田市	chui1 tian2 shi4	no-cc-cedict-entry
吹胡子瞪眼	吹胡子瞪眼	chui1hu2zi5 deng4yan3	no-cc-cedict-entry
吻友	吻友	wen3 you3	no-cc-cedict-entry
呃啊	呃啊	e4 a	no-cc-cedict-entry
呆在	獃在	dai1 zai4	no-cc-cedict-entry
告上	告上	gao4 shang4	no-cc-cedict-entry
呐	吶	ne5	no-cc-cedict-entry
呔	呔	tai1	no-cc-cedict-entry
员山	員山	Yuan2 shan1	no-cc-cedict-entry
呜噜	嗚嚕	wu1 lu1	no-cc-cedict-entry
呢	呢	ni1	no-cc-cedict-entry
周围环境	周圍環境	zhou1 wei2 huan2 jing4	no-cc-cedict-entry
周家	周家	zhou1 jia1	no-cc-cedict-entry
呪	呪	zhou4	no-cc-cedict-entry
呱嗒	呱嗒	gua1 da1	no-cc-cedict-entry
味儿	味兒	wei4 r	no-cc-cedict-entry
味而多	味而多	wei4 er2 duo1	no-cc-cedict-entry
呼噜	呼嚕	hu1 lu5	no-cc-cedict-entry
命令行界面	命令行界麵	ming4 ling4 xing2 jie4 mian4	no-cc-cedict-entry
命数法	命數法	ming4 shu4 fa3	no-cc-cedict-entry
命运之力	命運之力	ming4 yun4 zhi1 li4	no-cc-cedict-entry
咋	咋	zha4	no-cc-cedict-entry
咋舌	咋舌	zha4 she2	no-cc-cedict-entry
和谐式客机	和諧式客機	he2 xie2 shi4 ke4 ji1	no-cc-cedict-entry
和谐社会	和諧社會	he2 xie2 she4 hui4	no-cc-cedict-entry
咕咕	咕咕	gu1 gu1	no-cc-cedict-entry
咕嘟	咕嘟	gu1 du1	no-cc-cedict-entry
咕隆	咕隆	gu1 long1	no-cc-cedict-entry
咖啡婊	咖啡婊	ka1 fei1 biao3	no-cc-cedict-entry
咨询服务	咨詢服務	zi1 xun2 fu2 wu4	no-cc-cedict-entry
咨询顾问	咨询顾问	zi1 xun2 gu4 wen4	no-cc-cedict-entry
咩咩	咩咩	mie1 mie1	no-cc-cedict-entry
咪咪流浪记	咪咪流浪記	mi1 mi1 liu2 lang4 ji4	no-cc-cedict-entry
咪走堂	咪走堂	mi1 zou3 tang2	no-cc-cedict-entry
咬住	咬住	yao3 zhu4	no-cc-cedict-entry
咬吻	咬吻	yao3 wen3	no-cc-cedict-entry
咬断	咬斷	yao3 duan4	no-cc-cedict-entry
咼	咼	Guo1	no-cc-cedict-entry
咿咿	咿咿	yi1 yi1	no-cc-cedict-entry
品克湖	品剋湖	pin3 ke4 hu2	no-cc-cedict-entry
品牌战略	品牌戰略	pin3 pai2 zhan4 lu:e4	no-cc-cedict-entry
哈	哈	han4	no-cc-cedict-entry
哈中族	哈中族	ha1 zhong1 zu2	no-cc-cedict-entry
哈利波特	哈利波特	ha1 li4 bo1 te4	no-cc-cedict-entry
哈尔	哈爾	ha1 er3	no-cc-cedict-entry
哈德良堡	哈德良堡	ha1 de2 liang2 bao3	no-cc-cedict-entry
响应式网络设计	響應式網絡設計	xiang3 ying4 shi4 wang3 luo4 she4 ji4	no-cc-cedict-entry
响应式网页设计	響應式網頁設計	xiang3 ying4 shi4 wang3 ye4 she4 ji4	no-cc-cedict-entry
响应式设计	響應式設計	xiang3 yìng4 shi4 she4 ji4	no-cc-cedict-entry
哑哑	啞啞	ya1 ya1	no-cc-cedict-entry
哒哒	噠噠	da1 da1	no-cc-cedict-entry
哥们儿	哥們兒	ge1 men5 r	no-cc-cedict-entry
哥斯达黎加国家足球队	哥斯達黎加國家足球隊	ge1 si1 da2 li2 jia1 guo2 jia1 zu2 qiu2 dui4	no-cc-cedict-entry
哦	哦	o	no-cc-cedict-entry
哩	哩	li1	no-cc-cedict-entry
哪一种	哪一種	na3 yi1 zhong3	no-cc-cedict-entry
哪位	哪位	na3 wei4	no-cc-cedict-entry
哪儿	哪兒	na3 r	no-cc-cedict-entry
哪儿的话	哪兒的話	na3 r de5 hua4	no-cc-cedict-entry
哪儿跟哪儿	哪兒跟哪兒	na3 r gen1 na3 r	no-cc-cedict-entry
哭泣游戏	哭泣遊戲	ku1 qi4 you2 xi4	no-cc-cedict-entry
哮	哮	xiao1	no-cc-cedict-entry
哼哼	哼哼	heng1 heng1	no-cc-cedict-entry
唐纳德·川普	唐納德·川普	Tang2 na4 de2 · Chuan1 pu3	no-cc-cedict-entry
唐纳德·特朗普	唐納德·特朗普	Tang2 na4 de2 · Te4 lang3 pu3	no-cc-cedict-entry
唐纳德·特朗普	唐納德·特朗普	Tang2 na4 de2 · Te4 lang3 pu3	no-cc-cedict-entry
售出	售出	shou4 chu1	no-cc-cedict-entry
唯我论	唯我論	wei2 wo3 lun2	no-cc-cedict-entry
唱喏	唱喏	chang4 nuo4	no-cc-cedict-entry
唸	唸	nian4	no-cc-cedict-entry
唾蛇	唾蛇	tuo4 she2	no-cc-cedict-entry
商业性	商業性	shang1 ye4 xing4	no-cc-cedict-entry
商业秘密	商業秘密	shang1 ye4 mi4 mi4	no-cc-cedict-entry
商业街	商業街	shang1 ye4 jie1	no-cc-cedict-entry
商厦	商廈	shang1 sha4	no-cc-cedict-entry
商品名	商品名	shang1 pin3 ming2	no-cc-cedict-entry
商品粮农场	商品糧農場	shang1 pin3 liang2 nong2 chang3	no-cc-cedict-entry
商集	商集	shang1 ji2	no-cc-cedict-entry
啊	啊	a	no-cc-cedict-entry
啊嚏	啊嚏	a ti4	no-cc-cedict-entry
啓	啓	qi3	no-cc-cedict-entry
啗	啗	dan4	no-cc-cedict-entry
啪唧	啪唧	ba1 ji1	no-cc-cedict-entry
啰唆	囉唆	luo1 suo1	no-cc-cedict-entry
啾啾	啾啾	jiu1 jiu1	no-cc-cedict-entry
喀琅施塔得	喀琅施塔得	ke4 lang2 shi1 ta3 de2	no-cc-cedict-entry
善恶的彼岸	善惡的彼岸	shan4 e4 de5 bi3 an4	no-cc-cedict-entry
喇舌	喇舌	la3 she2	no-cc-cedict-entry
喉须鲛科	喉鬚鮫科	hou2 xu1 jiao1 ke1	no-cc-cedict-entry
喔	喔	wo5	no-cc-cedict-entry
喔呒	喔呒	o1 fu3	no-cc-cedict-entry
喜剧片	喜劇片	xi3 ju4 pian4	no-cc-cedict-entry
喜山鵟	喜山鵟	Xi3 Shan1 kuang2	no-cc-cedict-entry
喝完	喝完	he1 wan2	no-cc-cedict-entry
喝水	喝水	he1 shui3	no-cc-cedict-entry
喫	喫	chi1	no-cc-cedict-entry
喵喵	喵喵	miao1 miao1	no-cc-cedict-entry
喷墨打印机	噴墨打印機	pen1 mo4 da3 yin4 ji1	no-cc-cedict-entry
嗅到	嗅到	xiu4 dao4	no-cc-cedict-entry
嗒嗒	嗒嗒	da1 da1	no-cc-cedict-entry
嗝儿屁	嗝兒屁	ge2 r pi4	no-cc-cedict-entry
嗟	嗟	jue1	no-cc-cedict-entry
嗯昂	嗯昂	n2 ang2	no-cc-cedict-entry
嗷呜	嗷嗚	ao2 wu1	no-cc-cedict-entry
嘉阳爱子	嘉陽愛子	jia1 yang2 ai4 zi3	no-cc-cedict-entry
嘌	嘌	piao1	no-cc-cedict-entry
嘟嘟	嘟嘟	du1 du5	no-cc-cedict-entry
嘱咐	囑咐	zhu3 fu4	no-cc-cedict-entry
嘻嘻哈哈	嘻嘻哈哈	xi1 xi5 ha1 ha1	no-cc-cedict-entry
嘻笑节	嘻笑節	xi1 xiao4 jie2	no-cc-cedict-entry
噁	噁	wu4	no-cc-cedict-entry
噅	噅	hui1	no-cc-cedict-entry
噉	噉	dan4	no-cc-cedict-entry
噗嗵	噗嗵	pu1 tong1	no-cc-cedict-entry
噢噢噢	噢噢噢	o1 o1 o1	no-cc-cedict-entry
噹	噹	dang1	no-cc-cedict-entry
嚥	嚥	yan4	no-cc-cedict-entry
嚼	嚼	jue2	no-cc-cedict-entry
嚼劲儿	嚼勁兒	jiao2 jin4 r	no-cc-cedict-entry
四个	四個	si4 ge5	no-cc-cedict-entry
四书五经	四書五經	si4 shu1 wu3 jing1	no-cc-cedict-entry
四分位数范围	四分位數範圍	si4 fen1 wei4 shu4 fan4 wei2	no-cc-cedict-entry
四千	四千	si4 qian1	no-cc-cedict-entry
四天	四天	si4 tian1	no-cc-cedict-entry
四川好人	四川好人	si4 chuan1 hao3 ren2	no-cc-cedict-entry
四年	四年	si4 nian2	no-cc-cedict-entry
四年前	四年前	si4 nian2 qian2	no-cc-cedict-entry
四年级	四年級	si4 nian2 ji2	no-cc-cedict-entry
四点	四點	si4 dian3	no-cc-cedict-entry
四百	四百	si4 bai3	no-cc-cedict-entry
四眼负鼠属	四眼負鼠屬	si4 yan3 fu4 shu3 shu3	no-cc-cedict-entry
回到未来	回到未來	hui2 dao4 wei4 lai2	no-cc-cedict-entry
回声强度	回聲強度	hui2 sheng1 qiang3 duo2	no-cc-cedict-entry
回归系数	回歸系數	hui2 gui1 xi4 shu4	no-cc-cedict-entry
因势	因勢	yin1 shi4	no-cc-cedict-entry
因塔	因塔	yin1 ta3	no-cc-cedict-entry
因弗克莱德	因弗克萊德	yin1 fu2 ke4 lai2 de2	no-cc-cedict-entry
因弗卡吉尔	因弗卡吉爾	yin1 fu2 ka3 ji2 er3	no-cc-cedict-entry
因果关系	因果關係	yin1 guo3 guan1 xi5	no-cc-cedict-entry
因皮里尔县	因皮里爾縣	yin1 pi2 li3 er3 xian4	no-cc-cedict-entry
团体旅游	團體旅遊	tuan2 ti3 lu:3 you2	no-cc-cedict-entry
困乏	困乏	kun4 fa2	no-cc-cedict-entry
囱门	囪門	cong1 men2	no-cc-cedict-entry
围起来	圍起來	wei1 qi2 lai3	no-cc-cedict-entry
囷	囷	jun1	no-cc-cedict-entry
固定汇率	固定匯率	gu4 ding4 hui4 lu:4	no-cc-cedict-entry
国产凌凌漆	國產凌凌漆	guo2 chan3 ling2 ling2 qi1	no-cc-cedict-entry
国内市场	國內市場	guo2 nei4 shi4 chang3	no-cc-cedict-entry
国后岛	國後島	guo2 hou4 dao3	no-cc-cedict-entry
国家一级	国家一级	guo2 jia1 yi1 ji2	no-cc-cedict-entry
国家主任	国家主任	guo2 jia1 zhu3 ren4	no-cc-cedict-entry
国家公务员	國家公務員	guo2 jia1 gong1 wu4 yuan2	no-cc-cedict-entry
国家利益	國家利益	guo2 jia1 li4 yi4	no-cc-cedict-entry
国家司法研究所	国家司法研究所	guo2 jia1 si1 fa3 yan2 jiu1 suo3	no-cc-cedict-entry
国家机关	國家機關	guo2 jia1 ji1 guan1	no-cc-cedict-entry
国家标准	國家標準	guo2 jia1 biao1 zhun3	no-cc-cedict-entry
国家民族建设	国家民族建设	guo2 jia1 min2 zu2 jian4 she4	no-cc-cedict-entry
国家气象水文部门	國家气象水文部門	guo2 jia1 qi4 xiang4 shui3 wen2 bu4 men2	no-cc-cedict-entry
国家烟草专卖局	國家煙草專賣局	guo2 jia1 yan1 cao3 zhuan1 mai4 ju5	no-cc-cedict-entry
国家税务总局	國家稅務總局	guo2 jia1 shui4 wu4 zong3 ju2	no-cc-cedict-entry
国家自然历史博物馆	國家自然歷史博物館	guo2 jia1 zi4 ran2 li4 shi3 bo2 wu4 guan3	no-cc-cedict-entry
国家航空航天局	國家航空航天局	guo2 jia1 hang2 kong1 hang2 tian1 ju2	no-cc-cedict-entry
国泰	國泰	Guo2 tai4	no-cc-cedict-entry
国王与我	國王與我	guo2 wang2 yu3 wo3	no-cc-cedict-entry
国税	國稅	guo2 shui4	no-cc-cedict-entry
国际上	國際上	guo2 ji4 shang4	no-cc-cedict-entry
国际互联网	國際互聯網	guo2 ji4 hu4 lian2 wang3	no-cc-cedict-entry
国际人权法	國際人權法	guo2 ji4 ren2 quan2 fa3	no-cc-cedict-entry
国际区域	國際區域	guo2 ji4 qu1 yu4	no-cc-cedict-entry
国际医疗紧急救济组织	國際醫療緊急救濟組織	guo2 ji4 yi1 liao2 jin3 ji2 jiu4 ji4 zu3 zhi1	no-cc-cedict-entry
国际合作	國際合作	guo2 ji4 he2 zuo4	no-cc-cedict-entry
国际唱片业协会	國際唱片業協會	guo2 ji4 chang4 pian4 ye4 xie2 hui4	no-cc-cedict-entry
国际商业信贷银行	國際商業信貸銀行	guo2 ji4 shang1 ye4 xin4 dai4 yin2 hang2	no-cc-cedict-entry
国际地质科学联盟	國際地質科學聯盟	guo2 ji4 di5 zhi4 ke1 xue2 lian2 meng2	no-cc-cedict-entry
国际市场	國際市場	guo2 ji4 shi4 chang3	no-cc-cedict-entry
国际数学家大会	國際數學家大會	guo2 ji4 shu4 xue2 jia1 da4 hui4	no-cc-cedict-entry
国际旅游	國際旅遊	guo2 ji4 lu:3 you2	no-cc-cedict-entry
国际旅行人员健康体检记录	國際旅行人員健康體檢記錄	guo2 ji4 lv3 xing2 ren2 yuan2 jian4 kang1 ti3 jian3 ji4 lu4	no-cc-cedict-entry
国际标准	國際標準	guo2 ji4 biao1 zhun3	no-cc-cedict-entry
国际海洋法法庭	國際海洋法法庭	guo2 ji4 hai3 yang2 fa3 fa3 ting2	no-cc-cedict-entry
国际消除贫困日	國際消除貧困日	guo2 ji4 xiao1 chu2 pin2 kun1 ri5	no-cc-cedict-entry
国际电联电信标准化部门	國際電聯電信標准化部門	guo2 ji4 dian4 lian2 dian4 xin4 biao1 zhun3 hua4 bu4 men2	no-cc-cedict-entry
国际科学奥林匹克	國際科學奧林匹克	guo2 ji4 ke1 xue2 ao4 lin2 pi3 ke4	no-cc-cedict-entry
国际红十字与红新月运动	國際紅十字與紅新月運動	guo2 ji4 hong2 shi2 zi4 yu3 hong2 xin1 yue4 yun4 dong4	no-cc-cedict-entry
国际纯粹与应用化学联合会	國際純粹與應用化學聯合會	guo2 ji4 chun2 cui4 yu3 ying4 yong4 hua4 xue2 lian2 he2 hui4	no-cc-cedict-entry
国际足协沙滩足球世界盃	國際足協沙灘足球世界盃	guo2 ji4 zu2 xie2 sha1 tan1 zu2 qiu2 shi4 jie4 bei1	no-cc-cedict-entry
国际足联联合会杯足球赛	國際足聯聯合會杯足球賽	guo2 ji4 zu2 lian2 lian2 he2 hui4 bei1 zu2 qiu2 sai4	no-cc-cedict-entry
图书目录	圖書目錄	tu2 shu1 mu4 lu4	no-cc-cedict-entry
图库	圖庫	tu2 ku4	no-cc-cedict-entry
图文巴	圖文巴	tu2 wen2 ba1	no-cc-cedict-entry
图文并茂	圖文並茂	tu2 wen2 bing4 mao4	no-cc-cedict-entry
图论	圖論	tu2 lun2	no-cc-cedict-entry
图雅的婚事	圖雅的婚事	tu2 ya3 de5 hun1 shi4	no-cc-cedict-entry
圆仔	圓仔	yuan2 zi3	no-cc-cedict-entry
圆内切多边形	圓內切多邊形	yuan2 nei4 qie1 duo1 bian1 xing2	no-cc-cedict-entry
圆内接多边形	圓內接多邊形	yuan2 nei4 jie1 duo1 bian1 xing2	no-cc-cedict-entry
圆内旋轮线	圓內旋輪線	yuan2 nei4 xuan2 lun2 xian4	no-cc-cedict-entry
圆台	圓台	yuan2 tai2	no-cc-cedict-entry
圆周角	圓周角	yuan2 zhou1 jiao3	no-cc-cedict-entry
圆外旋轮线	圓外旋輪線	yuan2 wai4 xuan2 lun2 xian4	no-cc-cedict-entry
圆心角	圓心角	yuan2 xin1 jiao3	no-cc-cedict-entry
圆融天皇	圓融天皇	yuan2 rong2 tian1 huang2	no-cc-cedict-entry
圆雕	圓雕	yuan2 diao1	no-cc-cedict-entry
國家地理	国家地理	guo2 jia1 di4 li3	no-cc-cedict-entry
土地使用权	土地使用權	tu3 di4 shi3 yong4 quan2	no-cc-cedict-entry
土地利用	土地利用	tu3 di4 li4 yong4	no-cc-cedict-entry
土地开发	土地開發	tu3 di4 kai1 fa1	no-cc-cedict-entry
土地管理	土地管理	tu3 di4 guan3 li3	no-cc-cedict-entry
土瓦	土瓦	tu3 wa3	no-cc-cedict-entry
土着	土著	tu3 zhu4	no-cc-cedict-entry
土耳其大国民议会	土耳其大國民議會	tu3 er3 qi2 da4 guo2 min2 yi4 hui4	no-cc-cedict-entry
土耳其足球超级联赛	土耳其足球超級聯賽	tu3 er3 qi2 zu2 qiu2 chao1 ji2 lian2 sai4	no-cc-cedict-entry
土色	土色	tu3 se4	no-cc-cedict-entry
土鲁番	土魯番	Tu3 lu3 fan1	no-cc-cedict-entry
圣伯多禄广场	聖伯多祿廣場	sheng4 bo2 duo1 lu4 guang3 chang3	no-cc-cedict-entry
圣劳伦斯	聖勞倫斯	sheng4 lao2 lun2 si1	no-cc-cedict-entry
圣地亚哥流浪者体育俱乐部	聖地亞哥流浪者體育俱樂部	sheng4 di4 ya4 ge1 liu2 lang4 zhe3 ti3 yu4 ju4 le4 bu4	no-cc-cedict-entry
圣地牙哥加利福尼亚大学	聖地牙哥加利福尼亞大學	sheng4 di4 ya2 ge1 jia1 li4 fu2 ni2 ya4 da4 xue2	no-cc-cedict-entry
圣天	聖天	sheng4 tian1	no-cc-cedict-entry
圣女	聖女	sheng4 nu:3	no-cc-cedict-entry
圣女天团	聖女天糰	sheng4 ru3 tian1 tuan2	no-cc-cedict-entry
圣女魔咒	聖女魔咒	sheng4 nu:3 mo2 zhou4	no-cc-cedict-entry
圣安德烈	聖安德烈	sheng4 an1 de2 lie4	no-cc-cedict-entry
圣安德烈亚斯断层	聖安德烈亞斯斷層	sheng4 an1 de2 lie4 ya4 si1 duan4 ceng2	no-cc-cedict-entry
圣尼古拉	聖尼古拉	sheng4 ni2 gu3 la1	no-cc-cedict-entry
圣尼古拉斯日	聖尼古拉斯日	sheng4 ni2 gu3 la1 si1 ri4	no-cc-cedict-entry
圣巴托洛缪大屠杀	聖巴託洛繆大屠殺	sheng4 ba1 tuo1 luo4 miao4 da4 tu2 sha1	no-cc-cedict-entry
圣康坦	聖康坦	Sheng4 kang1 tan3	no-cc-cedict-entry
圣斯皮里图斯市	聖斯皮里圖斯市	sheng4 si1 pi2 li3 tu2 si1 shi4	no-cc-cedict-entry
圣洛	聖洛	sheng4 luo4	no-cc-cedict-entry
圣淘沙	聖淘沙	sheng4 tao2 sha1	no-cc-cedict-entry
圣特罗佩	聖特羅佩	sheng4 te4 luo1 pei4	no-cc-cedict-entry
圣莫尔德福塞	聖莫爾德福塞	Sheng4 mo4 er3 de2 fu2 sai1	no-cc-cedict-entry
圣菲利普联合体育俱乐部	聖菲利普聯合體育俱樂部	sheng4 fei1 li4 pu3 lian2 he2 ti3 yu4 ju4 le4 bu4	no-cc-cedict-entry
圣骑士	聖騎士	sheng4 qi2 shi4	no-cc-cedict-entry
在上面	在上面	zai4 shang4 mian4	no-cc-cedict-entry
在后面	在後面	zai4 hou4 mian4	no-cc-cedict-entry
在国内外	在國內外	zai4 guo2 nei4 wai4	no-cc-cedict-entry
在国外	在國外	zai4 guo2 wai4	no-cc-cedict-entry
在地上	在地上	zai4 di4 shang5	no-cc-cedict-entry
在地吃	在地吃	zai4 di4 chi1	no-cc-cedict-entry
在实践中	在實踐中	zai4 shi2 jian4 zhong1	no-cc-cedict-entry
在工作中	在工作中	zai4 gong1 zuo4 zhong1	no-cc-cedict-entry
在布鲁日	在布魯日	zai4 bu4 lu3 ri4	no-cc-cedict-entry
在所不惜	在所不惜	zai4 suo3 bu4 xi1	no-cc-cedict-entry
在旁边	在旁邊	zai4 pang2 bian1	no-cc-cedict-entry
在未来	在未來	zai4 wei4 lai2	no-cc-cedict-entry
在生活中	在生活中	zai4 sheng1 huo2 zhong1	no-cc-cedict-entry
在线仿真器	在線彷真器	zai4 xian4 fang3 zhen1 qi4	no-cc-cedict-entry
在这儿	在這兒	zai4 zhe4 er2	no-cc-cedict-entry
在这种情况下	在這種情況下	zai4 zhe4 zhong3 qing2 kuang2 xia4	no-cc-cedict-entry
在这里	在這裡	zai4 zhe4 li3	no-cc-cedict-entry
在這种情況下	在这种情况下	zai4 zhe4 zhong3 qing2 kuang4 xia4	no-cc-cedict-entry
在那儿	在那兒	zai4 na5 r	no-cc-cedict-entry
在那里	在那裡	zai5 na4 li3	no-cc-cedict-entry
在里面	在裡面	zai4 li3 mian4	no-cc-cedict-entry
地下室手记	地下室手記	di4 xia4 shi4 shou3 ji4	no-cc-cedict-entry
地下工程	地下工程	di4 xia4 gong1 cheng2	no-cc-cedict-entry
地产商	地產商	di4 chan3 shang1	no-cc-cedict-entry
地儿	地兒	di4 r	no-cc-cedict-entry
地区天然公园	地區天然公園	di4 qu1 tian1 ran5 gong1 yuan2	no-cc-cedict-entry
地区餐酒	地區餐酒	di4 qu1 can1 jiu3	no-cc-cedict-entry
地址栏	地址欄	di4 zhi3 lan2	no-cc-cedict-entry
地排车	地排車	di4 pai2 che1	no-cc-cedict-entry
地方政府	地方政府	di4 fang1 zheng4 fu3	no-cc-cedict-entry
地方特色	地方特色	di4 fang5 te4 se4	no-cc-cedict-entry
地狱少女	地獄少女	di4 yu4 shao4 nu:3	no-cc-cedict-entry
地球防卫少年	地球防衛少年	di4 qiu2 fang2 wei4 shao4 nian2	no-cc-cedict-entry
地里	地里	di4 li3	no-cc-cedict-entry
场儿	場兒	chang3 r	no-cc-cedict-entry
均质层	均質層	jun1 zhi4 ceng2	no-cc-cedict-entry
坎佩尔	坎佩爾	Kan3 pei4 er3	no-cc-cedict-entry
坎儿	坎兒	kan3 r	no-cc-cedict-entry
坎特伯雷故事集	坎特伯雷故事集	Kan3 te4 bo2 lai2 Gu4 shi4 Ji2	no-cc-cedict-entry
坏天气朋友	壞天氣朋友	huai4 tian1 qi4 peng2 you3	no-cc-cedict-entry
坏孩子的天空	壞孩子的天空	huai4 hai2 zi5 de5 tian1 kong1	no-cc-cedict-entry
坏意	壞意	huai4 yi4	no-cc-cedict-entry
坏消息	坏消息	huai4 xiao1 xi5	no-cc-cedict-entry
坐卧不宁	坐臥不寧	zuo4 wo4 bu4 ning4	no-cc-cedict-entry
坐火车	坐火車	zuo4 huo3 che1	no-cc-cedict-entry
坐落在	坐落在	zuo4 la4 zai4	no-cc-cedict-entry
坐飞机	坐飛機	zuo4 fei1 ji1	no-cc-cedict-entry
坡州市	坡州市	po1 zhou1 shi4	no-cc-cedict-entry
坴	坴	liu4	no-cc-cedict-entry
坵	坵	qiu1	no-cc-cedict-entry
垂心	垂心	chui2 xin1	no-cc-cedict-entry
垫板	垫板	dian4 pan4	no-cc-cedict-entry
垭	埡	ya4	no-cc-cedict-entry
埃及十灾	埃及十災	ai1 ji2 shi2 zai1	no-cc-cedict-entry
埃及神话	埃及神話	ai1 ji2 shen2 hua4	no-cc-cedict-entry
埃尔	埃爾	ai1 er3	no-cc-cedict-entry
埃弗顿	埃弗頓	Ai1 fu2 dun4	no-cc-cedict-entry
埃米尔左拉	埃米爾左拉	ai1 mi3 er3 zuo3 la1	no-cc-cedict-entry
埃隆·马斯克	埃隆·馬斯克	Ai1 long2 · Ma3 si1 ke4	no-cc-cedict-entry
埃马纽埃尔·马克龙	埃馬紐埃爾·馬克龍	Ai1 ma3 niu3 ai1 er2 · ma3 ke4 long2	no-cc-cedict-entry
城关镇	城關鎮	Cheng2 guan1 zhen4	no-cc-cedict-entry
城内	城內	cheng2 nei4	no-cc-cedict-entry
城南市	城南市	cheng2 nan2 shi4	no-cc-cedict-entry
城市之光	城市之光	cheng2 shi4 zhi1 guang1	no-cc-cedict-entry
城市居民	城市居民	cheng2 shi4 ju1 min2	no-cc-cedict-entry
城市建设	城市建築	cheng2 shi4 jian4 zhu4	no-cc-cedict-entry
城市规划师	城市規劃師	cheng2 shi4 gui1 hua4 shi1	no-cc-cedict-entry
城市设计	城市設計	cheng2 shi4 she4 ji4	no-cc-cedict-entry
城市道路	城市道路	cheng2 shi4 dao4 lu4	no-cc-cedict-entry
城市铁路	城市鐵路	cheng2 shi4 tie3 lu4	no-cc-cedict-entry
城里	城里	cheng2 li3	no-cc-cedict-entry
城镇居民	城鎮居民	cheng2 zhen4 ju1 min2	no-cc-cedict-entry
城际高铁	城際高鐵	chzng2 ji4 gao1 tie3	invalid-reading
埒	埒	lei4	no-cc-cedict-entry
埜	埜	ye3	no-cc-cedict-entry
埳	埳	kan3	no-cc-cedict-entry
培拉特	培拉特	pei2 la1 te4	no-cc-cedict-entry
培训中心	培訓中心	pei2 xun4 zhong1 xin1	no-cc-cedict-entry
培训师	培訓師	pei2 xun4 shi1	no-cc-cedict-entry
培训课程	培訓課程	pei2 xun4 ke4 cheng2	no-cc-cedict-entry
培養土	培養土	pei1 yang3 tu3	no-cc-cedict-entry
基准线	基准線	ji1 zhun3 xian4	no-cc-cedict-entry
基因变异	基因變異	ji1 yin1 bian4 yi4	no-cc-cedict-entry
基因改造生物	基因改造生物	ji1 yin1 gai3 zao4 sheng1 wu4	no-cc-cedict-entry
基域	基域	ji1 yu4	no-cc-cedict-entry
基尔霍夫第一定律	基爾霍夫第一定律	ji1 er3 huo4 fu1 di4 yi1 ding4 lu:4	no-cc-cedict-entry
基尔霍夫第二定律	基爾霍夫第二定律	ji1 er3 huo4 fu1 di4 er4 ding4 lu:4	no-cc-cedict-entry
基层组织	基層組織	ji1 ceng2 zu3 zhi1	no-cc-cedict-entry
基本信息	基本信息	ji1 ben3 xin4 xi1	no-cc-cedict-entry
基本医疗保险	基本醫療保險	ji1 ben3 yi1 liao2 bao3 xian3	no-cc-cedict-entry
基本理论	基本理論	ji1 ben3 li3 lun4	no-cc-cedict-entry
基本知识	基本知識	ji1 ben3 zhi1 shi4	no-cc-cedict-entry
基本英语	基本英語	ji1 ben3 ying1 yu3	no-cc-cedict-entry
基本要求	基本要求	ji1 ben3 yao1 qiu2	no-cc-cedict-entry
基本配置	基本配置	ji1 ben3 pei4 zhi4	no-cc-cedict-entry
基督复临安息日会	基督復臨安息日會	ji1 du1 fu4 lin2 an1 xi1 ri4 hui4	no-cc-cedict-entry
基督教科学箴言报	基督教科學箴言報	ji1 du1 jiao1 ke1 xue2 zhen1 yan2 bao4	no-cc-cedict-entry
基督的最后诱惑	基督的最後誘惑	ji1 du1 di4 zui4 hou4 you4 huo4	no-cc-cedict-entry
基础知识	基礎知識	ji1 chu3 zhi1 shi5	no-cc-cedict-entry
堂姐夫	堂姐夫	tang3 jie3 fu5	no-cc-cedict-entry
堂·吉河德	堂·吉河德	Tang2 · Ji2 he2 de2	no-cc-cedict-entry
堅毅	坚毅	jian1 yi4	no-cc-cedict-entry
堆高车	堆高車	tui1 gao1 che1	no-cc-cedict-entry
堡垒之夜系列	堡壘之夜系列	Bao3 lei3 zhi1 ye4 xi4 lie4	no-cc-cedict-entry
堪代丝	堪代絲	kan1 dai4 si1	no-cc-cedict-entry
塑料制品	塑料制品	su4 liao4 zhi4 pin3	no-cc-cedict-entry
塔内构件	塔内构件	ta3 nei4 gou4 jian4	no-cc-cedict-entry
塔尔	塔爾	ta3 er3	no-cc-cedict-entry
塞勒姆	塞勒姆	Sai1 le4 mu3	no-cc-cedict-entry
塞尚	塞尚	Sai1 shang4	no-cc-cedict-entry
塞席尔	塞席爾	Se4 xi2 er3	no-cc-cedict-entry
塞斯纳	塞斯納	Sai1 si1 na4	no-cc-cedict-entry
塞格德	塞格德	sai4 ge2 de2	no-cc-cedict-entry
塞波加大公国	塞波加大公國	sai1 bo1 jia1 dai4 gong1 guo2	no-cc-cedict-entry
塞瓦斯托波尔	塞瓦斯托波爾	Sai1 wa3 si1 tuo1 bo1 er3	no-cc-cedict-entry
塞纳河畔伊夫里	塞納河畔伊夫裏	Sai1 na4 he2 pan4 yi1 fu1 li3	no-cc-cedict-entry
塞缪尔	塞繆爾	Sai1 miu4 er3	no-cc-cedict-entry
塞缪尔·约翰逊	塞繆爾·約翰遜	Sai1 miu4 er3 · Yue1 han4 xun4	no-cc-cedict-entry
塞缪尔·约翰逊	塞繆爾·約翰遜	Sai1 mu2 er3 · Yue1 han4 xun4	no-cc-cedict-entry
塞黑	塞黑	sai1 hei1	no-cc-cedict-entry
填平	填平	tian2 ping2	no-cc-cedict-entry
塲	塲	chang3	no-cc-cedict-entry
塼	塼	zhuan1	no-cc-cedict-entry
塿	塿	lou3	no-cc-cedict-entry
墙上	牆上	qiang2 shang5	no-cc-cedict-entry
墙体	牆體	qiang2 ti3	no-cc-cedict-entry
增减性	增減性	zeng1 jian3 xing4	no-cc-cedict-entry
增函数	增函數	zeng1 han2 shu4	no-cc-cedict-entry
增强能力	增強能力	zeng1 qiang3 neng2 li4	no-cc-cedict-entry
增长点	增長點	zeng1 zhang3 dian3	no-cc-cedict-entry
增长速度	增長速度	zeng1 zhang3 su4 du4	no-cc-cedict-entry
墨攻	墨攻	mo4 gong1	no-cc-cedict-entry
墬	墬	di2	no-cc-cedict-entry
壭	壭	xx5	invalid-reading
壭	壭	xx5	invalid-reading
声优	聲優	sheng1 you4	no-cc-cedict-entry
声色	聲色	sheng1 se4	no-cc-cedict-entry
声讯	聲訊	sheng1 xun4	no-cc-cedict-entry
声音文件	聲音文件	sheng1 yin1 wen2 jian4	no-cc-cedict-entry
壼	壼	kun3	no-cc-cedict-entry
壿	壿	zun1	no-cc-cedict-entry
处以	處以	chu4 yi3	no-cc-cedict-entry
备中	備中	bei4 zhong1	no-cc-cedict-entry
备中国	備中國	bei4 zhong1 guo2	no-cc-cedict-entry
复分析	複分析	fu4 fen1 xi1	no-cc-cedict-entry
复合过去时	複合過去時	fu4 he2 guo4 qu4 shi2	no-cc-cedict-entry
复杂指令集	複雜指令集	fu4 za2 zhi3 ling4 ji2	no-cc-cedict-entry
复根	复根	fu4 gen1	no-cc-cedict-entry
复盖	複蓋	fu4 gai4	no-cc-cedict-entry
夏南瓜	夏南瓜	xia4 nan2 gua1	no-cc-cedict-entry
夏卡雷罗	夏卡雷羅	Xia4 ka3 lei2 luo2	no-cc-cedict-entry
夏夜	夏夜	xia4 ye4	no-cc-cedict-entry
夏瑟拉	夏瑟拉	Xia4 se4 la1	no-cc-cedict-entry
外切	外切	wai4 qie4	no-cc-cedict-entry
外包装	外包裝	wai4 bao1 zhuang1	no-cc-cedict-entry
外商投资	外商投資	wai4 shang1 tou2 zi1	no-cc-cedict-entry
外国人护照	外国人护照	wai4 guo2 ren2 hu4 zhao4	no-cc-cedict-entry
外国语学院	外國語學院	wai4 guo2 yu3 xue2 yuan4	no-cc-cedict-entry
外展作用	外展作用	wai4 zhan3 zuo4 yong4	no-cc-cedict-entry
外拍	外拍	wai4 pai1	no-cc-cedict-entry
外汇市场	外匯市場	wai4 hui4 shi4 chang3	no-cc-cedict-entry
外燃机	外燃機	wai4 ran2 ji1	no-cc-cedict-entry
外籍兵团	外籍兵團	wai4 ji2 bing1 tuan2	no-cc-cedict-entry
外联服务	外联服务	wai4 lian2 fu4 wu4	no-cc-cedict-entry
外角	外角	wai4 jiao3	no-cc-cedict-entry
外语系	外語系	wai4 yu3 xi4	no-cc-cedict-entry
外面	外面	wai4 mian5	no-cc-cedict-entry
多伦多国际电影节	多倫多國際電影節	duo1 lun2 duo1 guo2 ji4 dian4 ying3 jie2	no-cc-cedict-entry
多位数	多位數	duo1 wei4 shu4	no-cc-cedict-entry
多元多项式	多元多項式	duo1 yuan1 duo1 xiang4 shi4	no-cc-cedict-entry
多功能一分三点烟器	多功能一分三點煙器	duo1 gong1 neng2 yi1 fen1 san1 dian3 yan1 qi4	no-cc-cedict-entry
多加	多加	duo1 jia1	no-cc-cedict-entry
多发	多發	duo1 fa1	no-cc-cedict-entry
多国语言	多國語言	duo1 guo2 yu3 yan2	no-cc-cedict-entry
多头市场	多頭市場	duo1 tou2 shi4 chang2	no-cc-cedict-entry
多少钱	多少錢	duo1 shao5 qian2	no-cc-cedict-entry
多层次	多層次	duo2 ceng2 ci4	no-cc-cedict-entry
多年冻土	多年凍土	duo1 nian2 dong4 tu3	no-cc-cedict-entry
多廖拉	多廖拉	duo1 liao4 la1	no-cc-cedict-entry
多恩	多拉	duo1 en1	no-cc-cedict-entry
多拉	多文	duo1 la1	no-cc-cedict-entry
多指令流多数据流	多指令流多數據流	duo1 zhi3 ling4 liu2 duo1 shu4 ju4 liu2	no-cc-cedict-entry
多明克	多明戈	duo1 ming2 ke4	no-cc-cedict-entry
多病	多病	duo1 bing4	no-cc-cedict-entry
多米	多米	duo1 mi3	no-cc-cedict-entry
多米尼加共和国经济	多米尼加共和國經濟	duo1 mi3 ni2 jia1 gong4 he2 guo2 jing1 ji4	no-cc-cedict-entry
多线程	多線程	duo1 xian4 cheng2	no-cc-cedict-entry
多维尔	多維爾	Duo1 wei2 er3	no-cc-cedict-entry
多花	多花	duo1 hua1	no-cc-cedict-entry
多远	多遠	duo1 yuan3	no-cc-cedict-entry
多重线性形式	多重線性形式	duo1 chong2 xian4 xing4 xing2 shi4	no-cc-cedict-entry
多长时间	多長時間	duo1 chang2 shi2 jian1	no-cc-cedict-entry
多项	多項	duo1 xiang4	no-cc-cedict-entry
夜宴	夜宴	ye4 yan4	no-cc-cedict-entry
夜盆儿	夜盆兒	ye4 pen2 r	no-cc-cedict-entry
夜蒲	夜蒲	ye4 pu2	no-cc-cedict-entry
夜行神龙	夜行神龍	ye4 hang2 shen2 long2	no-cc-cedict-entry
夜访吸血鬼	夜訪吸血鬼	ye4 fang3 xi1 xie3 gui3	no-cc-cedict-entry
大不了	大不了	da4 bu4 liao3	no-cc-cedict-entry
大东部	大東部	Da4 dong1 bu4	no-cc-cedict-entry
大丰市	大豐市	Da4 feng1 shi4	no-cc-cedict-entry
大事记	大事記	da4 shi4 ji4	no-cc-cedict-entry
大人物	大人物	da4 ren5 wu4	no-cc-cedict-entry
大伙儿	大伙兒	da4 huo3 r	no-cc-cedict-entry
大佛	大彿	da4 fu2	no-cc-cedict-entry
大力发展	大力發展	da4 li4 fa1 zhan3	no-cc-cedict-entry
大努瓦西	大努瓦西	Da4 nu2 wa3 xi1	no-cc-cedict-entry
大势已去	大勢已去	da4 shi4 yi3 qu4	no-cc-cedict-entry
大区	大區	dai4 qu1	no-cc-cedict-entry
大卫四世	大衛四世	da4 wei4 si4 shi4	no-cc-cedict-entry
大卫·艾登堡	大衛·艾登堡	Da4 wei4 · Ai4 deng1 bao3	no-cc-cedict-entry
大双筒望远镜	大雙筒望遠鏡	da4 shuang1 tong3 wang4 yuan3 jing4	no-cc-cedict-entry
大只女	大隻女	da4 zhi1 nv3	no-cc-cedict-entry
大叫	大叫	da4 jiao4	no-cc-cedict-entry
大号酒瓶	大號酒瓶	da4 hao4 jiu3 ping2	no-cc-cedict-entry
大圣弗洛里安	大聖弗洛里安	dai4 sheng4 fu2 luo4 li3 an1	no-cc-cedict-entry
大地震	大地震	da4 di4 zhen4	no-cc-cedict-entry
大型企业	大型企業	da4 xing2 qi3 ye4	no-cc-cedict-entry
大型强子对撞器	大型強子對撞器	da4 xing2 qiang2 zi3 dui4 zhuang4 qi4	no-cc-cedict-entry
大多数人	大多數人	da4 duo1 shu4 ren2	no-cc-cedict-entry
大字	大字	da4 zi4	no-cc-cedict-entry
大学图书馆	大學圖書館	da4 xue2 tu2 shu1 guan3	no-cc-cedict-entry
大学士	大學士	da4 xue2 shi4	no-cc-cedict-entry
大学校长	大學校長	da4 xue2 xiao4 zhang3	no-cc-cedict-entry
大学毕业生	大學畢業生	da4 xue2 bi4 ye4 sheng1	no-cc-cedict-entry
大家好	大傢好	da4 jia1 hao3	no-cc-cedict-entry
大富豪	大富豪	dai4 fu4 hao2	no-cc-cedict-entry
大小人	大小人	da4 xiao3 ren2	no-cc-cedict-entry
大屏幕	大屏幕	da4 ping2 mu4	no-cc-cedict-entry
大师杯网球赛	大師杯網球賽	da4 shi1 bei1 wang3 qiu2 sai4	no-cc-cedict-entry
大开眼戒	大開眼戒	dai4 kai1 yan3 jie4	no-cc-cedict-entry
大律师	大律師	da4 lu:4 shi1	no-cc-cedict-entry
大手笔	大手筆	da4 shou3 bi3	no-cc-cedict-entry
大明	大明	da4 ming2	no-cc-cedict-entry
大明星	大明星	da4 ming2 xing1	no-cc-cedict-entry
大普隆	大普隆	Da4 pu3 long2	no-cc-cedict-entry
大本	大本	da4 ben3	no-cc-cedict-entry
大树	大樹	Da4 shu4	no-cc-cedict-entry
大法师	大法師	da4 fa3 shi1	no-cc-cedict-entry
大琴	大琴	dai4 qin2	no-cc-cedict-entry
大田区	大田區	da4 tian2 qu1	no-cc-cedict-entry
大盘	大盤	da4 pan2	no-cc-cedict-entry
大老	大老	dai4 lao3	no-cc-cedict-entry
大肚	大肚	Da4 du4	no-cc-cedict-entry
大胡蜂	大胡蜂	da4 hu2 feng1	no-cc-cedict-entry
大花孔雀	大花孔雀	da4 hua1 kong1 que4	no-cc-cedict-entry
大英帝国期望每个子民都负起自己的责任	大英帝國期望每個子民都負起自己的責任	da4 ying1 di4 guo2 qi1 wang4 mei3 ge5 zi3 min2 dou1 fu4 qi3 zi4 ji3 de5 ze2 ren4	no-cc-cedict-entry
大行	大行	da4 xing2	no-cc-cedict-entry
大表姐	大表姐	da4 biao3 jie3	no-cc-cedict-entry
大西洋阿尔斯通公司	大西洋阿爾斯通公司	da4 xi1 yang2 a1 er3 si1 tong1 gong1 si1	no-cc-cedict-entry
大谷光瑞	大谷光瑞	da4 gu3 guang1 rui4	no-cc-cedict-entry
大货车	大貨車	da4 huo4 che1	no-cc-cedict-entry
大迦叶	大迦葉	da4 jia1 ye4	no-cc-cedict-entry
大逃杀游戏	大逃殺遊戲	da4 tao2 sha1 you2 xi1	no-cc-cedict-entry
大邱市	大邱市	Da4 qiu1 shi4	no-cc-cedict-entry
大邱广域市	大邱廣域市	Da4 qiu1 guang3 yu4 shi4	no-cc-cedict-entry
大部份	大部份	da4 bu4 fen5	no-cc-cedict-entry
大酒店	大酒店	da4 jiu3 dian4	no-cc-cedict-entry
大酒瓶	大酒瓶	da4 jiu3 ping2	no-cc-cedict-entry
大门口	大門口	da4 men2 kou3	no-cc-cedict-entry
大问题	大問題	da4 wen4 ti2	no-cc-cedict-entry
大陆分水岭	大陸分水嶺	da4 lu4 fen1 shui3 ling3	no-cc-cedict-entry
大革命	大革命	da4 ge2 ming4	no-cc-cedict-entry
大韩民国临时政府	大韓民國臨時政府	da4 han2 min2 guo2 lin2 shi2 zheng4 fu3	no-cc-cedict-entry
大食蚁兽	大食蟻獸	dai4 shi2 yi3 shou4	no-cc-cedict-entry
大香槟	大香槟	da4 xiang1 bin1	no-cc-cedict-entry
大魔头	大魔頭	da4 mo2 tou2	no-cc-cedict-entry
大鹃䴗	大鵑鶪	da4 juan1 ju2	no-cc-cedict-entry
大鼠耳蝠	大鼠耳蝠	dai4 shu3 er3 fu2	no-cc-cedict-entry
天使投资人	天使投資人	tian1 shi3 tou4 zi1 ren4	no-cc-cedict-entry
天使爱美丽	天使愛美麗	tian1 shi3 ai4 mei3 li4	no-cc-cedict-entry
天使的享用	天使的享用	tian1 shi3 de5 xiang3 yong4	no-cc-cedict-entry
天使的份额	天使的份額	tian1 shi3 de5 fen4 e4	no-cc-cedict-entry
天使的分享	天使的分享	tian1 shi3 de5 feng1 xiang3	no-cc-cedict-entry
天儿	天兒	tian1 r	no-cc-cedict-entry
天光	天光	tian1 guang1	no-cc-cedict-entry
天启	天啟	tian1 qi3	no-cc-cedict-entry
天命神童	天命神童	tian1 ming4 shen2 tong2	no-cc-cedict-entry
天啊	天啊	tian1 a	no-cc-cedict-entry
天工	天工	tian1 gong1	no-cc-cedict-entry
天差地別	天差地別	tian1 cha1 di4 bie2	no-cc-cedict-entry
天才保姆	天纔保姆	tian1 cai2 bao3 mu3	no-cc-cedict-entry
天极	天極	tian1 ji2	no-cc-cedict-entry
天正	天正	tian1 zheng4	no-cc-cedict-entry
天火	天火	tian1 huo3	no-cc-cedict-entry
天然海洋公园	天然海洋公園	tian1 ran2 hai3 yang2 gong1 yuan2	no-cc-cedict-entry
天然香料	天然香料	tian1 ran2 xiang1 liao4	no-cc-cedict-entry
天照大神	天照大神	tian1 zhao4 da4 shen2	no-cc-cedict-entry
天老儿	天老兒	tian1 lao3 r	no-cc-cedict-entry
天高地厚	天高地厚	tian1 gao1 di4 hou4	no-cc-cedict-entry
天鹅绒似	天鵝絨似	tian1 e2 rong2 shi4	no-cc-cedict-entry
太乙	太乙	tai4 yi3	no-cc-cedict-entry
太多	太多	tai4 duo1	no-cc-cedict-entry
太奶奶	太奶奶	tai4 nai3 nai5	no-cc-cedict-entry
太好	太好	tai4 hao3	no-cc-cedict-entry
太巧了	太巧了	tai4 qiao3 le5	no-cc-cedict-entry
太忙	太忙	tai4 mang2	no-cc-cedict-entry
太快	太快	tai4 kuai4	no-cc-cedict-entry
太慢	太慢	tai4 man4	no-cc-cedict-entry
太空堡垒卡拉狄加	太空堡壘卡拉狄加	tai4 kong1 bao3 lei3 ka3 la1 di2 jia1	no-cc-cedict-entry
太贵	太貴	tai4 gui4	no-cc-cedict-entry
太远	太遠	tai4 yuan3	no-cc-cedict-entry
太长	太長	tai4 chang2	no-cc-cedict-entry
太阳和太阳风层探测器	太陽和太陽風層探測器	tai4 yang2 he2 tai4 yang2 feng1 ceng2 tan4 ce4 qi4	no-cc-cedict-entry
太阳能热水器	太陽能熱水器	tai4 yang2 neng2 re4 shui3 qi4	no-cc-cedict-entry
央视国际	央視國際	Yang1 shi4 Guo2 ji4	no-cc-cedict-entry
失业人员	失業人員	shi1 ye4 ren2 yuan2	no-cc-cedict-entry
失乐园	失樂園	shi1 le4 yuan2	no-cc-cedict-entry
失成日期	失成日期	shi1 xiao4 ri4 qi1	no-cc-cedict-entry
失落的帝国	失落的帝國	shi1 luo4 de5 di4 guo2	no-cc-cedict-entry
头一次	頭一次	tou2 yi1 ci4	no-cc-cedict-entry
头儿	頭兒	tou2 r	no-cc-cedict-entry
头头	頭頭	tou2 tou2	no-cc-cedict-entry
头文字D	頭文字D	tou2 wen2 zi4 d	no-cc-cedict-entry
夸夸嘉夸族国	誇誇嘉誇族國	kua1 kua1 jia1 kua1 zu2 guo2	no-cc-cedict-entry
夸希奥科病	誇希奧科病	kua1 xi1 ao4 ke1 bing4	no-cc-cedict-entry
夸拉州	誇拉州	kua1 la1 zhou1	no-cc-cedict-entry
夹	夾	jia4	no-cc-cedict-entry
夹住	夾住	jia1 zhu4	no-cc-cedict-entry
夹边	夾邊	jia2 bian1	no-cc-cedict-entry
夺命	奪命	duo2 ming4	no-cc-cedict-entry
奇客	奇客	qi2 ke4	no-cc-cedict-entry
奇异物质	奇異物質	qi2 yi4 wu4 zhi2	no-cc-cedict-entry
奇异鸟	奇異鳥	qi2 yi4 niao3	no-cc-cedict-entry
奇想	奇想	qi2 xiang3	no-cc-cedict-entry
奇技淫巧	奇技淫巧	qi2 ji4 yin2 qiao3	no-cc-cedict-entry
奇爱博士	奇愛博士	qi2 ai4 bo2 shi4	no-cc-cedict-entry
奇里乞亚	奇裡乞亞	qi2 li3 qi3 ya4	no-cc-cedict-entry
奈奎斯特频率	奈奎斯特頻率	nai4 kui2 si1 te4 pin2 lu:4	no-cc-cedict-entry
奉化市	奉化市	Feng4 hua4 shi4	no-cc-cedict-entry
奔三	奔三	Ben1 san1	no-cc-cedict-entry
奔四	奔四	ben1 si4	no-cc-cedict-entry
奥克西塔尼	奧克西塔尼	Ao4 ke4 xi1 ta3 ni2	no-cc-cedict-entry
奥兰群岛旗帜	奧蘭群島旗幟	ao4 lan2 qun2 dao3 qi2 zhi4	no-cc-cedict-entry
奥勒松	奧勒松	ao4 le4 song1	no-cc-cedict-entry
奥塔哥地区	奧塔哥地區	ao4 ta3 ge1 di4 qu1	no-cc-cedict-entry
奥奈丛林	奧奈叢林	Ao4 nai4 cong2 lin2	no-cc-cedict-entry
奥娅	奥尔	ao4 ya4	no-cc-cedict-entry
奥尔	奧爾	ao4 er3	no-cc-cedict-entry
奥尔延市	奧爾延市	ao4 er3 yan2 shi4	no-cc-cedict-entry
奥弗涅-罗纳-阿尔卑斯大区	奧弗涅-羅納-阿爾卑斯大區	Ao4 fu2 nie4 - luo2 na4 - a1 er3 bei1 si1 da4 qu1	no-cc-cedict-entry
奥得河	奧得河	ao4 dei3 he2	no-cc-cedict-entry
奥斯卡最佳动画片奖	奧斯卡最佳動畫片獎	ao4 si1 ka3 zui4 jia1 dong4 hua4 pian4 jiang3	no-cc-cedict-entry
奥斯卡最佳动画短片奖	奧斯卡最佳動畫短片獎	ao4 si1 ka3 zui4 jia1 dong4 hua4 duan3 pian4 jiang3	no-cc-cedict-entry
奥斯卡最佳摄影奖	奧斯卡最佳攝影獎	ao4 si1 ka3 zui4 jia1 she4 ying3 jiang3	no-cc-cedict-entry
奥斯托普市	奧斯託普市	ao4 si1 tuo1 pu3 shi4	no-cc-cedict-entry
奥林	奧林	ao4 lin2	no-cc-cedict-entry
奥琶	奧琶	ao4 pa2	no-cc-cedict-entry
奥维多上校镇	奧維多上校鎮	ao4 wei2 duo1 shang4 xiao4 zhen4	no-cc-cedict-entry
奥美	奧美	ao4 mei3	no-cc-cedict-entry
奥镇	奧鎮	ao4 zhen4	no-cc-cedict-entry
奥雷丽娅	奥雷丽琳	ao4 lei2 li2 ya4	no-cc-cedict-entry
奥雷良	奥雷良	ao4 lei2 liang2	no-cc-cedict-entry
奥鲁罗	奧魯羅	ao4 lu3 luo2	no-cc-cedict-entry
奥黛特	奥黛特	ao4 dai4 te2	no-cc-cedict-entry
奨	奨	jiang3	no-cc-cedict-entry
女主角	女主角	nu:3 zhu3 jiao3	no-cc-cedict-entry
女人皆如此	女人皆如此	ru3 ren2 jie1 ru2 ci3	no-cc-cedict-entry
女作家	女作家	nu:3 zuo4 jia1	no-cc-cedict-entry
女同事	女同事	nu:3 tong2 shi4	no-cc-cedict-entry
女同学	女同學	nu:3 tong2 xue2	no-cc-cedict-entry
女同志	女同志	nu:3 tong2 zhi4	no-cc-cedict-entry
女士们	女士們	nu:3 shi4 men5	no-cc-cedict-entry
女大学生	女大學生	nu:3 da4 xue2 sheng5	no-cc-cedict-entry
女婿	女婿	nu:3 xu4	no-cc-cedict-entry
女学生	女學生	nu:3 xue2 sheng1	no-cc-cedict-entry
女孩儿	女孩兒	nu:3 hai2 r	no-cc-cedict-entry
女性朋友	女性朋友	nu:3 xing4 peng2 you3	no-cc-cedict-entry
女歌手	女歌手	nu:3 ge1 shou3	no-cc-cedict-entry
女演员	女演員	nu:3 yan3 yuan2	no-cc-cedict-entry
女秘书	女秘書	nu:3 mi4 shu1	no-cc-cedict-entry
女记者	女記者	nu:3 ji4 zhe3	no-cc-cedict-entry
女鞋	女鞋	nu:3 xie2	no-cc-cedict-entry
女鼓手	女鼓手	ru3 gu3 shou3	no-cc-cedict-entry
奶茶婊	奶茶婊	nai3 cha2 biao3	no-cc-cedict-entry
她们的	她們的	ta1 men5 de5	no-cc-cedict-entry
她的	她的	ta1 de5	no-cc-cedict-entry
她自己	她自己	ta1 zi4 ji3	no-cc-cedict-entry
奻	奻	nuan2	no-cc-cedict-entry
好主意	好主意	hao3 zhu3 yi5	no-cc-cedict-entry
好了	好了	hao3 le5	no-cc-cedict-entry
好于	好于	hao3 yu2	no-cc-cedict-entry
好可爱	好可愛	hao3 ke3 ai4	no-cc-cedict-entry
好吗	好嗎	hao3 ma5	no-cc-cedict-entry
好吧	好吧	hao3 ba5	no-cc-cedict-entry
好啊	好啊	hao3 a4	no-cc-cedict-entry
好啦	好啦	hao3 la5	no-cc-cedict-entry
好好儿	好好兒	hao3 hao1 r	no-cc-cedict-entry
好学近乎知	好學近乎知	hao4 xue2 jin4 hu1 zhi1	no-cc-cedict-entry
好小子	好小子	hao3 xiao3 zi5	no-cc-cedict-entry
好心做了驴肝肺	好心做了驢肝肺	hao3 xin1 zuo4 le5 lü2 gan1 fei4	no-cc-cedict-entry
好想	好想	hao3 xiang3	no-cc-cedict-entry
好懂	好懂	hao3 dong3	no-cc-cedict-entry
好极了	好極了	hao3 ji2 le5	no-cc-cedict-entry
好梦	好夢	hao3 meng4	no-cc-cedict-entry
好消息	好消息	hao3 xiao1 xi5	no-cc-cedict-entry
好生意	好生意	hao3 sheng1 yi4	no-cc-cedict-entry
好远	好遠	hao3 yuan3	no-cc-cedict-entry
好香	好香	hao3 xiang1	no-cc-cedict-entry
如丝	如絲	ru2 si1	no-cc-cedict-entry
如山	如山	ru2 shan1	no-cc-cedict-entry
如旧	如舊	ru2 jiu4	no-cc-cedict-entry
如果没有	如果沒有	ru2 guo3 mei2 you3	no-cc-cedict-entry
如梦初醒	如夢初醒	ru2 meng4 chu1 xing3	no-cc-cedict-entry
如火晚霞	如火晚霞	ru2 huo3 wan3 xia2	no-cc-cedict-entry
妖精的旋律	妖精的旋律	yao1 jing1 de5 xuan2 lu:4	no-cc-cedict-entry
妬	妬	du4	no-cc-cedict-entry
妮可・基德曼	妮可・基德曼	Ni1 ke3 · Ji1 de2 man4	no-cc-cedict-entry
妮妮	妮妮	ni1 ni1	no-cc-cedict-entry
妳	妳	ni3	no-cc-cedict-entry
姆祖祖	姆祖祖	mu3 zu3 zu3	no-cc-cedict-entry
始值条件	始值條件	shi3 zhi2 tiao2 jian4	no-cc-cedict-entry
始端	始端	shi3 duan1	no-cc-cedict-entry
姐妹俩	姐妹倆	jie3 mei4 lia3	no-cc-cedict-entry
委内瑞拉玻利瓦尔共和国	委內瑞拉玻利瓦爾共和國	wei3 nei4 rui4 la1 bo1 li4 wa3 er3 gong4 he2 guo2	no-cc-cedict-entry
姘头	姘頭	pin1 tou2	no-cc-cedict-entry
姜堰市	薑堰市	Jiang1 yan4 shi4	no-cc-cedict-entry
姿态控制	姿態控制	zi1 tai4 kong4 zhi4	no-cc-cedict-entry
威尔	威爾	wei1 er3	no-cc-cedict-entry
威廉姆斯	威廉姆斯	wei1 lian2 mu3 si1	no-cc-cedict-entry
威廉斯塔德	威廉斯塔德	wei1 lian2 si1 da5 de2	no-cc-cedict-entry
威廉皇帝纪念教堂	威廉皇帝紀念教堂	wei1 lian2 huang2 di4 ji4 nian4 jiao4 tang2	no-cc-cedict-entry
威廉迈巴赫	威廉邁巴赫	wei1 lian2 mai4 ba1 he4	no-cc-cedict-entry
威斯巴登	威斯巴登	wei1 si1 ba1 deng1	no-cc-cedict-entry
娃哈哈	娃哈哈	wa2 ha1 ha1	no-cc-cedict-entry
娘家	娘家	niang2 jia5	no-cc-cedict-entry
娜比奤	娜比奤	nuo2 bi3 ha3	no-cc-cedict-entry
婆娘	婆娘	po2 niang2	no-cc-cedict-entry
婊子养的	婊子養的	biao3 zi5 yang3 de5	no-cc-cedict-entry
婚姻状况	婚姻狀況	hun1 yin1 zhuang4 kuang4	no-cc-cedict-entry
婚姻生活	婚姻生活	hun1 yin1 sheng1 huo2	no-cc-cedict-entry
婚礼服	婚禮服	hun1 li3 fu2	no-cc-cedict-entry
婴儿死亡率	嬰兒死亡率	ying1 er2 si3 wang2 lu:4	no-cc-cedict-entry
婷婷	婷婷	ting2 ting2	no-cc-cedict-entry
媒体播放器	媒體播放器	mei2 ti3 bo1 fang4 qi4	no-cc-cedict-entry
媒体素养	媒體素養	mei2 ti3 su4 yang3	no-cc-cedict-entry
媰	媰	chu2	no-cc-cedict-entry
媳妇儿	媳婦兒	xi2 fu5 r	no-cc-cedict-entry
媿	媿	kui4	no-cc-cedict-entry
嫁给	嫁給	jia4 gei3	no-cc-cedict-entry
嫋	嫋	niao3	no-cc-cedict-entry
嫖姚	嫖姚	piao1 yao2	no-cc-cedict-entry
嬃	嬃	xu1	no-cc-cedict-entry
嬝	嬝	niao3	no-cc-cedict-entry
嬭	嬭	nai3	no-cc-cedict-entry
嬷	嬤	ma1	no-cc-cedict-entry
嬾	嬾	lan3	no-cc-cedict-entry
子宫内	子宮內	zi3 gong1 nei4	no-cc-cedict-entry
子环	子環	zi3 huan2	no-cc-cedict-entry
孔克南	孔克南	Kong3 ke4 nan2	no-cc-cedict-entry
孔斯当丝	孔斯瓦拉	kong3 si1 dang1 si1	no-cc-cedict-entry
孔甲	孔甲	kong3 jia3	no-cc-cedict-entry
孔雀绿	孔雀綠	kong3 que4 lu:4	no-cc-cedict-entry
字帖儿	字帖兒	zi4 tie3 r	no-cc-cedict-entry
字模	字模	zi4 mo2	no-cc-cedict-entry
存在量词	存在量詞	cun2 zai4 liang4 ci2	no-cc-cedict-entry
存摺	存摺	cun2 zhe2	no-cc-cedict-entry
存盘	存盤	cun2 pan2	no-cc-cedict-entry
孙和	孫和	sun1 he4	no-cc-cedict-entry
孙媳妇	孫媳婦	sun1 xi2 fu5	no-cc-cedict-entry
孙政才	孫政才	Sun1 Zheng4 cai2	no-cc-cedict-entry
孚日	孚日	Fu2 ri4	no-cc-cedict-entry
季戊四醇四硝酸酯	季戊四醇四硝酸酯	ji4 wu4 si4 chun2 si4 xiao1 suan1 zhe3	no-cc-cedict-entry
孤立奇点	孤立奇點	gu1 li4 qi2 dian3	no-cc-cedict-entry
学习刻苦	學習刻苦	xue2 xi2 ke4 ku3	no-cc-cedict-entry
学习型组织	學習型組織	xue2 xi2 xing2 zu3 zhi1	no-cc-cedict-entry
学习班	學習班	xue2 xi2 ban1	no-cc-cedict-entry
学家	學家	xue2 jia1	no-cc-cedict-entry
学术会议	學術會議	xue2 shu4 hui4 yi4	no-cc-cedict-entry
学术研究	學術研究	xue2 shu4 yan2 jiu4	no-cc-cedict-entry
学术研讨会	學術研討會	xue2 shu4 yan2 tao3 hui4	no-cc-cedict-entry
学法	學法	xue2 fa3	no-cc-cedict-entry
学生们	學生們	xue2 sheng1 men5	no-cc-cedict-entry
学生宿舍	學生宿舍	xue2 sheng5 su4 she4	no-cc-cedict-entry
学系	學系	xue2 xi4	no-cc-cedict-entry
孩之宝	孩之寶	hai2 zhi1 bao3	no-cc-cedict-entry
孩儿	孩兒	hai2 er2	no-cc-cedict-entry
孰能生巧	孰能生巧	shu2 neng2 sheng1 qiao3	no-cc-cedict-entry
宁拆十座庙，不毁一桩婚	寧拆十座廟，不毀一樁婚	ning2 chai1 shi2 zuo4 miao4 , bu4 hui4 yi1 zhuang1 hun1	no-cc-cedict-entry
宅急送	宅急送	zhai2 ji2 song4	no-cc-cedict-entry
守护月天	守護月天	shou3 hu4 yue4 tian1	no-cc-cedict-entry
守护者	守護者	shou3 hu4 zhe3	no-cc-cedict-entry
安东尼奥	安東尼奧	an1 dong1 ni2 ao4	no-cc-cedict-entry
安全保护	安全保護	an1 quan2 bao3 hu4	no-cc-cedict-entry
安全检查	安全檢查	an1 quan2 jian3 cha2	no-cc-cedict-entry
安全漏洞	安全漏洞	an1 quan2 lou4 dong4	no-cc-cedict-entry
安全策略	安全策略	an1 quan2 ce4 lu:e4	no-cc-cedict-entry
安养中心	安養中心	an1 yang3 zhong1 xin1	no-cc-cedict-entry
安内莉	安内莉	an1 nei4 li4	no-cc-cedict-entry
安利克	安利克	an1 li4 ke4	no-cc-cedict-entry
安吧尔	安吧罗	an1 ba5 er3	no-cc-cedict-entry
安多地区	安多地區	an1 duo1 di4 qu1	no-cc-cedict-entry
安妮·夏菲维	安妮·夏菲維	An1 ni2 · Xia4 fei1 wei2	no-cc-cedict-entry
安妮·海瑟薇	安妮·海瑟薇	An1 ni2 · Hai3 se4 wei1	no-cc-cedict-entry
安山市	安山市	an1 shan1 shi4	no-cc-cedict-entry
安特文	安特文	an1 te2 wen2	no-cc-cedict-entry
安特罗	安玛羅	an1 te2 luo1	no-cc-cedict-entry
安玻	安琪	an1 bo1	no-cc-cedict-entry
安琪	安琪	an1 qi2	no-cc-cedict-entry
安石榴	安石榴	an1 shi2 liu2	no-cc-cedict-entry
安納西	安納西	An1 na4 xi1	no-cc-cedict-entry
安装工程	安裝工程	an1 zhuang1 gong1 cheng2	no-cc-cedict-entry
安装程序	安裝程序	an1 zhuang1 cheng2 xu4	no-cc-cedict-entry
安达仕	安達仕	An1 da2 shi4	no-cc-cedict-entry
安迪	安迪	an1 di2	no-cc-cedict-entry
安·海瑟薇	安·海瑟薇	An1 · Hai3 se4 wei1	no-cc-cedict-entry
宋嘉澍家族	宋嘉澍家族	song4 jia1 shu4 jia1 zu2	no-cc-cedict-entry
完全版	完全版	wan2 quan2 ban3	no-cc-cedict-entry
完成任务	完成任務	wan2 cheng2 ren4 wu4	no-cc-cedict-entry
完整版	完整版	wan2 zheng3 ban3	no-cc-cedict-entry
宏碁	宏碁	Hong2 qi2	no-cc-cedict-entry
宏达	宏達	hong2 da2	no-cc-cedict-entry
宏达国际电子	宏達國際電子	hong2 da2 guo2 ji4 dian4 zi3	no-cc-cedict-entry
宏达电	宏達電	hong2 da2 dian4	no-cc-cedict-entry
宗教信仰	宗教信仰	zong1 jiao4 xin4 yang3	no-cc-cedict-entry
宗谷岬	宗穀岬	zong1 gu3 jia3	no-cc-cedict-entry
官方网站	官方網站	guan1 fang1 wang3 zhan4	no-cc-cedict-entry
定位系统	定位系統	ding4 wei4 xi4 tong3	no-cc-cedict-entry
定号	定號	ding4 hao4	no-cc-cedict-entry
定解	定解	ding4 jie3	no-cc-cedict-entry
定解条件	定解條件	ding4 jie3 tiao2 jian4	no-cc-cedict-entry
宝宝	寶寶	bao3 bao3	no-cc-cedict-entry
宝宝推车	寶寶推車	bao3 bao5 tui1 che1	no-cc-cedict-entry
宝宝椅	寶寶椅	bao3 bao5 yi3	no-cc-cedict-entry
宝宝车	寶寶車	bao3 bao3 che1	no-cc-cedict-entry
宝来	寶來	bao3 lai2	no-cc-cedict-entry
宝贝儿	寶貝兒	bao3 bei4 r	no-cc-cedict-entry
实习生	實習生	shi2 xi2 sheng5	no-cc-cedict-entry
实录	實錄	shi2 lu4	no-cc-cedict-entry
实施办法	實施辦法	shi2 shi1 ban4 fa3	no-cc-cedict-entry
实施细则	實施細則	shi2 shi1 xi4 ze2	no-cc-cedict-entry
实无穷	實無窮	shi2 wu2 qiong2	no-cc-cedict-entry
实用性	實用性	shi2 yong4 xing4	no-cc-cedict-entry
实践经验	實踐經驗	shi2 jian4 jing1 yan4	no-cc-cedict-entry
实轴	實軸	shi2 zhou2	no-cc-cedict-entry
实际意义	實際意義	shi2 ji4 yi4 yi4	no-cc-cedict-entry
宠物美容师	寵物美容師	chong3 wu4 mei3 rong2 shi1	no-cc-cedict-entry
审计报告	審計報告	shen3 ji4 bao4 gao4	no-cc-cedict-entry
审计范围	審計范圍	shen3 ji4 fan4 wei2	no-cc-cedict-entry
客户关系管理	客戶關係管理	ke4 hu4 guan1 xi5 guan3 li3	no-cc-cedict-entry
客户服务中心	客戶服務中心	ke4 hu4 fu2 wu4 zhong1 xin1	no-cc-cedict-entry
客服部	客服部	ke4 fu2 bu4	no-cc-cedict-entry
客运站	客運站	ke4 yun4 zhan4	no-cc-cedict-entry
宣传教育	宣傳教育	xuan1 chuan2 jiao4 yu4	no-cc-cedict-entry
害惨	害慘	hai4 can3	no-cc-cedict-entry
家中	家中	jia1 zhong1	no-cc-cedict-entry
家俱车式防空坦克	傢俱車式防空坦克	jia1 ju4 che1 shi4 fang2 kong1 tan3 ke4	no-cc-cedict-entry
家八哥	家八哥	jia1 ba1 ge1	no-cc-cedict-entry
家家	家家	jia1 jia1	no-cc-cedict-entry
家庭战争	家庭戰爭	jia1 ting2 zhan4 zheng1	no-cc-cedict-entry
家庭教育	家庭教育	jia1 ting2 jiao4 yu4	no-cc-cedict-entry
家庭生活	家庭生活	jia1 ting2 sheng1 huo2	no-cc-cedict-entry
家得宝	家得寶	jia1 de2 bao3	no-cc-cedict-entry
家有丑妻是个宝	家有醜妻是個寶	jia1 you3 chou3 qi1 shi4 ge4 bao3	no-cc-cedict-entry
家雀儿	家雀兒	jia1 qiao3 r	no-cc-cedict-entry
容量感	容量感	rong2 liang4 gan3	no-cc-cedict-entry
宽大仁爱	寬大仁愛	kuan1 da4 ren2 ai4	no-cc-cedict-entry
宽尾斜齿鲨	寬尾斜齒鯊	kuan1 yi3 xie2 chi3 sha1	no-cc-cedict-entry
宽带网	寬帶網	kuan1 dai4 wang3	no-cc-cedict-entry
宽频带信道	寬頻帶信道	kuan1 pin2 dai4 xin4 dao4	no-cc-cedict-entry
宾夕法尼亚州立大学	賓夕法尼亞州立大學	bin1 xi1 fa3 ni2 ya4 zhou1 li4 da4 xue2	no-cc-cedict-entry
宾夕法尼亚德语	賓夕法尼亞德語	bin1 xi1 fa3 ni2 ya4 de2 yu3	no-cc-cedict-entry
寂寞之井	寂寞之井	ji4 mo4 zhi1 jing3	no-cc-cedict-entry
寂静的春天	寂靜的春天	ji4 jing4 di4 chun1 tian1	no-cc-cedict-entry
寄予	寄予	ji4 yu2	no-cc-cedict-entry
寄信人	寄信人	ji4 xin4 ren2	no-cc-cedict-entry
寄生虫类	寄生蟲類	ji4 sheng1 chong2 lei4	no-cc-cedict-entry
寄生蜂	寄生蜂	ji4 sheng1 feng1	no-cc-cedict-entry
寄生鲇	寄生鮎	ji4 sheng1 nian2	no-cc-cedict-entry
寄给	寄給	ji4 gei3	no-cc-cedict-entry
密室推理	密室推理	mi4 shi4 tui1 li3	no-cc-cedict-entry
密思卡岱	密思卡岱	Mi4 si1 ka3 dai4	no-cc-cedict-entry
密纹唱片	密紋唱片	mi4 wen2 chang4 pian4	no-cc-cedict-entry
密钥	密鑰	mi4 yue4	no-cc-cedict-entry
富伦	富倫	fu4 lun2	no-cc-cedict-entry
富士箱根伊豆国立公园	富士箱根伊豆國立公園	fu4 shi4 xiang1 gen1 yi1 dou4 guo2 li4 gong1 yuan2	no-cc-cedict-entry
寒冷西北风	寒冷西北風	han2 leng3 xi1 bei3 feng1	no-cc-cedict-entry
寒号鸟	寒號鳥	han2 hao4 niao3	no-cc-cedict-entry
寒喧语	寒喧語	han2 xuan1 yu3	no-cc-cedict-entry
察觉到	察覺到	cha2 jue2 dao4	no-cc-cedict-entry
寠	寠	ju4	no-cc-cedict-entry
寡欲手机	寡欲手機	gua3 yu4 shou3 ji1	no-cc-cedict-entry
对中	對中	dui4 zhong1	no-cc-cedict-entry
对人	对人	dui4 ren2	no-cc-cedict-entry
对位角	對位角	dui4 wei4 jiao3	no-cc-cedict-entry
对口国际	对口国際	dui4 kou3 guo2 ji4	no-cc-cedict-entry
对台	對臺	dui4 tai2	no-cc-cedict-entry
对吗	對嗎	dui4 ma5	no-cc-cedict-entry
对外开放	對外開放	dui4 wai4 kai1 fang4	no-cc-cedict-entry
对外泄露	對外泄露	dui4 wai4 xie4 lu4	no-cc-cedict-entry
对此	對此	dui4 ci3	no-cc-cedict-entry
对立事件	對立事件	dui4 li4 shi4 jian4	no-cc-cedict-entry
寻爱绮梦	尋愛綺夢	xun2 ai4 qi3 meng4	no-cc-cedict-entry
导航系统	導航系統	dao3 hang2 xi4 tong3	no-cc-cedict-entry
封闭式	封閉式	feng1 bi4 shi4	no-cc-cedict-entry
封闭性开局	封閉性開局	Feng1 bi4 xing4 Kai1 ju2	no-cc-cedict-entry
封面女郎	封麵女郎	feng1 mian4 ru3 lang2	no-cc-cedict-entry
尅	尅	ke4	no-cc-cedict-entry
将是	將是	jiang1 shi4	no-cc-cedict-entry
小丫头	小丫頭	xiao3 ya1 tou5	no-cc-cedict-entry
小乔	小喬	xiao3 qiao2	no-cc-cedict-entry
小体鲟	小體鱘	xiao3 ti3 xun2	no-cc-cedict-entry
小儿	小兒	xiao3 r	no-cc-cedict-entry
小兔崽子	小兔崽子	xiao3 tu2 zai3 zi5	no-cc-cedict-entry
小兰	小蘭	xiao3 lan2	no-cc-cedict-entry
小动物	小動物	xiao3 dong4 wu4	no-cc-cedict-entry
小口	小口	xiao3 kou3	no-cc-cedict-entry
小块	小塊	xiao3 kuai4	no-cc-cedict-entry
小城之春	小城之春	xiao3 cheng2 zhi1 chun1	no-cc-cedict-entry
小太阳的愿望	小太陽的願望	xiao3 tai4 yang2 de5 yuan4 wang4	no-cc-cedict-entry
小女孩	小女孩	xiao3 nu:3 hai2	no-cc-cedict-entry
小妞	小妞	xiao3 niu1	no-cc-cedict-entry
小姐与流氓	小姐與流氓	xiao3 jie5 yu3 liu2 mang2	no-cc-cedict-entry
小孩堤防	小孩堤防	Xiao3 hai2 Di2 fang2	no-cc-cedict-entry
小宝宝	小寶寶	xiao3 bao3 bao3	no-cc-cedict-entry
小宝贝	小寶貝	xiao3 bao3 bei4	no-cc-cedict-entry
小小雪精灵	小小雪精靈	xiao3 xiao3 xue3 jing1 ling2	no-cc-cedict-entry
小山	小山	xiao3 shan1	no-cc-cedict-entry
小山羊	小山羊	xiao3 shan1 yang2	no-cc-cedict-entry
小島	小島	Xiao3 dao3	no-cc-cedict-entry
小心有牙	小心有牙	xiao3 xin1 you3 ya2	no-cc-cedict-entry
小心碰头	小心碰頭	xiao3 xin1 peng4 tou2	no-cc-cedict-entry
小月	小月	xiao3 yue4	no-cc-cedict-entry
小木屋	小木屋	xiao3 mu4 wu1	no-cc-cedict-entry
小李	小李	xiao3 li3	no-cc-cedict-entry
小李子	小李子	xiao3 li3 zi3	no-cc-cedict-entry
小村	小村	xiao3 cun1	no-cc-cedict-entry
小林姬鼠	小林姬鼠	xiao3 lin2 ji1 shu3	no-cc-cedict-entry
小游戏	小遊戲	xiao3 you2 xi4	no-cc-cedict-entry
小猪	小豬	xiao3 zhu1	no-cc-cedict-entry
小王子	小王子	xiao3 wang2 zi3	no-cc-cedict-entry
小瓶	小瓶	xiao3 ping2	no-cc-cedict-entry
小男孩原子弹	小男孩原子彈	xiao3 nan2 hai2 yuan2 zi3 dan4	no-cc-cedict-entry
小破团	小破團	xiao3 po4 tuan2	no-cc-cedict-entry
小站	小站	xiao3 zhan4	no-cc-cedict-entry
小红	小紅	xiao3 hong2	no-cc-cedict-entry
小舰队	小艦隊	xiao3 jian4 dui4	no-cc-cedict-entry
小行星家族	小行星家族	xiao3 xing2 xing1 jia1 zu2	no-cc-cedict-entry
小路之歌	小路之歌	xiao3 lu4 zhi1 ge1	no-cc-cedict-entry
小门	小門	xiao3 men2	no-cc-cedict-entry
小队	小隊	xiao3 dui4	no-cc-cedict-entry
小青	小青	xiao3 qing1	no-cc-cedict-entry
小食蚁兽	小食蟻獸	xiao3 shi2 yi3 shou4	no-cc-cedict-entry
小鹿	小鹿	xiao3 lu4	no-cc-cedict-entry
小麦哲伦星系	小麥哲倫星繫	xiao3 mai4 zhe2 lun2 xing1 xi4	no-cc-cedict-entry
小鼷鹿	小鼷鹿	xiao3 xi1 lu4	no-cc-cedict-entry
少了	少了	shao3 le5	no-cc-cedict-entry
少于	少於	shao3 yu2	no-cc-cedict-entry
少年儿童	少年兒童	shao4 nian2 er2 tong2	no-cc-cedict-entry
少年印第安那琼斯年谱	少年印第安那瓊斯年譜	shao4 nian2 yin4 di4 an1 na4 qiong2 si1 nian2 pu3	no-cc-cedict-entry
少年维特的烦恼	少年維特的煩惱	shao4 nian2 wei2 te4 de5 fan2 nao3	no-cc-cedict-entry
少废话	少廢話	shao3 fei4 hua4	no-cc-cedict-entry
少琳	少琳	shao3 lin2	no-cc-cedict-entry
少说	少說	shao3 shuo1	no-cc-cedict-entry
少遗憾	少遗憾	shao3 yi2 han4	no-cc-cedict-entry
尒	尒	er3	no-cc-cedict-entry
尔米亚湖	爾米亞湖	er3 mi3 ya4 hu2	no-cc-cedict-entry
尖叫声	尖叫聲	jian1 jiao4 sheng1	no-cc-cedict-entry
尖吻七鳃鲨	尖吻七鰓鯊	jian1 wen3 qi1 sai1 sha1	no-cc-cedict-entry
尖声	尖聲	jian1 sheng1	no-cc-cedict-entry
尖尾兔袋鼠	尖尾兔袋鼠	jian1 yi3 tu4 dai4 shu3	no-cc-cedict-entry
尚佩恩	尚珮恩	shang4 pei4 en1	no-cc-cedict-entry
尝尝	嘗嘗	chang2 chang5	no-cc-cedict-entry
尟	尟	xian3	no-cc-cedict-entry
尤金・塞尔南	尤金・塞爾南	You2 jin1 · Sai4 er3 nan2	no-cc-cedict-entry
尤金·塞尔南	尤金·塞爾南	You2 jin1 · Sai4 er3 nan2	no-cc-cedict-entry
就业形势	就業形勢	jiu4 ye4 xing2 shi4	no-cc-cedict-entry
就使	就使	jiu4 shi3	no-cc-cedict-entry
就像	就像	jiu4 xiang4	no-cc-cedict-entry
就坐	就坐	jiu4 zuo4	no-cc-cedict-entry
尼亚	尼亞	ni2 ya4	no-cc-cedict-entry
尼伯龙根的指环	尼伯龍根的指環	ni2 bo2 long2 gen1 di4 zhi3 huan2	no-cc-cedict-entry
尼加拉瓜问题协商小组	尼加拉瓜问题协商小组	ni2 jia1 la1 gua1 wen4 ti2 xie2 shang1 xiao3 zu3	no-cc-cedict-entry
尼古拉斯	尼古拉斯	ni2 gu3 la1 si1	no-cc-cedict-entry
尼奥尔	尼奧爾	Ni2 ao4 er3	no-cc-cedict-entry
尼尔	尼爾	ni2 er3	no-cc-cedict-entry
尼格拉城门	尼格拉城門	ni2 ge2 la1 cheng2 men2	no-cc-cedict-entry
尼莫	尼莫	ni2 mo4	no-cc-cedict-entry
尾巴	尾巴	yi3 ba5	no-cc-cedict-entry
尿道炎	尿道炎	niao4 dao4 yan2	no-cc-cedict-entry
局外人	局外人	ju2 wai4 ren2	no-cc-cedict-entry
屁墩儿	屁墩兒	pi4 dun1 r	no-cc-cedict-entry
屁股蹲儿	屁股蹲兒	pi4 gu5 dun1 r	no-cc-cedict-entry
层叠样式表	層疊樣式表	ceng2 die2 yang4 shi4 biao3	no-cc-cedict-entry
层速度图	層速度圖	ceng2 su4 duo2 tu2	no-cc-cedict-entry
居丧	居喪	ju1 sang4	no-cc-cedict-entry
居住区	居住區	ju1 zhu4 qu1	no-cc-cedict-entry
居住权	居住權	ju1 zhu4 quan2	no-cc-cedict-entry
居家男人	居家男人	ju1 jia1 nan2 ren2	no-cc-cedict-entry
居特斯洛	居特斯洛	ju1 te4 si1 luo4	no-cc-cedict-entry
屈尔内	屈爾內	qu1 er3 nei4	no-cc-cedict-entry
屈雷丝	屈雷絲	qu1 lei2 si1	no-cc-cedict-entry
屌你老母	屌你老母	diao3 ni3 lao3 mu3	no-cc-cedict-entry
屏幕保护	屏幕保護	ping2 mu4 bao3 hu4	no-cc-cedict-entry
屏幕少年	屏幕少年	ping2 mu4 shao4 nian2	no-cc-cedict-entry
屏障手势	屏障手勢	ping2 zhang4 shou3 shi4	no-cc-cedict-entry
展厅	展廳	zhan3 ting1	no-cc-cedict-entry
展开式	展開式	zhan3 kai1 shi4	no-cc-cedict-entry
履中天皇	履中天皇	lu:3 zhong1 tian1 huang2	no-cc-cedict-entry
山上	山上	Shan1 shang4	no-cc-cedict-entry
山人	山人	shan1 ren2	no-cc-cedict-entry
山斑马	山斑馬	shan1 ban1 ma3	no-cc-cedict-entry
山花	山花	shan1 hua1	no-cc-cedict-entry
山茱萸科	山茱萸科	shan1 zhu1 yu2 ke1	no-cc-cedict-entry
山里	山裏	shan1 li3	no-cc-cedict-entry
山雀科	山雀科	shan1 qiao3 ke1	no-cc-cedict-entry
岳史狄	嶽史狄	yue4 shi3 di2	no-cc-cedict-entry
峠	峠	qia3	no-cc-cedict-entry
峩	峩	e2	no-cc-cedict-entry
峯	峯	feng1	no-cc-cedict-entry
崤	崤	yao2	no-cc-cedict-entry
嵌入式系统	嵌入式系統	qian4 ru4 shi4 xi4 tong3	no-cc-cedict-entry
嵒	嵒	yan2	no-cc-cedict-entry
嵗	嵗	sui4	no-cc-cedict-entry
嵼	嵼	chan3	no-cc-cedict-entry
嵾	嵾	cen1	no-cc-cedict-entry
嶔	嶔	qin1	no-cc-cedict-entry
嶨	嶨	xue2	no-cc-cedict-entry
嶮	嶮	xian3	no-cc-cedict-entry
巂	巂	sui3	no-cc-cedict-entry
巘	巘	yan3	no-cc-cedict-entry
工业企业	工業企業	gong1 ye4 qi3 ye4	no-cc-cedict-entry
工业光魔	工業光魔	gong1 ye4 guang1 mo2	no-cc-cedict-entry
工业园	工業園	gong1 ye4 yuan2	no-cc-cedict-entry
工作上	工作上	gong1 zuo4 shang4	no-cc-cedict-entry
工作会议	工作會議	gong1 zuo4 hui4 yi4	no-cc-cedict-entry
工作原理	工作原理	gong1 zuo4 yuan2 li3	no-cc-cedict-entry
工作小组	工作小組	gong1 zuo4 xiao3 zu3	no-cc-cedict-entry
工作岗位	工作崗位	gong1 zuo4 gang3 wei4	no-cc-cedict-entry
工作年限	工作年限	gong1 zuo4 nian2 xian4	no-cc-cedict-entry
工作温度	工作溫度	gong1 zuo4 wen1 du4	no-cc-cedict-entry
工作经验	工作經驗	gong1 zuo4 jing1 yan4	no-cc-cedict-entry
工作范围	工作范圍	gong1 zuo4 fan4 wei2	no-cc-cedict-entry
工具包	工具包	gong1 ju4 bao1	no-cc-cedict-entry
工厂设计	工厂设计	gong1 chang3 she4 ji4	no-cc-cedict-entry
工商局	工商局	gong1 shang1 ju2	no-cc-cedict-entry
工商管理	工商管理	gong1 shang1 guan3 li3	no-cc-cedict-entry
工场	工場	gong1 chang3	no-cc-cedict-entry
工程技术	工程技術	gong1 cheng2 ji4 shu4	no-cc-cedict-entry
工程管理	工程管理	gong1 cheng2 guan3 li3	no-cc-cedict-entry
工程设计	工程设计	gong1 cheng2 she4 ji4	no-cc-cedict-entry
工程造价	工程造價	gong1 cheng2 zao4 jia4	no-cc-cedict-entry
工薪	工薪	gong1 xin1	no-cc-cedict-entry
左下角	左下角	zuo3 xia4 jiao3	no-cc-cedict-entry
左手坐标系	左手坐標系	zuo3 shou3 zuo4 biao1 xi4	no-cc-cedict-entry
左键	左鍵	zuo3 jian4	no-cc-cedict-entry
左页	左頁	zuo3 ye4	no-cc-cedict-entry
巧克力丹麦酥	巧克力丹麥酥	qiao3 ke4 li4 dan1 mai4 su1	no-cc-cedict-entry
巧克力喷泉	巧克力噴泉	qiao3 ke4 li4 pen1 quan2	no-cc-cedict-entry
巧取豪夺	巧取豪奪	qiao3 qu3 hao2 duo2	no-cc-cedict-entry
巧夺天工	巧奪天工	qiao3 duo2 tian1 gong1	no-cc-cedict-entry
巧遇	巧遇	qiao3 yu4	no-cc-cedict-entry
巨引源	巨引源	ju4 yin3 yuan2	no-cc-cedict-entry
巨浪	巨浪	ju4 lang4	no-cc-cedict-entry
巨港	巨港	ju4 gang3	no-cc-cedict-entry
巨石斑鱼	巨石斑魚	ju4 shi2 ban1 yu2	no-cc-cedict-entry
巨贾	巨賈	ju4 gu3	no-cc-cedict-entry
巩立姣	鞏立姣	gong3 li4 jiao1	no-cc-cedict-entry
差点儿	差點兒	cha4 dian3 r	no-cc-cedict-entry
巰	巰	qiu2	no-cc-cedict-entry
己二酸	己二酸	ji3 er4 suan1	no-cc-cedict-entry
己所不欲勿施于人	己所不慾勿施於人	ji3 suo3 bu4 yu4 wu4 shi1 yu2 ren2	no-cc-cedict-entry
己烷	己烷	ji3 wan2	no-cc-cedict-entry
己酸	己酸	ji3 suan1	no-cc-cedict-entry
已扩张	已擴張	yi3 kuo4 zhang1	no-cc-cedict-entry
已有	已有	yi3 you3	no-cc-cedict-entry
已经安装	已經安裝	yi3 jing1 an1 zhuang1	no-cc-cedict-entry
巴士快速交通系统	巴士快速交通系統	ba1 shi4 kuai4 su4 jiao1 tong1 xi4 tong3	no-cc-cedict-entry
巴士餐厅	巴士餐廳	ba1 shi4 can1 ting1	no-cc-cedict-entry
巴布亚新畿内亚国家足球队	巴布亞新畿內亞國家足球隊	ba1 bu4 ya4 xin1 ji1 nei4 ya4 guo2 jia1 zu2 qiu2 dui4	no-cc-cedict-entry
巴布亚皮钦语	巴布亞皮欽語	ba1 bu4 ya4 pi2 qin1 yu3	no-cc-cedict-entry
巴布·狄伦	巴布·狄倫	Ba1 bu4 · Di2 lun2	no-cc-cedict-entry
巴拿马地峡	巴拿馬地峽	ba1 na2 ma3 di4 xia2	no-cc-cedict-entry
巴掌	巴掌	ba1 zhang3	no-cc-cedict-entry
巴斯利卡塔	巴斯利卡塔	ba1 si1 li4 ka3 ta3	no-cc-cedict-entry
巴斯拉	巴斯拉	ba1 si1 la1	no-cc-cedict-entry
巴林王国	巴林王國	ba1 lin2 wang4 guo2	no-cc-cedict-entry
巴比	巴比	ba1 bi3	no-cc-cedict-entry
巴甫洛娃蛋糕	巴甫洛娃蛋糕	ba1 fu3 luo4 wa2 dan4 gao1	no-cc-cedict-entry
巴西航空工业公司	巴西航空工業公司	ba1 xi1 hang2 kong1 gong1 ye4 gong1 si1	no-cc-cedict-entry
巴黎大众运输公司	巴黎大眾運輸公司	ba1 li2 da4 zhong4 yun4 shu1 gong1 si1	no-cc-cedict-entry
市场价格	市場價格	shi4 chang3 jia4 ge2	no-cc-cedict-entry
市场分析	市場分析	shi4 chang3 fen1 xi1	no-cc-cedict-entry
市场开发	市場開發	shi4 chang3 kai1 fa1	no-cc-cedict-entry
市场开拓	市場開拓	shi4 chang3 kai1 tuo4	no-cc-cedict-entry
市场推广	市場推廣	shi4 chang3 tui1 guang3	no-cc-cedict-entry
市场机制	市場機制	shi4 chang3 ji1 zhi4	no-cc-cedict-entry
市场潜力	市場潛力	shi4 chang3 qian2 li4	no-cc-cedict-entry
市场研究	市場研究	shi4 chang3 yan2 jiu1	no-cc-cedict-entry
市场调研	市場調研	shi4 chang3 diao4 yan2	no-cc-cedict-entry
市场部	市場部	shi4 chang3 bu4	no-cc-cedict-entry
市场需求	市場需求	shi4 chang3 xu1 qiu2	no-cc-cedict-entry
市警	市警	shi4 jing3	no-cc-cedict-entry
市话	市話	shi4 hua4	no-cc-cedict-entry
布兰洁	布蘭潔	bu4 lan2 jie2	no-cc-cedict-entry
布兰达	布蘭達	bu4 lan2 da2	no-cc-cedict-entry
布拉德福德城足球俱乐部	布拉德福德城足球俱樂部	bu4 la1 de2 fu2 de2 cheng2 zu2 qiu2 ju4 le4 bu4	no-cc-cedict-entry
布拉德·彼特	布拉德·彼特	Bu4 la1 de2 · Bi3 te4	no-cc-cedict-entry
布莉姬特·马克龙	布莉姬特·馬克龍	Bu4 li4 ji1 te4 · ma3 ke4 long2	no-cc-cedict-entry
布莱特妮·墨菲	佈萊特妮·墨菲	Bu4 lai2 te4 ni1 · Mo4 fei1	no-cc-cedict-entry
布阵	布陣	bu4 zhen4	no-cc-cedict-entry
帅哥美女	帥哥美女	shuai4 ge1 mei3 nu:3	no-cc-cedict-entry
师团	師糰	shi1 tuan2	no-cc-cedict-entry
师范学校	師範學校	shi1 fan4 xue2 xiao4	no-cc-cedict-entry
师门	師門	shi1 men2	no-cc-cedict-entry
希奥利艾	希奧利艾	xi1 ao4 li4 yi4	no-cc-cedict-entry
希拉毒蜥	希拉毒蜥	xi1 la1 du2 xi1	no-cc-cedict-entry
希拉里・克林顿	希拉里・克林頓	Xi1 la1 li3 · Ke4 lin2 dun4	no-cc-cedict-entry
希斯·莱杰	希斯·萊傑	Xi1 si1 · Lai2 jie2	no-cc-cedict-entry
希贝尼克	希貝尼克	xi1 bei4 ni2 ke4	no-cc-cedict-entry
帐蓬	帳蓬	zhang4 peng5	no-cc-cedict-entry
帕克	帕克	pa4 ke4	no-cc-cedict-entry
帕兰诺平原战役	帕蘭諾平原戰役	pa4 lan2 nuo4 ping2 yuan2 zhan4 yi4	no-cc-cedict-entry
帕泰	帕特	pa4 tai4	no-cc-cedict-entry
帕特	帕特	pa4 te2	no-cc-cedict-entry
带到	帶到	dai4 dao4	no-cc-cedict-entry
带回家	帶回家	dai4 hui2 jia1	no-cc-cedict-entry
带孩子	帶孩子	dai4 hai2 zi3	no-cc-cedict-entry
带球	帶球	dai4 qiu2	no-cc-cedict-entry
帧	幀	zheng4	no-cc-cedict-entry
帮助文件	幫助文件	bang1 zhu4 wen2 jian4	no-cc-cedict-entry
帮手	幫手	bang1 shou3	no-cc-cedict-entry
常去	常去	chang2 qu4	no-cc-cedict-entry
常见病	常見病	chang2 jian4 bing4	no-cc-cedict-entry
常说	常說	chang2 shuo1	no-cc-cedict-entry
常说谎的	常說謊的	chang2 shuo1 huang3 de5	no-cc-cedict-entry
幂函数	冪函數	mi4 han2 shu4	no-cc-cedict-entry
幂零元	冪零元	mi4 ling2 yuan2	no-cc-cedict-entry
幌筵岛	幌筵島	huang3 yan2 dao3	no-cc-cedict-entry
幕斯	幕斯	mu4 si1	no-cc-cedict-entry
幙	幙	mu4	no-cc-cedict-entry
干了	幹了	gan4 le5	no-cc-cedict-entry
干你妈	幹你媽	gan4 ni3 ma1	no-cc-cedict-entry
干儿	乾兒	gan1 r	no-cc-cedict-entry
干哕	乾噦	gan1 yue3	no-cc-cedict-entry
干啥	幹啥	gan4 sha2	no-cc-cedict-entry
干干净净	乾乾淨淨	gan1 gan1 jing4 jing4	no-cc-cedict-entry
干活儿	幹活兒	gan4 huo2 r	no-cc-cedict-entry
干热消毒器	干热消毒器	gan1 re4 xiao1 du2 qi4	no-cc-cedict-entry
平原斑马	平原斑馬	ping2 yuan2 ban1 ma3	no-cc-cedict-entry
平均价格	平均價格	ping2 jun1 jia4 ge2	no-cc-cedict-entry
平心静气	平心靜氣	ping2 xin1 jing4 qi4	no-cc-cedict-entry
平流雾	平流霧	ping2 liu2 wu4	no-cc-cedict-entry
平直变换	平直變換	ping2 zhi2 bian4 huan4	no-cc-cedict-entry
平行投影	平行投影	ping2 xing2 tou2 ying3	no-cc-cedict-entry
平行线分线段成比例定理	平行線分線段成比例定理	ping2 xing2 xian4 fen1 xian4 duan4 cheng2 bi3 li4 ding4 li3	no-cc-cedict-entry
平衡球	平衡球	ping2 heng2 qiu2	no-cc-cedict-entry
平面广告	平面廣告	ping2 mian4 guang3 gao4	no-cc-cedict-entry
年份	年份	nian2 fen5	no-cc-cedict-entry
年均增长	年均增長	nian2 jun1 zeng1 zhang3	no-cc-cedict-entry
年头儿	年頭兒	nian2 tou2 r	no-cc-cedict-entry
年平均	年平均	nian2 ping2 jun1	no-cc-cedict-entry
年景	年景	nian2 jing3	no-cc-cedict-entry
年月日	年月日	nian2 yue4 ri4	no-cc-cedict-entry
年纪轻	年紀輕	nian2 ji4 qing1	no-cc-cedict-entry
并不多	並不多	bing4 bu4 duo1	no-cc-cedict-entry
并把	並把	bing4 ba3	no-cc-cedict-entry
并行端口	並行端口	bing4 xing2 duan1 kou3	no-cc-cedict-entry
幸手市	幸手市	xing4 shou3 shi4	no-cc-cedict-entry
广为人知	廣為人知	guang3 wei2 ren2 zhi1	no-cc-cedict-entry
广义积分	廣義積分	guang3 yi4 ji1 fen1	no-cc-cedict-entry
广博仙人	廣博仙人	guang3 bo2 xian1 ren2	no-cc-cedict-entry
广告公司	廣告公司	guang3 gao4 gong1 si1	no-cc-cedict-entry
广告印刷品	廣告印刷品	guang3 gao4 yin4 shua4 pin3	no-cc-cedict-entry
广告狂人	廣告狂人	guang3 gao4 kuang2 ren2	no-cc-cedict-entry
广告设计	廣告設計	guang3 gao4 she4 ji4	no-cc-cedict-entry
广告词	廣告詞	guang3 gao4 ci2	no-cc-cedict-entry
广岛市原子弹爆炸	廣島市原子彈爆炸	guang3 dao3 shi4 yuan2 zi3 dan4 bao4 zha4	no-cc-cedict-entry
庄他武里	莊他武里	zhuang1 ta1 wu3 li3	no-cc-cedict-entry
庄稼活儿	莊稼活兒	zhuang1 jia5 huo2 r	no-cc-cedict-entry
庆尙北道	慶尙北道	Qing4 shang4 bei3 dao4	no-cc-cedict-entry
庆尙南道	慶尙南道	Qing4 shang4 nan2 dao4	no-cc-cedict-entry
庇护法	庇护法	bi4 hu4 fa3	no-cc-cedict-entry
床上用品	床上用品	chuang2 shang4 yong4 pin3	no-cc-cedict-entry
库乔亚区	庫喬亞區	ku4 qiao2 ya4 qu1	no-cc-cedict-entry
库亚巴	庫亞巴	ku4 ya4 ba1	no-cc-cedict-entry
库卡	庫卡	ku4 ka3	no-cc-cedict-entry
库尔布	庫爾布	Ku4 er3 bu4	no-cc-cedict-entry
库页岛千岛群岛交换条约	庫頁島千島群島交換條約	ku4 ye4 dao3 qian1 dao3 qun2 dao3 jiao1 huan4 tiao2 yue1	no-cc-cedict-entry
应允	應允	ying4 yun3	no-cc-cedict-entry
应变能力	應變能力	ying4 bian4 neng2 li4	no-cc-cedict-entry
应城	應城	Ying1 cheng2	no-cc-cedict-entry
应城市	應城市	Ying1 cheng2 shi4	no-cc-cedict-entry
应急预案	應急預案	ying4 ji2 yu4 an4	no-cc-cedict-entry
应用于	應用於	ying4 yong4 yu2	no-cc-cedict-entry
应用材料	應用材料	ying4 yong4 cai2 liao4	no-cc-cedict-entry
应用范围	應用範圍	ying4 yong4 fan4 wei2	no-cc-cedict-entry
应用领域	應用領域	ying4 yong4 ling3 yu4	no-cc-cedict-entry
应神天皇	應神天皇	ying4 shen2 tian1 huang2	no-cc-cedict-entry
应该说	應該說	ying1 gai1 shuo1	no-cc-cedict-entry
底板	底板	di3 ban3	no-cc-cedict-entry
底特律活塞队	底特律活塞隊	Di3 te4 lu:4 huo2 sai1 dui4	no-cc-cedict-entry
底特律红翼队	底特律紅翼隊	di3 te4 lu:4 hong2 yi4 dui4	no-cc-cedict-entry
底色	底色	di3 se4	no-cc-cedict-entry
庞伟	龐偉	pang2 wei3	no-cc-cedict-entry
庞佳颖	龐佳穎	pang2 jia1 ying3	no-cc-cedict-entry
庞特里亚金	龐特里亞金	pang2 te4 li3 ya4 jin1	no-cc-cedict-entry
废弃物	廢棄物	fei4 qi4 wu4	no-cc-cedict-entry
废除死刑	廢除死刑	fei4 chu2 si3 xing2	no-cc-cedict-entry
度量几何	度量幾何	du4 liang4 ji3 he2	no-cc-cedict-entry
座儿	座兒	zuo4 r	no-cc-cedict-entry
座堂山	座堂山	zuo4 tang2 shan1	no-cc-cedict-entry
康敏苏	康敏蘇	kang1 min3 su1	no-cc-cedict-entry
康瓦尔语	康瓦爾語	kang1 wa3 er3 yu3	no-cc-cedict-entry
廊桥遗梦	廊橋遺夢	lang2 qiao2 yi2 meng4	no-cc-cedict-entry
廎	廎	qing3	no-cc-cedict-entry
延时	延時	yan2 shi2	no-cc-cedict-entry
延误	延誤	yan2 wu5	no-cc-cedict-entry
廷杜夫	廷杜夫	ting2 du4 fu2	no-cc-cedict-entry
建厂	建廠	jian4 chang3	no-cc-cedict-entry
建立起	弗兰斯	jian4 li4 qi3	no-cc-cedict-entry
建筑工程	建築工程	jian4 zhu2 gong1 cheng2	no-cc-cedict-entry
建筑材料	建筑材料	jian4 zhu4 cai2 liao4	no-cc-cedict-entry
建筑结构	建築結構	jian4 zhu4 jie2 gou4	no-cc-cedict-entry
建筑设计	建築設計	jian4 zhu2 she4 ji4	no-cc-cedict-entry
建筑面积	建築面積	jian4 zhu2 mian4 ji1	no-cc-cedict-entry
建筑风格	建築風格	jian4 zhu4 feng1 ge2	no-cc-cedict-entry
建设工程	建設工程	jian5 she4 gong1 cheng2	no-cc-cedict-entry
建设用地	建設用地	jian4 she4 yong4 di4	no-cc-cedict-entry
建设者	建設者	jian4 she4 zhe3	no-cc-cedict-entry
建设部	建設部	jian4 she4 bu4	no-cc-cedict-entry
建设项目	建設項目	jian4 she4 xiang4 mu4	no-cc-cedict-entry
开关电源	開關電源	kai1 guan1 dian4 yuan2	no-cc-cedict-entry
开到	開到	kai1 dao4	no-cc-cedict-entry
开加博峰	開加博峰	kai1 jia1 bo2 feng1	no-cc-cedict-entry
开化天皇	開化天皇	kai1 hua4 tian1 huang2	no-cc-cedict-entry
开始菜单	開始菜單	kai1 shi3 cai4 dan1	no-cc-cedict-entry
开平方	開平方	kai1 ping2 fang1	no-cc-cedict-entry
开放可乐	開放可樂	kai1 fang4 ke3 le4	no-cc-cedict-entry
开放国民党	開放國民黨	kai1 fang4 guo2 min2 dang3	no-cc-cedict-entry
开着	開著	kai1 zhuo2	no-cc-cedict-entry
开立方	開立方	kai1 li4 fang1	no-cc-cedict-entry
异世奇人	異世奇人	yi4 shi4 qi2 ren2	no-cc-cedict-entry
异号	異號	yi4 hao4	no-cc-cedict-entry
异国短毛猫	異國短毛貓	yi4 guo2 duan3 mao2 mao1	no-cc-cedict-entry
异线	異線	yi4 xian4	no-cc-cedict-entry
异面	異面	yi4 mian4	no-cc-cedict-entry
弄好	弄好	nong4 hao3	no-cc-cedict-entry
弄清楚	弄清楚	nong4 qing1 chu3	no-cc-cedict-entry
弓足梢蛛	弓足梢蛛	gong1 zu2 shao1 zhu1	no-cc-cedict-entry
弓鳍鱼	弓鰭魚	gong1 qi2 yu2	no-cc-cedict-entry
弓鳍鱼目	弓鰭魚目	gong1 qi2 yu2 mu4	no-cc-cedict-entry
引来	引來	yin3 lai2	no-cc-cedict-entry
引渡诉讼	引渡诉讼	yin3 du4 su4 song4	no-cc-cedict-entry
弗利	弗利	fu2 li4	no-cc-cedict-entry
弗尔克林根钢铁厂	弗爾克林根鋼鐵廠	fu2 er3 ke4 lin2 gen1 gang1 tie3 chang3	no-cc-cedict-entry
弗朗索瓦・霍兰德	弗朗索瓦・霍蘭德	Fu2 lang3 suo3 wa3 · Huo4 lan2 de2	no-cc-cedict-entry
弗沃茨瓦韦克	弗沃茨瓦韋剋	fu2 wo4 ci2 wa3 wei2 ke4	no-cc-cedict-entry
弗罗林	弗罗林	fu2 luo1 lin2	no-cc-cedict-entry
弗罗热	弗罗熱	fu2 luo1 re4	no-cc-cedict-entry
弗茜娅	弗莱婭	fu2 qian4 ya4	no-cc-cedict-entry
弗莱劳瑞秀	弗萊勞瑞秀	fu2 lai2 lao2 rui4 xiu4	no-cc-cedict-entry
弗莱达	弗萊達	fu2 lai2 da2	no-cc-cedict-entry
弗里希	弗里希	fu2 li3 xi1	no-cc-cedict-entry
弗里达	弗里達	fu2 li3 da2	no-cc-cedict-entry
张大	張大	zhang1 da4	no-cc-cedict-entry
张开嘴	張開嘴	zhang1 kai1 zui3	no-cc-cedict-entry
弦途有你	弦途有你	xian2 tu2 you3 ni3	no-cc-cedict-entry
弧光之源	弧光之源	hu2 guang1 zhi1 yuan2	no-cc-cedict-entry
弧矢七	弧矢七	hu2 shi3 qi1	no-cc-cedict-entry
弯刀	彎刀	wan1 dao1	no-cc-cedict-entry
弱者	弱者	ruo4 zhe3	no-cc-cedict-entry
弸	弸	beng1	no-cc-cedict-entry
弹尾目	彈尾目	tan2 wei3 mu4	no-cc-cedict-entry
弹性系数	彈性係數	tan2 xing4 xi4 shu4	no-cc-cedict-entry
弹性素食主义	彈性素食主義	tan2 xing4 su4 shi2 zhu3 yì5	no-cc-cedict-entry
弹钢琴	彈鋼琴	tan2 gang1 qin2	no-cc-cedict-entry
强光	強光	qiang2 guang1	no-cc-cedict-entry
强制性	強制性	qiang2 zhi4 xing4	no-cc-cedict-entry
强子对撞机	強子對撞機	qiang2 zi3 dui4 zhuang4 ji1	no-cc-cedict-entry
强忍	強忍	qiang2 ren3	no-cc-cedict-entry
强殖装甲	強殖裝甲	qiang2 zhi2 zhuang1 jia3	no-cc-cedict-entry
彆	彆	bie4	no-cc-cedict-entry
彊	彊	qiang2	no-cc-cedict-entry
彊	彊	jiang4	no-cc-cedict-entry
归仁乡	歸仁鄉	Gui1 ren2 xiang1	no-cc-cedict-entry
当今社会	當今社會	dang1 jin1 she4 hui4	no-cc-cedict-entry
当儿	當兒	dang1 r	no-cc-cedict-entry
当前位置	當前位置	dang1 qian2 wei4 zhi4	no-cc-cedict-entry
当地人	當地人	dang1 di4 ren2	no-cc-cedict-entry
当家做主	當家做主	dang1 jia1 zuo4 zhu3	no-cc-cedict-entry
当当当	當當當	dang1 dang1 dang1	no-cc-cedict-entry
当真	當真	dang1 zhen1	no-cc-cedict-entry
当选为	當選為	dang1 xuan3 wei2	no-cc-cedict-entry
形式上	形式上	xing2 shi4 shang4	no-cc-cedict-entry
彩京	彩京	cai3 jing1	no-cc-cedict-entry
彩图	彩圖	cai3 tu2	no-cc-cedict-entry
彩绘沙漠	彩繪沙漠	cai3 hui4 sha1 mo4	no-cc-cedict-entry
彩色印刷品	彩色印刷品	cai3 se4 yin4 shua4 pin3	no-cc-cedict-entry
彭世洛	彭世洛	peng2 shi4 luo4	no-cc-cedict-entry
彭世洛府	彭世洛府	peng2 shi4 luo4 fu3	no-cc-cedict-entry
影像化	影像化	ying3 xiang4 hua4	no-cc-cedict-entry
影城	影城	ying3 cheng2	no-cc-cedict-entry
影楼	影樓	ying3 lou2	no-cc-cedict-entry
影武者	影武者	ying3 wu3 zhe3	no-cc-cedict-entry
影音双面碟	影音雙面碟	ying3 yin1 shuang1 mian4 die2	no-cc-cedict-entry
彷佛	彷彿	fang3 fu2	no-cc-cedict-entry
彿	彿	fu2	no-cc-cedict-entry
往	往	wang4	no-cc-cedict-entry
往上	往上	wang3 shang4	no-cc-cedict-entry
往上爬	往上爬	wang3 shang4 pa2	no-cc-cedict-entry
往下	往下	wang3 xia4	no-cc-cedict-entry
往前走	往前走	wang3 qian2 zou3	no-cc-cedict-entry
往南	往南	wang3 nan2	no-cc-cedict-entry
往西	往西	wang3 xi1	no-cc-cedict-entry
征求意见	徵求意見	zheng1 qiu2 yi4 jian4	no-cc-cedict-entry
待会儿	待會兒	dai1 hui4 r	no-cc-cedict-entry
待办事项	很德日克	dai1 ban4 shi4 xiang4	no-cc-cedict-entry
很不	很不	hen3 bu4	no-cc-cedict-entry
很不幸	很不幸	hen3 bu4 xing4	no-cc-cedict-entry
很久	很久	hen3 jiu3	no-cc-cedict-entry
很久以前	很久以前	hen3 jiu3 yi3 qian2	no-cc-cedict-entry
很伤心	很傷心	hen3 shang1 xin1	no-cc-cedict-entry
很可惜	很可惜	hen3 ke3 xi1	no-cc-cedict-entry
很可能	很可能	hen3 ke3 neng2	no-cc-cedict-entry
很多	很多	hen3 duo1	no-cc-cedict-entry
很多人	很多人	hen3 duo1 ren2	no-cc-cedict-entry
很多次	很多次	hen3 duo1 ci4	no-cc-cedict-entry
很大	很大	hen3 da4	no-cc-cedict-entry
很好	很好	hen3 hao3	no-cc-cedict-entry
很好玩	很好玩	hen3 hao3 wan2	no-cc-cedict-entry
很好看	很好看	hen3 hao3 kan4	no-cc-cedict-entry
很小	很小	hen3 xiao3	no-cc-cedict-entry
很少	很少	hen3 shao3	no-cc-cedict-entry
很快	很快	hen3 kuai4	no-cc-cedict-entry
很想	很想	hen3 xiang3	no-cc-cedict-entry
很抱歉	很抱歉	hen3 bao4 qian4	no-cc-cedict-entry
很有意思	很有意思	hen3 you3 yi4 si1	no-cc-cedict-entry
很简单	很简单	hen3 jian3 dan1	no-cc-cedict-entry
很远	很遠	hen3 yuan3	no-cc-cedict-entry
很遗憾	很遺憾	hen3 yi2 han4	no-cc-cedict-entry
很难	很難	hen3 nan2	no-cc-cedict-entry
很难说	很難說	hen3 nan2 shuo1	no-cc-cedict-entry
律师协会	律師協會	lu:4 shi1 xie2 hui4	no-cc-cedict-entry
復	復	fu4	no-cc-cedict-entry
微光城市	微光城市	wei1 guang1 cheng2 shi4	no-cc-cedict-entry
微循环	微循環	wei1 xun2 huan2	no-cc-cedict-entry
微收费	微收費	wei1 shou1 fei4	no-cc-cedict-entry
徵	徵	zheng1	no-cc-cedict-entry
德克斯特的实验室	德克斯特的實驗室	de2 ke4 si1 te4 de5 shi2 yan4 shi4	no-cc-cedict-entry
德国足球乙级联赛	德國足球乙級聯賽	de2 guo2 zu2 qiu2 yi3 ji2 lian2 sai4	no-cc-cedict-entry
德布勒森	德布勒森	De2 bu4 le4 sen1	no-cc-cedict-entry
德文郡	德文郡	de2 wen2 jun4	no-cc-cedict-entry
德甲	德甲	de2 jia3	no-cc-cedict-entry
德鲁伊	德魯伊	de2 lu3 yi1	no-cc-cedict-entry
心智年龄	心智年齡	xin1 zhi4 nian2 ling2	no-cc-cedict-entry
心智政治	心智政治	xin1 zhi4 zheng4 zhi4	no-cc-cedict-entry
心灵政治	心靈政治	xin1 ling2 zheng4 zhi4	no-cc-cedict-entry
心理上	心理上	xin1 li3 shang4	no-cc-cedict-entry
心理健康	心理健康	xin1 li3 jian4 kang1	no-cc-cedict-entry
心理医生	心理醫生	xin1 li3 yi1 sheng1	no-cc-cedict-entry
心理咨询	心理咨询	xin1 li3 zi1 xun2	no-cc-cedict-entry
心理治疗	心理治療	xin1 li3 zhi4 liao2	no-cc-cedict-entry
心理测试	心理測試	xin1 li3 ce4 shi4	no-cc-cedict-entry
心理素质	心理素質	xin1 li3 su4 zhi4	no-cc-cedict-entry
心理障碍	心理障礙	xin1 li3 zhang4 ai4	no-cc-cedict-entry
心眼儿	心眼兒	xin1 yan3 r	no-cc-cedict-entry
心窝儿	心窩兒	xin1 wo1 r	no-cc-cedict-entry
心蒂	心蔕	xin1 di4	no-cc-cedict-entry
心超	心超	xin1 chao1	no-cc-cedict-entry
忆巍	憶巍	yi4 wei1	no-cc-cedict-entry
忈佳	忈佳	ren2 jia1	no-cc-cedict-entry
忍住	忍住	ren3 zhu4	no-cc-cedict-entry
忏悔录	懺悔錄	chan4 hui3 lu4	no-cc-cedict-entry
志愿服务	志愿服务	zhi4 yuan4 fu4 wu4	no-cc-cedict-entry
志村五郎	誌村五郎	zhi4 cun1 wu3 lang2	no-cc-cedict-entry
忘不了	忘不了	wang4 bu4 liao3	no-cc-cedict-entry
忘东忘西	忘東忘西	wang4 dong1 wang4 xi1	no-cc-cedict-entry
忘记密码	忘記密碼	wang4 ji4 mi4 ma3	no-cc-cedict-entry
忙碌的	忙碌的	mang2 lu4 de5	no-cc-cedict-entry
快跑	快跑	kuai4 pao3	no-cc-cedict-entry
快速发展	快速發展	kuai4 su4 fa1 zhan3	no-cc-cedict-entry
快门速度	快門速度	kuai4 men2 su4 du4	no-cc-cedict-entry
怀俄明州	懷俄明州	Huai2 e2 ming2 zhou1	no-cc-cedict-entry
怀卢库	懷盧庫	huai2 lu2 ku4	no-cc-cedict-entry
怀塔克雷	懷塔剋雷	huai2 ta3 ke4 lei2	no-cc-cedict-entry
怀特普莱恩斯	懷特普萊恩斯	huai2 te4 pu3 lai2 en1 si1	no-cc-cedict-entry
怀着	懷著	huai2 zhe5	no-cc-cedict-entry
思想上	思想上	si1 xiang3 shang4	no-cc-cedict-entry
思想政治	思想政治	si1 xiang3 zheng4 zhi4	no-cc-cedict-entry
思想道德建设	思想道德建設	si1 xiang3 dao4 de2 jian4 she4	no-cc-cedict-entry
思维定式	思維定式	si1 wei2 ding4 shi4	no-cc-cedict-entry
思维方式	思維方式	si1 wei2 fang1 shi4	no-cc-cedict-entry
怡情悦性	怡情悅性	yi2 qing2 yue4 xing4	no-cc-cedict-entry
急流螈	急流螈	ji2 liu2 yuan2	no-cc-cedict-entry
性感内衣	性感內衣	xing4 gan3 nei4 yi1	no-cc-cedict-entry
性敲诈	性敲詐	xing4 qiao1 zha4	no-cc-cedict-entry
性熟存	性熟存	xing4 shu2 cun2	no-cc-cedict-entry
性爱录像带	性愛錄像帶	xing4 ai4 lu4 xiang4 dai4	no-cc-cedict-entry
性短信	性短信	xing4 duan3 xin4	no-cc-cedict-entry
性能参数	性能參數	xing4 neng2 can1 shu4	no-cc-cedict-entry
怪人奥尔·扬科维奇	怪人奧爾·揚科維奇	guai4 ren2 Ao4 er3 · Yang2 ke1 wei2 qi2	no-cc-cedict-entry
怪兽电力公司	怪獸電力公司	guai4 shou4 dian4 li4 gong1 si1	no-cc-cedict-entry
怪医杜立德	怪醫杜立德	guai4 yi1 du4 li4 de2	no-cc-cedict-entry
怪怪屋	怪怪屋	guai4 guai4 wu1	no-cc-cedict-entry
怪物猎人	怪物獵人	guai4 wu4 lie4 ren2	no-cc-cedict-entry
怪物王女	怪物王女	guai4 wu4 wang4 ru3	no-cc-cedict-entry
怳	怳	huang3	no-cc-cedict-entry
总会	總會	zong3 hui4	no-cc-cedict-entry
总务省	總務省	zong3 wu4 sheng3	no-cc-cedict-entry
总和生育率	總和生育率	zong3 he2 sheng1 yu4 lu:4	no-cc-cedict-entry
总成	總成	zong3 cheng2	no-cc-cedict-entry
总投资	總投資	zong3 tou2 zi1	no-cc-cedict-entry
总指挥	總指揮	zong3 zhi3 hui1	no-cc-cedict-entry
总督府	總督府	zong3 du1 fu3	no-cc-cedict-entry
总结经验	總結經驗	zong3 jie2 jing1 yan4	no-cc-cedict-entry
总行	總行	zong3 hang2	no-cc-cedict-entry
总面积	總面積	zong3 mian4 ji1	no-cc-cedict-entry
总鳍鱼类	總鰭魚類	zong3 qi2 yu2 lei4	no-cc-cedict-entry
恁	恁	ren4	no-cc-cedict-entry
恋爱梦游中	戀愛夢遊中	lian4 ai4 meng4 you2 zhong1	no-cc-cedict-entry
恋爱游戏	戀愛遊戲	lian4 ai4 you2 xi4	no-cc-cedict-entry
恋父情结	戀父情結	lian4 fu3 qing2 jie2	no-cc-cedict-entry
恐怖社区	恐怖社區	kong3 bu4 she4 qu1	no-cc-cedict-entry
恐惧的总和	恐懼的總和	kong3 ju4 de5 zong3 he2	no-cc-cedict-entry
恒同	恒同	heng2 tong2	no-cc-cedict-entry
恒春	恆春	Heng2 chun1	no-cc-cedict-entry
恒等变换	恒等變換	heng2 deng3 bian4 huan4	no-cc-cedict-entry
恢复正常	恢復正常	hui1 fu4 zheng4 chang2	no-cc-cedict-entry
恩威并重	恩威並重	en1 wei1 bing4 zhong4	no-cc-cedict-entry
恩波利	恩波利	en1 bo1 li4	no-cc-cedict-entry
恰切序列	恰切序列	qia4 qie4 xu4 lie4	no-cc-cedict-entry
恶之花	惡之花	e4 zhi1 hua1	no-cc-cedict-entry
恶势力	惡勢力	e4 shi4 li5	no-cc-cedict-entry
悟出	悟出	wu4 chu1	no-cc-cedict-entry
患病率	患病率	huan4 bing4 lu:4	no-cc-cedict-entry
您们	您們	nin2 men5	no-cc-cedict-entry
悲伤的街道	悲傷的街道	bei1 shang1 de5 jie1 dao4	no-cc-cedict-entry
悲情城市	悲情城市	bei1 qing2 cheng2 shi4	no-cc-cedict-entry
悽	悽	qi1	no-cc-cedict-entry
情况汇报	情況匯報	qing2 kuang4 hui4 bao4	no-cc-cedict-entry
情报局	情報局	qing2 bao4 ju2	no-cc-cedict-entry
情留半天	情留半天	qing2 liu2 ban4 tian1	no-cc-cedict-entry
情系	情系	qing2 xi4	no-cc-cedict-entry
情绪污染	情緒污染	qing2 xu4 wu1 ran3	no-cc-cedict-entry
情蒐	情蒐	qing2 sou1	no-cc-cedict-entry
惊魂未定	驚魂未定	jing1 hun2 wei4 ding4	no-cc-cedict-entry
惝	惝	tang3	no-cc-cedict-entry
惟几惟康	惟幾惟康	wei2 ji1 wei2 kang1	no-cc-cedict-entry
惟精惟一	惟精惟一	wei2 jing1 wei2 yi1	no-cc-cedict-entry
惠特妮・休斯顿	惠特妮・休斯頓	Hui4 te4 ni1 · Xiu1 si1 dun4	no-cc-cedict-entry
惨凄	慘淒	can3 qi1	no-cc-cedict-entry
想不起来	想不起來	xiang3 bu4 qi3 lai5	no-cc-cedict-entry
想做	想做	xiang3 zuo4	no-cc-cedict-entry
想办法	想辦法	xiang3 ban4 fa3	no-cc-cedict-entry
想去	想去	xiang3 qu4	no-cc-cedict-entry
想吐	想吐	xiang3 tu3	no-cc-cedict-entry
想想	想想	xiang3 xiang5	no-cc-cedict-entry
惷	惷	chun3	no-cc-cedict-entry
愈过去时	愈過去時	yu4 guo4 qu4 shi2	no-cc-cedict-entry
意乱情迷	意亂情迷	yi4 luan4 qing2 mi2	no-cc-cedict-entry
意兰祝	意兰祝	yi4 lan2 zhu4	no-cc-cedict-entry
意大利足球甲级联赛	意大利足球甲級聯賽	yi4 da4 li4 zu2 qiu2 jia3 ji2 lian2 sai4	no-cc-cedict-entry
意志的胜利	意志的勝利	yi4 zhi4 de5 sheng4 li4	no-cc-cedict-entry
意想	意想	yi4 xiang3	no-cc-cedict-entry
意气	意氣	yi4 qi4	no-cc-cedict-entry
意法半导体	意法半導體	yi4 fa3 ban4 dao3 ti1	no-cc-cedict-entry
感伤主义	感傷主義	gan3 shang1 zhu3 yi4	no-cc-cedict-entry
感光度	感光度	gan3 guang1 du4	no-cc-cedict-entry
感官乐园	感官樂園	gan3 guan1 le4 yuan2	no-cc-cedict-entry
感官的	感官的	gan3 guan1 de5	no-cc-cedict-entry
感情上	感情上	gan3 qing2 shang4	no-cc-cedict-entry
愤怒的公牛	憤怒的公牛	fen4 nu4 di4 gong1 niu2	no-cc-cedict-entry
愬	愬	su4	no-cc-cedict-entry
愿此刻永恒	願此刻永恆	yuan4 ci3 ke4 yong3 heng2	no-cc-cedict-entry
慕尼黑城铁	慕尼黑城鐵	mu4 ni2 hei1 cheng2 tie3	no-cc-cedict-entry
慕尼黑轻轨	慕尼黑輕軌	mu4 ni2 hei1 qing1 gui3	no-cc-cedict-entry
慢性疲勞症候群	慢性疲勞症候群	man4 xing4 pi2 lao2 zheng4 hou4 qun2	no-cc-cedict-entry
慬	慬	jin3	no-cc-cedict-entry
慴	慴	zhe2	no-cc-cedict-entry
慼	慼	qi1	no-cc-cedict-entry
慾望城市	慾望城市	yu4 wang4 cheng2 shi4	no-cc-cedict-entry
憖	憖	yin4	no-cc-cedict-entry
懃	懃	qin2	no-cc-cedict-entry
懒得	懶得	lan3 de2	no-cc-cedict-entry
懤	懤	chou2	no-cc-cedict-entry
懽	懽	huan1	no-cc-cedict-entry
戆豆先生	戇豆先生	zhuang4 dou4 xian1 sheng5	no-cc-cedict-entry
戆豆放大假	戇豆放大假	zhuang4 dou4 fang4 da4 jia3	no-cc-cedict-entry
戈纳伊夫	戈納伊夫	ge1 na4 yi1 fu2	no-cc-cedict-entry
戈纳夫湾	戈納夫灣	ge1 na4 fu2 wan1	no-cc-cedict-entry
成人叛逆期	成人叛逆期	cheng2 ren2 pan4 ni4 qi1	no-cc-cedict-entry
成人教育	成人教育	cheng2 ren2 jiao4 yu4	no-cc-cedict-entry
成功率	成功率	cheng2 gong1 lu:5	no-cc-cedict-entry
成功经验	成功經驗	cheng2 gong1 jing1 yan4	no-cc-cedict-entry
成功者	成功者	cheng2 gong1 zhe3	no-cc-cedict-entry
成务天皇	成務天皇	cheng2 wu4 tian1 huang2	no-cc-cedict-entry
成反比例	成反比例	cheng2 fan3 bi3 li4	no-cc-cedict-entry
成套设备	成套設備	cheng2 tao4 she4 bei4	no-cc-cedict-entry
成本控制	成本控制	cheng2 ben3 kong4 zhi4	no-cc-cedict-entry
成本核算	成本核算	cheng2 ben3 he2 suan4	no-cc-cedict-entry
成本管理	成本管理	cheng2 ben3 guan3 li3	no-cc-cedict-entry
成正比例	成正比例	cheng2 zheng4 bi3 li4	no-cc-cedict-entry
成比例数	成比例數	cheng2 bi3 li4 shu4	no-cc-cedict-entry
成熟的	成熟的	cheng2 shu2 de5	no-cc-cedict-entry
我一个人	我一個人	wo3 yi1 ge4 ren2	no-cc-cedict-entry
我也	我也	wo3 ye3	no-cc-cedict-entry
我们家	我們家	wo3 men5 jia1	no-cc-cedict-entry
我们白俄罗斯人	我們白俄羅斯人	wo3 men5 bai2 e2 luo2 si1 ren2	no-cc-cedict-entry
我们的国家	我們的國家	wo3 men5 di4 guo2 jia1	no-cc-cedict-entry
我家	我家	wo3 jia1	no-cc-cedict-entry
我尻	我尻	wo3 kao4	no-cc-cedict-entry
我很高兴	我很高興	wo3 hen3 gao1 xing1	no-cc-cedict-entry
我是	我是	wo3 shi4	no-cc-cedict-entry
我是查理	我是查理	wo3 shi4 cha2 li3	no-cc-cedict-entry
我有	我有	wo3 you3	no-cc-cedict-entry
我来	我來	wo3 lai2	no-cc-cedict-entry
我病了	我病了	wo3 bing4 le5	no-cc-cedict-entry
我的	我的	wo3 de5	no-cc-cedict-entry
我的主人	我的主人	wo3 de5 zhu3 ren2	no-cc-cedict-entry
我的军中情人	我的軍中情人	wo3 de5 jun1 zhong1 qing2 ren2	no-cc-cedict-entry
我的名字叫红	我的名字叫紅	wo3 de5 ming2 zi5 jiao4 hong2	no-cc-cedict-entry
我的野蛮女友	我的野蠻女友	wo3 de5 ye3 man2 nu:3 you3	no-cc-cedict-entry
我私人的爱达荷	我私人的愛達荷	wo3 si1 ren2 di4 ai4 da2 he4	no-cc-cedict-entry
我要	我要	wo3 yao4	no-cc-cedict-entry
我鸟他的	我鳥他的	wo3 niao3 ta1 de5	no-cc-cedict-entry
我鸟你	我鳥你	wo3 niao3 ni3	no-cc-cedict-entry
战争机器	戰爭機器	zhan4 zheng1 ji1 qi4	no-cc-cedict-entry
战争法	战争法	zhan4 zheng1 fa3	no-cc-cedict-entry
战争片	戰爭片	zhan4 zheng1 pian1	no-cc-cedict-entry
战争论	戰爭論	zhan4 zheng1 lun4	no-cc-cedict-entry
战争风云	戰爭風雲	zhan4 zheng1 feng1 yun2	no-cc-cedict-entry
战士之歌	戰士之歌	zhan4 shi4 zhi1 ge1	no-cc-cedict-entry
战岛系列	戰島繫列	zhan4 dao3 xi4 lie4	no-cc-cedict-entry
战斗科技	戰鬥科技	zhan4 dou4 ke1 ji4	no-cc-cedict-entry
战斗部	戰斗部	zhan4 dou3 bu4	no-cc-cedict-entry
战斗陀螺	戰鬥陀螺	zhan4 dou4 tuo2 luo2	no-cc-cedict-entry
战火逃城	戰火逃城	zhan4 huo3 tao2 cheng2	no-cc-cedict-entry
战略与国际研究中心	戰略與國際研究中心	zhan4 lu:e4 yu3 guo2 ji4 yan2 jiu1 zhong1 xin1	no-cc-cedict-entry
战略武器限制谈判	戰略武器限制談判	zhan4 lu:e4 wu3 qi4 xian4 zhi4 tan2 pan4	no-cc-cedict-entry
战略目标	戰略目標	zhan4 lu:e4 mu4 biao1	no-cc-cedict-entry
战略管理	戰略管理	zhan4 lu:e4 guan3 li3	no-cc-cedict-entry
战神	戰神	zhan4 shen2	no-cc-cedict-entry
战网	戰網	zhan4 wang3	no-cc-cedict-entry
战舰波将金号	戰艦波將金號	zhan4 jian4 bo1 jiang1 jin1 hao4	no-cc-cedict-entry
戛纳	戛納	Jia2 na4	no-cc-cedict-entry
截体	截體	jie2 ti3	no-cc-cedict-entry
截断值	截斷值	jie2 duan4 zhi2	no-cc-cedict-entry
截查	截查	jie2 cha2	no-cc-cedict-entry
截止日期	截止日期	jie2 zhi3 ri4 qi1	no-cc-cedict-entry
截止时间	截止時間	jie2 zhi3 shi2 jian1	no-cc-cedict-entry
截线定理	截線定理	jie2 xian4 ding4 li3	no-cc-cedict-entry
戴利城	戴利城	dai4 li4 cheng2	no-cc-cedict-entry
戴着	戴著	dai4 zhuo2	no-cc-cedict-entry
戴顿	戴顿	dai4 dun4	no-cc-cedict-entry
戶	戶	hu4	no-cc-cedict-entry
户外运动	戶外運動	hu4 wai4 yun4 dong4	no-cc-cedict-entry
房产商	房產商	fang2 chan3 shang1	no-cc-cedict-entry
房地产业	房地產業	fang2 di4 chan3 ye4	no-cc-cedict-entry
房地产公司	房地產公司	fang2 di4 chan3 gong1 si1	no-cc-cedict-entry
房地产市场	房地產市場	fang2 di4 chan3 shi4 chang3	no-cc-cedict-entry
房屋建筑	房屋建築	fang2 wu1 jian4 zhu4	no-cc-cedict-entry
所列	所列	suo3 lie4	no-cc-cedict-entry
所及	所及	suo3 ji2	no-cc-cedict-entry
所想	所想	suo3 xiang3	no-cc-cedict-entry
所示	所示	suo3 shi4	no-cc-cedict-entry
所罗门群岛国家足球队	所羅門群島國家足球隊	suo3 luo2 men2 qun2 dao3 guo2 jia1 zu2 qiu2 dui4	no-cc-cedict-entry
扁率	萹率	bian3 shuai4	no-cc-cedict-entry
扁缘宝螺	萹緣寶螺	pian1 yuan2 bao3 luo2	no-cc-cedict-entry
扇形统计图	扇形統計圖	shan4 xing2 tong3 ji4 tu2	no-cc-cedict-entry
手提行李	手提行李	shou3 ti2 xing2 li3	no-cc-cedict-entry
手提袋	手提袋	shou3 ti2 dai4	no-cc-cedict-entry
手握	手握	shou3 wo4	no-cc-cedict-entry
手术后	手術後	shou3 shu4 hou4	no-cc-cedict-entry
手机博客	手機博客	shou3 ji1 bo2 ke4	no-cc-cedict-entry
手机号	手機號	shou3 ji1 hao4	no-cc-cedict-entry
手机号码	手機號碼	shou3 ji1 hao4 ma3	no-cc-cedict-entry
手机恋人	手機戀人	shou3 ji1 lian4 ren2	no-cc-cedict-entry
手机游戏	手機遊戲	shou3 ji1 you2 xi4	no-cc-cedict-entry
手机狂人	手機狂人	shou3 ji1 kuang2 ren2	no-cc-cedict-entry
手机电池	手機電池	shou3 ji1 dian4 chi2	no-cc-cedict-entry
手机网络使用者	手機網絡使用者	shou3 ji1 wang3 luo4 shi3 yong4 zhe3	no-cc-cedict-entry
手袋	手袋	shou3 dai4	no-cc-cedict-entry
才好	才好	cai2 hao3	no-cc-cedict-entry
扑脸儿	撲臉兒	pu1 lian3 r	no-cc-cedict-entry
打上	打上	da3 shang4	no-cc-cedict-entry
打包机	打包機	da3 bao1 ji1	no-cc-cedict-entry
打响鼻儿	打響鼻兒	da3 xiang3 bi2 r	no-cc-cedict-entry
打壓	打压	da3 ya1	no-cc-cedict-entry
打挺儿	打挺兒	da3 ting3 r	no-cc-cedict-entry
打来	打來	da3 lai2	no-cc-cedict-entry
打篮球	打籃球	da3 lan2 qiu2	no-cc-cedict-entry
打虎拍蝇	打虎拍蠅	da3 hu3 pai1 ying2	no-cc-cedict-entry
托伦	託倫	tuo1 lun2	no-cc-cedict-entry
托俄萨	託俄薩	tuo1 e2 sa4	no-cc-cedict-entry
托克劳群岛	託克勞群島	tuo1 ke4 lao2 qun2 dao3	no-cc-cedict-entry
托克马克	託克馬克	tuo1 ke4 ma3 ke4	no-cc-cedict-entry
托凯	托凱	Tuo1 kai3	no-cc-cedict-entry
托坎廷斯	託坎廷斯	tuo1 kan3 ting2 si1	no-cc-cedict-entry
托斯卡	託斯卡	tuo1 si1 ka3	no-cc-cedict-entry
托马斯·斯特恩斯·艾略特	托馬斯·斯特恩斯·艾略特	Tuo1 ma3 si1 · Si4 te4 en1 si1 · Ai4 lu:e4 te4	no-cc-cedict-entry
扣带回切除术	扣帶回切除術	kou4 dai4 hui2 qie1 chu2 shu4	no-cc-cedict-entry
执法人员	執法人員	zhi2 fa3 ren2 yuan2	no-cc-cedict-entry
执著	執著	zhi2 zhu4	no-cc-cedict-entry
执行官	執行官	zhi2 xing2 guan1	no-cc-cedict-entry
执行情况	執行情況	zhi2 xing2 qing2 kuang4	no-cc-cedict-entry
执行时间	執行時間	zhi2 xing2 shi2 jian1	no-cc-cedict-entry
执行董事	執行董事	zhi2 xing2 dong3 shi4	no-cc-cedict-entry
执迷不悟	執迷不悟	zhi2 mi2 bu2 wu4	no-cc-cedict-entry
扩体	擴體	kuo4 ti3	no-cc-cedict-entry
扩展性	擴展性	kuo4 zhan3 xing4	no-cc-cedict-entry
批发市场	批發市場	pi1 fa1 shi4 chang3	no-cc-cedict-entry
找人	找人	zhao3 ren2	no-cc-cedict-entry
找工作	找工作	zhao3 gong1 zuo4	no-cc-cedict-entry
找碴儿	找碴兒	zhao3 cha2 r	no-cc-cedict-entry
承保	承保	cheng2 bao3	no-cc-cedict-entry
承受能力	承受能力	cheng2 shou4 neng2 li4	no-cc-cedict-entry
承戴	承戴	cheng2 dai4	no-cc-cedict-entry
技术上	技術上	ji4 shu4 shang4	no-cc-cedict-entry
技术交流	技術交流	ji4 shu4 jiao1 liu2	no-cc-cedict-entry
技术发展	技術發展	ji4 shu4 fa1 zhan3	no-cc-cedict-entry
技术培训	技術培訓	ji4 shu4 pei2 xun4	no-cc-cedict-entry
技术工人	技術工人	ji4 shu4 gong1 ren2	no-cc-cedict-entry
技术支持	技术支持	ji4 shu4 zhi1 chi2	no-cc-cedict-entry
技术改造	技術改造	ji4 shu4 gai3 zao4	no-cc-cedict-entry
技术服务	技術服務	ji4 shu4 fu2 wu4	no-cc-cedict-entry
技术水平	技朮水平	ji4 shu4 shui3 ping2	no-cc-cedict-entry
技术资料	技術資料	ji4 shu4 zi1 liao4	no-cc-cedict-entry
技术转让	技術轉讓	ji4 shu4 zhuan3 rang4	no-cc-cedict-entry
技术进步	技術進步	ji4 shu4 jin4 bu4	no-cc-cedict-entry
抓到	抓到	zhua1 dao4	no-cc-cedict-entry
抓好	抓好	zhua1 hao3	no-cc-cedict-entry
投下	投下	tou2 xia4	no-cc-cedict-entry
投入使用	投入使用	tou2 ru4 shi3 yong4	no-cc-cedict-entry
投向	投向	tou2 xiang4	no-cc-cedict-entry
投射系统	投射系統	tou2 she4 xi4 tong3	no-cc-cedict-entry
投标人	投標人	tou2 biao1 ren2	no-cc-cedict-entry
投资回报	投資回報	tou2 zi1 hui2 bao4	no-cc-cedict-entry
投资机会	投資機會	tou2 zi1 ji1 hui4	no-cc-cedict-entry
投资环境	投資環境	tou2 zi1 huan2 jing4	no-cc-cedict-entry
投资风险	投資風險	tou2 zi1 feng1 xian3	no-cc-cedict-entry
抗拉强度	抗拉強度	kang4 la1 qiang2 du4	no-cc-cedict-entry
抗氧化	抗氧化	kang4 yang3 hua4	no-cc-cedict-entry
抗血栓药	抗血栓藥	kang4 xie3 shuan1 yao4	no-cc-cedict-entry
折扣率	折扣率	zhe2 kou4 lu:4	no-cc-cedict-entry
折现的利率	折現的利率	she2 xian4 de5 li4 lu:4	no-cc-cedict-entry
抢银行	搶銀行	qiang3 yin2 hang2	no-cc-cedict-entry
护滩使者	護灘使者	hu4 tan1 shi3 zhe3	no-cc-cedict-entry
护肤品	護膚品	hu4 fu1 pin3	no-cc-cedict-entry
护花	護花	hu4 hua1	no-cc-cedict-entry
报告实体	报告实体	bao4 gao4 shi2 ti3	no-cc-cedict-entry
报文	報文	bao4 wen2	no-cc-cedict-entry
报警系统	報警系統	bao4 jing3 xi4 tong3	no-cc-cedict-entry
披着	披著	pi1 zhuo2	no-cc-cedict-entry
披集	披集	pi1 ji2	no-cc-cedict-entry
披集府	披集府	pi1 ji2 fu3	no-cc-cedict-entry
抬头不见低头见	擡頭不見低頭見	tai2tou2 bu4jian4 di1 tou2jian4	no-cc-cedict-entry
抱川市	抱川市	bao4 chuan1 shi4	no-cc-cedict-entry
抱紧	抱緊	bao4 jin3	no-cc-cedict-entry
抽样调查	抽樣調查	chou1 yang4 diao4 cha2	no-cc-cedict-entry
抽电子烟	抽電子煙	chou1 dian4 zi3 yan1	no-cc-cedict-entry
拂士	拂士	bi4 shi4	no-cc-cedict-entry
拇指姑娘	拇指姑孃	mu3 zhi3 gu1 niang2	no-cc-cedict-entry
拈	拈	nian2	no-cc-cedict-entry
拉下水	拉下水	la1 xia4 shui3	no-cc-cedict-entry
拉住	拉住	la1 zhu4	no-cc-cedict-entry
拉回	拉回	la1 hui2	no-cc-cedict-entry
拉姆	拉姆	la1 mu3	no-cc-cedict-entry
拉席波尔兹	拉席波爾茲	la1 xi2 bo1 er3 zi1	no-cc-cedict-entry
拉斯坎帕纳斯天文台	拉斯坎帕納斯天文台	la1 si1 kan3 pa4 na4 si1 tian1 wen2 tai2	no-cc-cedict-entry
拉森火山国家公园	拉森火山國家公園	la1 sen1 huo3 shan1 guo2 jia1 gong1 yuan2	no-cc-cedict-entry
拉甘河	拉甘河	la1 gan1 he2	no-cc-cedict-entry
拉罗谢尔	拉羅謝爾	La1 luo2 xie4 er2	no-cc-cedict-entry
拉菲塔	拉菲塔	la1 fei3 ta3	no-cc-cedict-entry
拉起	拉起	la1 qi3	no-cc-cedict-entry
拉鲁斯	拉魯斯	la1 lu3 si1	no-cc-cedict-entry
拍天府	拍天府	pai1 tian1 fu3	no-cc-cedict-entry
拍打	拍打	pai1 da3	no-cc-cedict-entry
拍照乱入	拍照亂入	pai1 zhao4 luan4 ru4	no-cc-cedict-entry
拏	拏	na2	no-cc-cedict-entry
拐弯儿	拐彎兒	guai3 wan1 r	no-cc-cedict-entry
拓扑映射	拓撲映射	tuo4 pu1 ying4 she4	no-cc-cedict-entry
拔剑	拔劍	ba2 jian4	no-cc-cedict-entry
拖拽	拖拽	tuo1 ye4	no-cc-cedict-entry
拖牵式索道	拖牽式索道	tuo1 qian1 shi4 suo3 dao4	no-cc-cedict-entry
招商银行	招商銀行	zhao1 shang1 yin2 hang2	no-cc-cedict-entry
招标公告	招標公告	zhao1 biao1 gong1 gao4	no-cc-cedict-entry
招标文件	招標文件	zhao1 biao1 wen2 jian4	no-cc-cedict-entry
拜多亚	拜多亞	bai4 duo1 ya4	no-cc-cedict-entry
拜恩基督教社会联盟	拜恩基督教社會聯盟	bai4 en1 ji1 du1 jiao4 she4 hui4 lian2 meng2	no-cc-cedict-entry
拜科努尔航天发射场	拜科努爾航天發射場	bai4 ke1 nu3 er3 hang2 tian1 fa1 she4 chang3	no-cc-cedict-entry
拟刺尾鲷	擬刺尾鯛	ni3 ci4 wei3 diao1	no-cc-cedict-entry
拨号上网	撥號上網	bo1 hao4 shang4 wang3	no-cc-cedict-entry
拨子弹	撥子彈	bo1 zi3 tan2	no-cc-cedict-entry
择	擇	zhai2	no-cc-cedict-entry
择捉岛	擇捉島	ze2 zhuo1 dao3	no-cc-cedict-entry
拱嘴	拱嘴	gong3 zui3	no-cc-cedict-entry
拱手相让	拱手相讓	gong1 shou3 xiang1 rang4	no-cc-cedict-entry
拱鼻	拱鼻	gong3 bi2	no-cc-cedict-entry
拳皇	拳皇	quan2 huang2	no-cc-cedict-entry
拳霸	拳霸	quan2 ba4	no-cc-cedict-entry
拼购	拼購	pin1 gou4	no-cc-cedict-entry
拾穗	拾穗	shi2 sui4	no-cc-cedict-entry
拿出来	拿出來	na2 chu1 lai5	no-cc-cedict-entry
拿布果	拿布果	na2 bu4 guo3	no-cc-cedict-entry
拿掉	拿掉	na2 diao4	no-cc-cedict-entry
拿着	拿著	na2 zhe5	no-cc-cedict-entry
持久自由军事行动	持久自由軍事行動	chi2 jiu3 zi4 you2 jun1 shi4 xing2 dong4	no-cc-cedict-entry
持有者	持有者	chi2 you3 zhe3	no-cc-cedict-entry
持枪抢劫	持槍搶劫	chi2 qiang1 qiang1 jie2	no-cc-cedict-entry
持统天皇	持統天皇	chi2 tong3 tian1 huang2	no-cc-cedict-entry
持续发展	持續發展	chi2 xu4 fa1 zhan3	no-cc-cedict-entry
持续性	持續性	chi2 xu4 xing4	no-cc-cedict-entry
挂單	掛單	gua4 dan1	no-cc-cedict-entry
挂着	掛著	gua4 zhuo2	no-cc-cedict-entry
指导思想	指導思想	zhi3 dao3 si1 xiang3	no-cc-cedict-entry
指导方针	指導方針	zhi3 dao3 fang1 zhen1	no-cc-cedict-entry
指尖毒瘾	指尖毒癮	zhi3 jian1 du2 yin3	no-cc-cedict-entry
指挥官基恩	指揮官基恩	zhi3 hui1 guan1 ji1 en1	no-cc-cedict-entry
指猴	指猴	zhi3 hou2	no-cc-cedict-entry
指环王	指環王	zhi3 huan2 wang2	no-cc-cedict-entry
指责风暴	指責風暴	zhi3 ze2 feng1 bao4	no-cc-cedict-entry
指路明灯	指路明燈	zhi3 lu4 ming2 deng1	no-cc-cedict-entry
按住	按住	an4 zhu4	no-cc-cedict-entry
按此	按此	an4 ci3	no-cc-cedict-entry
按比例	按比例	an4 bi3 li4	no-cc-cedict-entry
按立宪治国	按立憲治國	an4 li4 xian4 zhi4 guo2	no-cc-cedict-entry
按规定	按規定	an4 gui1 ding4	no-cc-cedict-entry
按进度付款	按进度付款	an4 jin4 duo2 fu4 kuan3	no-cc-cedict-entry
挑出	挑出	tiao3 chu1	no-cc-cedict-entry
挑肥嫌瘦	挑肥嫌瘦	tiao1 fei2 xian2 shou4	no-cc-cedict-entry
挠基	撓基	nao2 ji1	no-cc-cedict-entry
挠系数	撓系數	nao2 xi4 shu4	no-cc-cedict-entry
挥霍浪费	揮霍浪費	hui1 huo4 lang4 fei4	no-cc-cedict-entry
挨千刀的	挨千刀的	ai2 qian1 dao1 de5	no-cc-cedict-entry
挨肩儿	挨肩兒	ai1 jian1 r	no-cc-cedict-entry
挨踢人士	挨踢人士	ai1 ti1 ren2 shi4	no-cc-cedict-entry
挪威王国	挪威王國	nuo2 wei1 wang2 guo2	no-cc-cedict-entry
挪威足球超级联赛	挪威足球超級聯賽	nuo2 wei1 zu2 qiu2 chao1 ji2 lian2 sai4	no-cc-cedict-entry
挪威鲱	挪威鯡	nuo2 wei1 fei1	no-cc-cedict-entry
挪用公款	挪用公款	nuo2 yong4 gong1 kuan3	no-cc-cedict-entry
挫伤	挫傷	cuo4 shang1	no-cc-cedict-entry
振幅余量	振幅余量	zhen4 fu2 yu2 liang4	no-cc-cedict-entry
挺胸	挺胸	ting3 xiong1	no-cc-cedict-entry
捂住脸	摀住臉	wu3 zhu4 lian3	no-cc-cedict-entry
捄	捄	jiu4	no-cc-cedict-entry
捉鬼者巴菲	捉鬼者巴菲	zhuo1 gui3 zhe3 ba1 fei3	no-cc-cedict-entry
捐出	捐出	juan1 chu1	no-cc-cedict-entry
捐赠基金	捐贈基金	juan1 zeng4 ji1 jin1	no-cc-cedict-entry
捐选	捐選	juan1 xuan3	no-cc-cedict-entry
捐钱	捐錢	juan1 qian2	no-cc-cedict-entry
损税	損稅	sun3 shui4	no-cc-cedict-entry
换元	換元	huan4 yuan2	no-cc-cedict-entry
换油	換油	huan4 you2	no-cc-cedict-entry
换脸手术	換臉手術	huan4 lian3 shou3 shu4	no-cc-cedict-entry
换车	換車	huan4 che1	no-cc-cedict-entry
捣汁	搗汁	dao3 zhi1	no-cc-cedict-entry
捭	捭	bai4	no-cc-cedict-entry
据守天险	據守天險	ju4 shou3 tian1 xian3	no-cc-cedict-entry
捷伊科沃	捷伊科沃	jie2 yi1 ke1 wo4	no-cc-cedict-entry
捷克国家足球队	捷克國家足球隊	jie2 ke4 guo2 jia1 zu2 qiu2 dui4	no-cc-cedict-entry
捷克斯洛伐克共产党	捷克斯洛伐克共產黨	jie2 ke4 si1 luo4 fa2 ke4 gong4 chan3 dang3	no-cc-cedict-entry
捷克斯洛伐克国家足球队	捷克斯洛伐克國家足球隊	jie2 ke4 si1 luo4 fa2 ke4 guo2 jia1 zu2 qiu2 dui4	no-cc-cedict-entry
捷姆尼科夫	捷姆尼科夫	jie2 mu3 ni2 ke1 fu2	no-cc-cedict-entry
捷尔诺波尔	捷爾諾波爾	jie2 er3 nuo4 bo1 er3	no-cc-cedict-entry
捷秋希	捷鞦希	jie2 qiu1 xi1	no-cc-cedict-entry
捼	捼	nuo2	no-cc-cedict-entry
捽	捽	zu2	no-cc-cedict-entry
授予奥斯卡奖	授予奧斯卡獎	shou4 yu3 ao4 si1 ka3 jiang3	no-cc-cedict-entry
授信了	授信了	shou4 xin4 liao3	no-cc-cedict-entry
授信额度	授信額度	shou4 xin4 e2 du4	no-cc-cedict-entry
掉点儿	掉點兒	diao4 dian3 r	no-cc-cedict-entry
掌托	掌托	zhang3 tuo1	no-cc-cedict-entry
排	排	pai3	no-cc-cedict-entry
排查故障	排查故障	pai2 cha2 gu4 zhang4	no-cc-cedict-entry
排档	排檔	pai2 dang3	no-cc-cedict-entry
排水站	排水站	pai2 shui3 zhan4	no-cc-cedict-entry
排球运动员	排球運動員	pai2 qiu2 yun4 dong4 yuan2	no-cc-cedict-entry
掗	掗	ya4	no-cc-cedict-entry
掠影	掠影	lu:e4 ying3	no-cc-cedict-entry
探矿权	探礦權	tan4 kuang4 quan2	no-cc-cedict-entry
探索频道自行车队	探索頻道自行車隊	tan4 suo3 pin2 dao4 zi4 xing2 che1 dui4	no-cc-cedict-entry
探险者一号	探險者一號	tan4 xian3 zhe3 yi1 hao4	no-cc-cedict-entry
接电话	接電話	jie1 dian4 hua4	no-cc-cedict-entry
接连两次	接連兩次	jie1 lian2 liang3 ci4	no-cc-cedict-entry
控制中心	控制中心	kong4 zhi4 zhong1 xin1	no-cc-cedict-entry
控制器	控制器	kong4 zhi4 qi4	no-cc-cedict-entry
控制系统	控制系統	kong4 zhi4 xi4 tong3	no-cc-cedict-entry
控深鸟	控深鳥	kong4 shen1 niao3	no-cc-cedict-entry
控股有限公司	控股有限公司	kong4 gu3 you3 xian4 gong1 si1	no-cc-cedict-entry
推古天皇	推古天皇	tui1 gu3 tian1 huang2	no-cc-cedict-entry
推弦	推弦	tui1 xian2	no-cc-cedict-entry
掴	摑	guo2	no-cc-cedict-entry
掷硬币	擲硬幣	zhi4 ying4 bi4	no-cc-cedict-entry
掸族	撣族	Shan4 zu2	no-cc-cedict-entry
掺杂	摻雜	chan1 za2	no-cc-cedict-entry
掼性指数	掼性指數	guan4 xing4 zhi3 shu4	no-cc-cedict-entry
掽	掽	peng4	no-cc-cedict-entry
提上议事日程	提上議事日程	ti2 shang4 yi4 shi4 ri4 cheng2	no-cc-cedict-entry
提头儿	提頭兒	ti2 tou2 r	no-cc-cedict-entry
提意见	提意見	ti2 yi4 jian4	no-cc-cedict-entry
提米蒙	提米蒙	ti2 mi3 meng1	no-cc-cedict-entry
提防	提防	di1 fang2	no-cc-cedict-entry
揘	揘	huang2	no-cc-cedict-entry
揘毕	揘畢	yong2 bi4	no-cc-cedict-entry
握着	握著	wo4 zhe5	no-cc-cedict-entry
握紧	握緊	wo4 jin3	no-cc-cedict-entry
揪揪	揪揪	jiu1 jiu1	no-cc-cedict-entry
揪错	揪錯	jiu1 cuo4	no-cc-cedict-entry
搅匀	攪勻	jiao3 yun2	no-cc-cedict-entry
搆	搆	gou4	no-cc-cedict-entry
搏客	博客	bo1 ke4	no-cc-cedict-entry
搒	榜	peng4	no-cc-cedict-entry
搜索结果	搜索結果	sou1 suo3 jie2 guo3	no-cc-cedict-entry
搜索者	搜索者	sou1 suo3 zhe3	no-cc-cedict-entry
搞到	搞到	gao3 dao4	no-cc-cedict-entry
搤	搤	e4	no-cc-cedict-entry
搥	搥	chui2	no-cc-cedict-entry
搥弦	搥弦	chui2 xian2	no-cc-cedict-entry
搬到	搬到	ban1 dao4	no-cc-cedict-entry
搬家公司	搬家公司	ban1 jia1 gong1 si1	no-cc-cedict-entry
搬家工人	搬家工人	ban1 jia1 gong1 ren2	no-cc-cedict-entry
搭脚手架	搭腳手架	da1 jiao3 shou3 jia4	no-cc-cedict-entry
携程旅行网	攜程旅行網	Xie2 cheng2 Lu:3 xing2 Wang3	no-cc-cedict-entry
摁扣儿	摁釦兒	en4 kou4 r	no-cc-cedict-entry
摁钉儿	摁釘兒	en4 ding1 r	no-cc-cedict-entry
摄护腺肿大	攝護腺腫大	she4 hu4 xian4 zhong3 da4	no-cc-cedict-entry
摄象机	攝象機	she4 xiang4 ji1	no-cc-cedict-entry
摆开	擺開	bai3 kai1	no-cc-cedict-entry
摆桌子	擺桌子	bai3 zhuo1 zi5	no-cc-cedict-entry
摇摇头	搖搖頭	yao2 yao5 tou2	no-cc-cedict-entry
摇身	搖身	yao2 shen1	no-cc-cedict-entry
摊事儿	攤事兒	tan1 shi4 r	no-cc-cedict-entry
摎	摎	liao2	no-cc-cedict-entry
摔断腿	摔斷腿	shuai1 duan4 tui3	no-cc-cedict-entry
摩押人	摩押人	mo2 ya1 ren2	no-cc-cedict-entry
摩拜单车	摩拜單車	Mo2 bai4 Dan1 che1	no-cc-cedict-entry
摩擦变色	摩擦變色	mo2 ca1 bian4 se4	no-cc-cedict-entry
摩擦癖	摩擦癖	mo2 ca1 pi3	no-cc-cedict-entry
摩擦系数	摩擦系數	mo2 ca1 xi4 shu4	no-cc-cedict-entry
摩登时代	摩登時代	mo2 deng1 shi2 dai4	no-cc-cedict-entry
摩诃迦叶	摩訶迦葉	mo2 he1 jia1 ye4	no-cc-cedict-entry
摸摸瓦力欧制造	摸摸瓦力歐製造	mo2 mo2 wa3 li4 ou1 zhi4 zao4	no-cc-cedict-entry
摽	摽	piao3	no-cc-cedict-entry
撇开不谈	撇開不談	pie1 kai1 bu4 tan2	no-cc-cedict-entry
撒呓挣	撒囈掙	sa1 yi4 zheng1	no-cc-cedict-entry
撒哈拉沙漠	撒哈拉沙漠	Sa3 ha1 la1 Sha1 mo4	no-cc-cedict-entry
撒手不管	撒手不管	sa3 shou3 bu4 guan3	no-cc-cedict-entry
撒网捕风	撒網捕風	sa1 wang3 bu3 feng1	no-cc-cedict-entry
撞到	撞到	zhuang4 dao4	no-cc-cedict-entry
撞坏	撞壞	zhuang4 huai4	no-cc-cedict-entry
撦	撦	che3	no-cc-cedict-entry
撬锁人	撬鎖人	qiao4 suo3 ren2	no-cc-cedict-entry
擅长运动	擅長運動	shan4 chang2 yun4 dong4	no-cc-cedict-entry
操作性	操作性	cao1 zuo4 xing4	no-cc-cedict-entry
操作指南	操作指南	cao1 zuo4 zhi3 nan2	no-cc-cedict-entry
操作方法	操作方法	cao1 zuo4 fang1 fa3	no-cc-cedict-entry
操作系统革命	操作繫統革命	cao4 zuo4 xi4 tong3 ge2 ming4	no-cc-cedict-entry
擦过	擦過	ca1 guo4	no-cc-cedict-entry
擫	擫	ye4	no-cc-cedict-entry
攀支花市	攀枝花市	pan1 zhi1 hua1 shi4	no-cc-cedict-entry
支付方式	支付方式	zhi1 fu4 fang1 shi4	no-cc-cedict-entry
支持国际农药研究协商小组	支持國際農藥研究協商小組	zhi1 chi2 guo2 ji4 nong2 yao4 yan2 jiu1 xie2 shang1 xiao3 zu3	no-cc-cedict-entry
攴	攴	bu1	no-cc-cedict-entry
攵	攵	bu1	no-cc-cedict-entry
收买的	收買的	shou1 mai3 de5	no-cc-cedict-entry
收信人	收信人	shou1 xin4 ren2	no-cc-cedict-entry
收入差距	收入差距	shou1 ru4 cha1 ju4	no-cc-cedict-entry
收入政策	收入政策	shou1 ru4 zheng4 ce4	no-cc-cedict-entry
收敛区域	收斂區域	shou1 lian3 qu1 yu4	no-cc-cedict-entry
收款人	收款人	shou1 kuan3 ren2	no-cc-cedict-entry
收款机	收款機	shou1 kuan3 ji1	no-cc-cedict-entry
收藏品	收藏品	shou1 cang2 pin3	no-cc-cedict-entry
收购价	收購價	shou1 gou4 jia4	no-cc-cedict-entry
收费制度	收费制度	shou1 fei4 zhi4 duo2	no-cc-cedict-entry
收钱	收錢	shou1 qian2	no-cc-cedict-entry
攷	攷	kao3	no-cc-cedict-entry
改善通讯	改善通訊	gai3 shan4 tong1 xun4	no-cc-cedict-entry
改革管理小组	改革管理小组	gai3 ge2 guan3 li3 xiao3 zu3	no-cc-cedict-entry
攻击机群	攻击机群	gong1 ji1 ji1 qun2	no-cc-cedict-entry
攻击者	攻擊者	gong1 ji1 zhe3	no-cc-cedict-entry
攻壳机动队	攻殼機動隊	gong1 ke2 ji1 dong4 dui4	no-cc-cedict-entry
放上	放上	fang4 shang4	no-cc-cedict-entry
放人	放人	fang4 ren2	no-cc-cedict-entry
放倒	放倒	fang4 dao4	no-cc-cedict-entry
放到	放到	fang4 dao4	no-cc-cedict-entry
放在	放在	fang4 zai4	no-cc-cedict-entry
放浪冒险谭	放浪冒險譚	fang4 lang4 mao4 xian3 tan2	no-cc-cedict-entry
放的水	放的水	fang4 de5 shui3	no-cc-cedict-entry
放箭	放箭	fang4 jian4	no-cc-cedict-entry
放血法	放血法	fang4 xie3 fa3	no-cc-cedict-entry
政府机构	政府機構	zheng4 fu3 ji1 gou4	no-cc-cedict-entry
政府职能	政府職能	zheng4 fu3 zhi2 neng2	no-cc-cedict-entry
政府部门	政府部門	zheng4 fu3 bu4 men2	no-cc-cedict-entry
政府间气候变化专门委员会	政府間氣候變化專門委員會	zheng4 fu3 jian1 qi4 hou4 bian4 hua4 zhuan1 men2 wei3 yuan2 hui4	no-cc-cedict-entry
政治制度	政治制度	zheng4 zhi4 zhi4 du4	no-cc-cedict-entry
政治局委员	政治局委員	zheng4 zhi4 ju2 wei3 yuan2	no-cc-cedict-entry
政治局常委	政治局常委	zheng4 zhi4 ju2 chang2 wei3	no-cc-cedict-entry
政治素质	政治素質	zheng4 zhi4 su4 zhi4	no-cc-cedict-entry
政策措施	政策措施	zheng4 ce4 cuo4 shi1	no-cc-cedict-entry
效果好	效果好	xiao4 guo3 hao3	no-cc-cedict-entry
效率水平	效率水平	xiao4 lu:4 shui3 ping2	no-cc-cedict-entry
敏感物质	敏感物質	min3 gan3 wu4 zhi4	no-cc-cedict-entry
敏珠林寺	敏珠林寺	min3 zhu1 lin2 si4	no-cc-cedict-entry
敏达天皇	敏達天皇	min3 da2 tian1 huang2	no-cc-cedict-entry
救护直升机	救护直升机	jiu4 hu4 zhi2 sheng1 ji1	no-cc-cedict-entry
救焚益薪	救焚益薪	jiu4 fen2 yi4 xin1	no-cc-cedict-entry
救难小英雄澳洲历险记	救難小英雄澳洲歷險記	jiu4 nan2 xiao3 ying1 xiong2 ao4 zhou1 li4 xian3 ji4	no-cc-cedict-entry
教务处	教務處	jiao4 wu4 chu4	no-cc-cedict-entry
教化	教化	jiao4 hua1	no-cc-cedict-entry
教学内容	教學內容	jiao4 xue2 nei4 rong2	no-cc-cedict-entry
教学方法	教學方法	jiao4 xue2 fang1 fa3	no-cc-cedict-entry
教学计划	教學計劃	jiao4 xue2 ji4 hua4	no-cc-cedict-entry
教学设计	教學設計	jiao1 xue2 she4 ji4	no-cc-cedict-entry
教育事业	教育事業	jiao4 yu4 shi4 ye4	no-cc-cedict-entry
教育体系	教育體系	jiao4 yu4 ti3 xi4	no-cc-cedict-entry
教育局	教育局	jiao4 yu4 ju2	no-cc-cedict-entry
教育改革	教育改革	jiao4 yu4 gai3 ge2	no-cc-cedict-entry
教育机构	教育機構	jiao4 yu4 ji1 gou4	no-cc-cedict-entry
教育法	教育法	jiao4 yu4 fa3	no-cc-cedict-entry
教育质量	教育質量	jiao4 yu4 zhi4 liang4	no-cc-cedict-entry
散乱	散亂	san4 luan4	no-cc-cedict-entry
散热器护栅	散熱器護柵	san4 re4 qi4 hu4 shan1	no-cc-cedict-entry
敦豪快递公司	敦豪快遞公司	Dun1 hao2 kuai4 di4 gong1 si1	no-cc-cedict-entry
敬业精神	敬業精神	jing4 ye4 jing1 shen2	no-cc-cedict-entry
数不清	數不清	shu3 bu4 qing1	no-cc-cedict-entry
数位密码	數位密碼	shu4 wei4 mi4 ma3	no-cc-cedict-entry
数十	数十	shu4 shi2	no-cc-cedict-entry
数字万用表	數字萬用表	shu4 zi4 wan4 yong4 biao3	no-cc-cedict-entry
数字系统	數字系統	shu4 zi4 xi4 tong3	no-cc-cedict-entry
数学系	數學系	shu4 xue2 xi4	no-cc-cedict-entry
数据分散	數據分散	shu4 ju4 fen1san4	no-cc-cedict-entry
数据存储	數據存儲	shu4 ju4 cun2 chu3	no-cc-cedict-entry
数据科学家	數據科學家	shu4 ju4 ke1 xue2 jia1	no-cc-cedict-entry
数据表	數據表	shu4 ju4 biao3	no-cc-cedict-entry
数码变焦	數碼變焦	shu4 ma3 bian4 jiao1	no-cc-cedict-entry
数码摄影	數碼攝影	shu4 ma3 she4 ying3	no-cc-cedict-entry
数码暴力	數碼暴力	shu4 ma3 bao4 li4	no-cc-cedict-entry
数码照片	數碼照片	shu4 ma3 zhao4 pian4	no-cc-cedict-entry
数码痴呆症	數碼癡呆症	shu4 ma3 chi1 dai1 zheng4	no-cc-cedict-entry
数码科技	數碼科技	shu4 ma3 ke1 ji4	no-cc-cedict-entry
敲锣边儿	敲鑼邊兒	qiao1 luo2 bian1 er5	no-cc-cedict-entry
整容室	整容室	zheng3 rong2 shi4	no-cc-cedict-entry
整序	整序	zheng3 xu4	no-cc-cedict-entry
整改方案	整改方案	zheng3 gai3 fang1 an4	no-cc-cedict-entry
整蛊专家	整蠱專家	zheng3 gu3 zhuan1 jia1	no-cc-cedict-entry
敷香町	敷香町	fu1 xiang1 ting3	no-cc-cedict-entry
敺	敺	qu1	no-cc-cedict-entry
文中	文中	wen2 zhong1	no-cc-cedict-entry
文件名	文件名	wen2 jian4 ming2	no-cc-cedict-entry
文件柜	文件櫃	wen2 jian4 gui4	no-cc-cedict-entry
文件管理	文件管理	wen2 jian4 guan3 li3	no-cc-cedict-entry
文件系统	文件系統	wen2 jian4 xi4 tong3	no-cc-cedict-entry
文化产业	文化産業	wen2 hua4 chan3 ye4	no-cc-cedict-entry
文化教育	文化教育	wen2 hua4 jiao4 yu4	no-cc-cedict-entry
文化素质	文化素質	wen2 hua4 su4 zhi4	no-cc-cedict-entry
文化背景	文化背景	wen2 hua4 bei4 jing3	no-cc-cedict-entry
文化论坛	文化論壇	wen2 hua4 lun4 tan2	no-cc-cedict-entry
文字说明	文字說明	wen2 zi4 shuo1 ming2	no-cc-cedict-entry
文学作品	文學作品	wen2 xue2 zuo4 pin3	no-cc-cedict-entry
文学创作	文學創作	wen2 xue2 chuang4 zuo4	no-cc-cedict-entry
文学奖	文學獎	wen2 xue2 jiang3	no-cc-cedict-entry
文学艺术	文學藝術	wen2 xue2 yi4 shu4	no-cc-cedict-entry
文库本	文庫本	wen2 ku4 ben3	no-cc-cedict-entry
文德天皇	文德天皇	wen2 de2 tian1 huang2	no-cc-cedict-entry
文心兰属	文心蘭屬	wen2 xin1 lan2 shu3	no-cc-cedict-entry
文本文件	文本文件	wen2 ben3 wen2 jian4	no-cc-cedict-entry
文本框	文本框	wen2 ben3 kuang1	no-cc-cedict-entry
文根英	文根英	wen2 gen1 ying1	no-cc-cedict-entry
文森	文森	Wen2 sen1	no-cc-cedict-entry
文物保护	文物保護	wen2 wu4 bao3 hu4	no-cc-cedict-entry
文物古迹	文物古跡	wen2 wu4 gu3 ji1	no-cc-cedict-entry
文职工作	文職工作	wen2 zhi2 gong1 zuo4	no-cc-cedict-entry
文部科学省	文部科學省	wen2 bu4 ke1 xue2 sheng3	no-cc-cedict-entry
斋桑泊	齋桑泊	zhai1 sang1 bo2	no-cc-cedict-entry
斋浦尔	齋浦爾	zhai1 pu3 er3	no-cc-cedict-entry
斑海雀	斑海雀	ban1 hai3 que4	no-cc-cedict-entry
斗兽场	鬥獸場	dou4 shou4 chang3	no-cc-cedict-entry
斗剑者	鬥劍者	dou4 jian4 zhe3	no-cc-cedict-entry
斗力不若斗智	鬥力不若鬥智	dou4 li4 bu4 ruo4 dou4 zhi4	no-cc-cedict-entry
斗智斗勇	鬥智鬥勇	dou4 zhi4 dou4 yong3	no-cc-cedict-entry
斗湖	鬥湖	dou4 hu2	no-cc-cedict-entry
斜渐进线	斜漸進線	xie2 jian4 jin4 xian4	no-cc-cedict-entry
斯坦	斯坦	si1 tan3	no-cc-cedict-entry
斯巴达王	斯巴達王	si1 ba1 da2 wang2	no-cc-cedict-entry
斯拉夫人	斯拉夫人	si1 la1 fu1 ren2	no-cc-cedict-entry
斯洛伐克国家足球队	斯洛伐克國家足球隊	si1 luo4 fa2 ke4 guo2 jia1 zu2 qiu2 dui4	no-cc-cedict-entry
斯洛文尼亚国家足球队	斯洛文尼亞國家足球隊	si1 luo4 wen2 ni2 ya4 guo2 jia1 zu2 qiu2 dui4	no-cc-cedict-entry
斯洛文尼亚社会主义共和国	斯洛文尼亞社會主義共和國	si1 luo4 wen2 ni2 ya4 she4 hui4 zhu3 yi4 gong4 he2 guo2	no-cc-cedict-entry
斯科特	斯科特	si1 ke1 te2	no-cc-cedict-entry
斯通	斯通	si1 tong1	no-cc-cedict-entry
新世纪	新世紀	xin1 shi4 ji4	no-cc-cedict-entry
新书	新書	xin1 shu1	no-cc-cedict-entry
新事物	新事物	xin1 shi4 wu4	no-cc-cedict-entry
新产品	新產品	xin1 chan3 pin3	no-cc-cedict-entry
新人类	新人類	xin1 ren2 lei4	no-cc-cedict-entry
新历史主义	新歷史主義	xin1 li4 shi3 zhu3 yi4	no-cc-cedict-entry
新娘与偏见	新娘與偏見	xin1 niang2 yu3 pian1 jian4	no-cc-cedict-entry
新婚旅行	新婚旅行	xin1 hun1 lu:3 xing2	no-cc-cedict-entry
新学期	新學期	xin1 xue2 qi1	no-cc-cedict-entry
新巴比伦王国	新巴比倫王國	xin1 ba1 bi3 lun2 wang2 guo2	no-cc-cedict-entry
新常态	新常態	xin1 chang2 tai4	no-cc-cedict-entry
新年好	新年好	xin1 nian2 hao3	no-cc-cedict-entry
新徒步主义	新徒步主義	xin1 tu2 bu4 zhu3 yi4	no-cc-cedict-entry
新技术	新技術	xin1 ji4 shu4	no-cc-cedict-entry
新报	新報	xin1 bao4	no-cc-cedict-entry
新政策	新政策	xin1 zheng4 ce4	no-cc-cedict-entry
新方法	新方法	xin1 fang1 fa3	no-cc-cedict-entry
新时尚	新時尚	xin1 shi2 shang4	no-cc-cedict-entry
新材料	新材料	xin1 cai2 liao4	no-cc-cedict-entry
新格局	新格局	xin1 ge2 ju2	no-cc-cedict-entry
新港	新港	Xin1 gang3	no-cc-cedict-entry
新版本	新版本	xin1 ban3 ben3	no-cc-cedict-entry
新米丘林斯克	新米丘林斯剋	xin1 mi3 qiu1 lin2 si1 ke4	no-cc-cedict-entry
新考蓬基	新考蓬基	xin1 kao3 peng2 ji1	no-cc-cedict-entry
新股	新股	xin1 gu3	no-cc-cedict-entry
新莫斯科斯克	新莫斯科斯剋	xin1 mo4 si1 ke1 si1 ke4	no-cc-cedict-entry
新装	新裝	xin1 zhuang1	no-cc-cedict-entry
新车	新車	xin1 che1	no-cc-cedict-entry
新进	新進	xin1 jin4	no-cc-cedict-entry
新铁金刚之不日杀机	新鐵金剛之不日殺機	xin1 tie3 jin1 gang1 zhi1 bu4 ri4 sha1 ji1	no-cc-cedict-entry
新铁金刚之明日帝国	新鐵金剛之明日帝國	xin1 tie3 jin1 gang1 zhi1 ming2 ri4 di4 guo2	no-cc-cedict-entry
新铁金刚之黑日危机	新鐵金剛之黑日危機	xin1 tie3 jin1 gang1 zhi1 hei1 ri4 wei1 ji1	no-cc-cedict-entry
新闻中心	新聞中心	xin1 wen2 zhong1 xin1	no-cc-cedict-entry
新闻发布	新聞發佈	xin1 wen2 fa1 bu4	no-cc-cedict-entry
新闻晨报	新聞晨報	xin1 wen2 chen2 bao4	no-cc-cedict-entry
新闻联播	新聞聯播	xin1 wen2 lian2 bo1	no-cc-cedict-entry
新闻频道	新聞頻道	xin1 wen2 pin2 dao4	no-cc-cedict-entry
新阿基坦	新阿基坦	Xin1 a1 ji1 tan3	no-cc-cedict-entry
新黑暗世界	新黑闇世界	xin1 hei1 an4 shi4 jie4	no-cc-cedict-entry
斲	斲	zhuo2	no-cc-cedict-entry
方世玉	方世玉	fang1 shi4 yu4	no-cc-cedict-entry
方加陶法环礁	方加陶法環礁	fang1 jia1 tao2 fa3 huan2 jiao1	no-cc-cedict-entry
方可	方可	fang1 ke3	no-cc-cedict-entry
方幂	方冪	fang1 mi4	no-cc-cedict-entry
方方	方方	fang1 fang1	no-cc-cedict-entry
方釳	方釳	fang1 xi4	no-cc-cedict-entry
施乐公司	施樂公司	shi1 le4 gong1 si1	no-cc-cedict-entry
施以针灸	施以針灸	shi1 yi3 zhen1 jiu3	no-cc-cedict-entry
施工图	施工圖	shi1 gong1 tu2	no-cc-cedict-entry
施工现场	施工現場	shi1 gong1 xian4 chang3	no-cc-cedict-entry
旀	旀	mie5	no-cc-cedict-entry
旂	旂	qi2	no-cc-cedict-entry
旅游信息	旅遊信息	lu:3 you2 xin4 xi1	no-cc-cedict-entry
旅游指南	旅遊指南	lu:3 you2 zhi3 nan2	no-cc-cedict-entry
旅游车	旅遊車	lu:3 you2 che1	no-cc-cedict-entry
旅行指南	旅行指南	lu:3 xing2 zhi3 nan2	no-cc-cedict-entry
旋转体	旋轉體	xuan2 zhuan3 ti3	no-cc-cedict-entry
旋转面	旋轉面	xuan2 zhuan3 mian4	no-cc-cedict-entry
旋轮线	旋輪線	xuan2 lun2 xian4	no-cc-cedict-entry
无光	無光	wu2 guang1	no-cc-cedict-entry
无公害	無公害	wu2 gong1 hai4	no-cc-cedict-entry
无关宏旨	無關宏旨	wu2 guan1 hong2 zhi3	no-cc-cedict-entry
无冬之夜	無鼕之夜	wu2 dong1 zhi1 ye4	no-cc-cedict-entry
无可奈可	無可奈可	wu2 ke3 nai4 he2	no-cc-cedict-entry
无声齿摩擦音	無聲齒摩擦音	wu2 sheng1 chi3 mo2 ca1 yin1	no-cc-cedict-entry
无头	無頭	wu2 tou2	no-cc-cedict-entry
无定形布雷	無定形布雷	wu2 ding4 xing2 bu4 lei2	no-cc-cedict-entry
无家可归者	無家可歸者	wu2 jia1 ke3 gui1 zhe3	no-cc-cedict-entry
无尽的任务	無盡的任務	wu2 jin4 di4 ren4 wu5	no-cc-cedict-entry
无尽的战争	無盡的戰爭	wu2 jin4 di4 zhan4 zheng1	no-cc-cedict-entry
无形资产	無形資產	wu2 xing2 zi1 chan3	no-cc-cedict-entry
无忧宫	無憂宮	wu2 you1 gong1	no-cc-cedict-entry
无意义	無意義	wu2 yi4 yi4	no-cc-cedict-entry
无手机焦虑症	無手機焦慮症	wu2 shou3 ji1 jiao1 lu4 zheng4	no-cc-cedict-entry
无法形容	無法形容	wu2 fa3 xing2 rong2	no-cc-cedict-entry
无法直视	無法直視	wu2 fa3 zhi2 shi4	no-cc-cedict-entry
无理式	無理數	wu2 li3 shi4	no-cc-cedict-entry
无界	無界	wu2 jie4	no-cc-cedict-entry
无畏	無畏	wu2 wei4	no-cc-cedict-entry
无畏舰	無畏艦	wu2 wei4 jian4	no-cc-cedict-entry
无着	無著	wu1 zhuo2	no-cc-cedict-entry
无神	無神	wu2 shen2	no-cc-cedict-entry
无穷积分	無窮積分	wu2 qiong2 ji1 fen1	no-cc-cedict-entry
无纺布	無紡布	wu2 fang3 bu4	no-cc-cedict-entry
无线上网	無線上網	wu2 xian4 shang4 wang3	no-cc-cedict-entry
无线电通讯	無線電通訊	wu2 xian4 dian4 tong1 xun4	no-cc-cedict-entry
无线通信	無線通信	wu2 xian4 tong1 xin4	no-cc-cedict-entry
无责任舰长	無責任艦長	wu2 ze2 ren4 jian4 zhang3	no-cc-cedict-entry
无重力	無重力	wu2 zhong4 li4	no-cc-cedict-entry
无铅	無鉛	wu2 qian1	no-cc-cedict-entry
无铅汽油	無鉛汽油	wu2 qian1 qi4 you2	no-cc-cedict-entry
无间道	無間道	wu2 jian1 dao4	no-cc-cedict-entry
无间道风云	無間道風雲	wu2 jian1 dao4 feng1 yun2	no-cc-cedict-entry
无风	無風	wu2 feng1	no-cc-cedict-entry
既开且闭	既開且閉	ji4 kai1 qie3 bi4	no-cc-cedict-entry
日久天长	日久天長	ri4 jiu3 tian1 chang2	no-cc-cedict-entry
日子里	日子里	ri4 zi3 li3	no-cc-cedict-entry
日常生活	日常生活	ri4 chang2 sheng1 huo2	no-cc-cedict-entry
日式面包王	日式麵包王	ri4 shi4 mian4 bao1 wang2	no-cc-cedict-entry
日托	日託	ri4 tuo1	no-cc-cedict-entry
日日夜夜	日日夜夜	ri4 ri4 ye4 ye4	no-cc-cedict-entry
日本经济	日本經濟	ri4 ben3 jing1 ji4	no-cc-cedict-entry
日本语	日本語	ri4 ben3 yu3	no-cc-cedict-entry
旧城	舊城	jiu4 cheng2	no-cc-cedict-entry
旧宫	舊宮	jiu4 gong1	no-cc-cedict-entry
旧车	舊車	jiu4 che1	no-cc-cedict-entry
旧金山加利福尼亚大学	舊金山加利福尼亞大學	jiu4 jin1 shan1 jia1 li4 fu2 ni2 ya4 da4 xue2	no-cc-cedict-entry
旧金山国际机场	舊金山國際機場	jiu4 jin1 shan1 guo2 ji4 ji1 chang3	no-cc-cedict-entry
旧金山湾区捷运系统	舊金山灣區捷運系統	jiu4 jin1 shan1 wan1 qu1 jie2 yun4 xi4 tong3	no-cc-cedict-entry
旧鲁萨	舊魯薩	jiu4 lu3 sa4	no-cc-cedict-entry
早安少女组	早安少女組	zao3 an1 shao4 nu:3 zu3	no-cc-cedict-entry
早班儿	早班兒	zao3 ban1 r	no-cc-cedict-entry
早知道	早知道	zao3 zhi1 dao5	no-cc-cedict-entry
时代不同，风尚不同	時代不同，風尚不同	shi2 dai4 bu4 tong2 , feng1 shang4 bu4 tong2	no-cc-cedict-entry
时代年度风云人物	時代年度風雲人物	shi2 dai4 nian2 du4 feng1 yun2 ren2 wu4	no-cc-cedict-entry
时尚态度	時尚態度	shi2 shang4 tai4 du4	no-cc-cedict-entry
时有	時有	shi2 you3	no-cc-cedict-entry
时空之轮	時空之輪	shi2 kong1 zhi1 lun2	no-cc-cedict-entry
时空怪客	時空怪客	shi2 kong1 guai4 ke4	no-cc-cedict-entry
时空机器	時空機器	shi2 kong1 ji1 qi4	no-cc-cedict-entry
时装周	時裝周	shi2 zhuang1 zhou1	no-cc-cedict-entry
时间内	時間內	shi2 jian1 nei4	no-cc-cedict-entry
时间段	時間段	shi2 jian1 duan4	no-cc-cedict-entry
昆士兰科技大学	昆士蘭科技大學	kun1 shi4 lan2 ke1 ji4 da4 xue2	no-cc-cedict-entry
明儿个	明兒個	ming2 r ge5	no-cc-cedict-entry
明天广场	明天廣場	ming2 tian1 guang3 chang3	no-cc-cedict-entry
明晨	明晨	ming2 chen2	no-cc-cedict-entry
昏黄	昏黃	hun1 huang2	no-cc-cedict-entry
易用	易用	yi4 yong4	no-cc-cedict-entry
易行	易行	yi4 xing2	no-cc-cedict-entry
易装癖者	易裝癖者	yi4 zhuang1 pi3 zhe3	no-cc-cedict-entry
星子	星子	Xing1 zi3	no-cc-cedict-entry
星宿一	星宿一	xing1 xiu4 yi1	no-cc-cedict-entry
星形	星形	xing1 xing2	no-cc-cedict-entry
星河	星河	xing1 he2	no-cc-cedict-entry
星际传奇	星際傳奇	xing1 ji4 chuan2 qi2	no-cc-cedict-entry
星际宝贝	星際寶貝	xing1 ji4 bao3 bei4	no-cc-cedict-entry
星际旅行之进取号	星際旅行之進取號	xing1 ji4 lu:3 xing2 zhi1 jin4 qu3 hao4	no-cc-cedict-entry
映上映射	映上映射	ying4 shang4 ying4 she4	no-cc-cedict-entry
春兰杯世界职业围棋锦标赛	春蘭杯世界職業圍棋錦標賽	chun1 lan2 bei1 shi4 jie4 zhi2 ye4 wei2 qi2 jin3 biao1 sai4	no-cc-cedict-entry
春秋左传	春秋左傳	chun1 qiu1 zuo3 chuan2	no-cc-cedict-entry
春節期間	春节期间	Chun1 jie2 qi1 jian1	no-cc-cedict-entry
昨儿	昨兒	zuo2 r	no-cc-cedict-entry
昨儿个	昨兒個	zuo2 r ge5	no-cc-cedict-entry
昨天晚上	昨天晚上	zuo2 tian1 wan3 shang5	no-cc-cedict-entry
是不是	是不是	shi4 bu4 shi4	no-cc-cedict-entry
是个	是個	shi4 ge4	no-cc-cedict-entry
是吗	是嗎	shi4 ma5	no-cc-cedict-entry
是说	是說	shi4 shuo1	no-cc-cedict-entry
显宗天皇	顯宗天皇	xian3 zong1 tian1 huang2	no-cc-cedict-entry
显微术	顯微術	xian3 wei2 shu4	no-cc-cedict-entry
晃眼	晃眼	huang3 yan3	no-cc-cedict-entry
晒衣架	曬衣架	shai4 yi1 jia4	no-cc-cedict-entry
晓明	晓明	xiao3 ming2	no-cc-cedict-entry
晕高儿	暈高兒	yun4 gao1 r	no-cc-cedict-entry
晚半天儿	晚半天兒	wan3 ban5 tian1 r	no-cc-cedict-entry
晚课	晚課	wan3 ke4	no-cc-cedict-entry
晚风	晚風	wan3 feng1	no-cc-cedict-entry
晛	晛	xian4	no-cc-cedict-entry
晥	晥	han4	no-cc-cedict-entry
普世教会合一运动	普世教會合一運動	pu3 shi4 jiao4 hui4 he2 yi1 yun4 dong4	no-cc-cedict-entry
普沃茨克	普沃茨剋	pu3 wo4 ci2 ke4	no-cc-cedict-entry
普洱哈尼族彝族自治县	普洱哈尼族彞族自治縣	Pu3 er3 Ha1 ni2 zu2 Yi2 zu2 zi4 zhi4 xian4	no-cc-cedict-entry
普罗旺斯-阿尔卑斯-蓝色海岸大区	普羅旺斯-阿爾卑斯-藍色海岸大區	Pu3 luo2 wang4 si1 - a1 er3 bei1 si1 - lan2 se4 hai3 an4 da4 qu1	no-cc-cedict-entry
普萨	普薩	Pu3 sa4	no-cc-cedict-entry
普达措国家公园	普達措國家公園	pu3 da2 cuo4 guo2 jia1 gong1 yuan2	no-cc-cedict-entry
普通嫌疑犯	普通嫌疑犯	pu3 tong4 xian2 yi2 fan4	no-cc-cedict-entry
普里	普里	pu3 li3	no-cc-cedict-entry
普里兹伦	普里茲倫	pu3 li3 zi1 lun2	no-cc-cedict-entry
智利风铃草	智利風鈴草	zhi4 li4 feng1 ling2 cao3	no-cc-cedict-entry
智囊	智囊	zhi4 nang2	no-cc-cedict-entry
智能化	智能化	zhi4 neng2 hua4	no-cc-cedict-entry
智能电视	智能電視	zhi4 neng2 dian4 shi4	no-cc-cedict-entry
暂行办法	暫行辦法	zan4 xing2 ban4 fa3	no-cc-cedict-entry
暐	暐	wei3	no-cc-cedict-entry
暗灰鹃䴗	暗灰鵑鶪	an4 hui1 juan1 ju2	no-cc-cedict-entry
暗箭伤人	暗箭傷人	an4 jian4 shang1 ren2	no-cc-cedict-entry
暗红色	暗紅色	an4 hong2 se4	no-cc-cedict-entry
暗花	闇花	an4 hua1	no-cc-cedict-entry
暘	暘	yang2	no-cc-cedict-entry
暱	暱	ni4	no-cc-cedict-entry
暴雪娱乐	暴雪娛樂	bao4 xue3 yu2 le4	no-cc-cedict-entry
暹粒市	暹粒市	xian1 li4 shi4	no-cc-cedict-entry
暹粒省	暹粒省	xian1 li4 sheng3	no-cc-cedict-entry
曝光	曝光	pu4 guang1	no-cc-cedict-entry
曲纹坐标	曲紋坐標	qu1 wen2 zuo4 biao1	no-cc-cedict-entry
曲谱	曲譜	qu3 pu3	no-cc-cedict-entry
更不用说	更不用說	geng4 bu4 yong4 shuo1	no-cc-cedict-entry
更何况	更何況	geng4 he2 kuang4	no-cc-cedict-entry
更别说	更別說	geng4 bie2 shuo1	no-cc-cedict-entry
更多	更多	geng4 duo1	no-cc-cedict-entry
更大	更大	geng4 da4	no-cc-cedict-entry
更好	更好	geng4 hao3	no-cc-cedict-entry
更少	更少	geng4 shao3	no-cc-cedict-entry
更快	更快	geng4 kuai4	no-cc-cedict-entry
更远	更遠	geng4 yuan3	no-cc-cedict-entry
更重要	更重要	geng4 zhong4 yao4	no-cc-cedict-entry
更长	更長	geng4 chang2	no-cc-cedict-entry
更香	更香	geng1 xiang1	no-cc-cedict-entry
更高	更高	geng4 gao1	no-cc-cedict-entry
替代照料	替代照料	ti4 dai4 zhao4 liao4	no-cc-cedict-entry
最主要	最主要	zui4 zhu3 yao4	no-cc-cedict-entry
最低	最低	zui4 di1	no-cc-cedict-entry
最低价	最低價	zui4 di1 jia4	no-cc-cedict-entry
最低工资	最低工資	zui4 di1 gong1 zi1	no-cc-cedict-entry
最佳影片	最佳影片	zui4 jia1 ying3 pian4	no-cc-cedict-entry
最便宜	最便宜	zui4 pian2 yi5	no-cc-cedict-entry
最先进	最先進	zui4 xian1 jin4	no-cc-cedict-entry
最前面	最前面	zui4 qian2 mian5	no-cc-cedict-entry
最受欢迎	最受歡迎	zui4 shou4 huan1 ying2	no-cc-cedict-entry
最古老	最古老	zui4 gu3 lao3	no-cc-cedict-entry
最后一眼	最後一眼	zui4 hou4 yi1 yan3	no-cc-cedict-entry
最后更新	最後更新	zui4 hou4 geng1 xin1	no-cc-cedict-entry
最大	最大	zui4 da4	no-cc-cedict-entry
最大传输单元	最大傳輸單元	zui4 da4 chuan2 shu1 dan1 yuan2	no-cc-cedict-entry
最大公约式	最大公約數	zui4 da4 gong1 yue1 shi4	no-cc-cedict-entry
最小	最小	zui4 xiao3	no-cc-cedict-entry
最小公倍式	最小公倍式	zui4 xiao3 gong1 bei4 shi4	no-cc-cedict-entry
最差	最差	zui4 cha1	no-cc-cedict-entry
最常见	最常見	zui4 chang2 jian4	no-cc-cedict-entry
最年轻	最年輕	zui4 nian2 qing1	no-cc-cedict-entry
最强	最強	zui4 qiang2	no-cc-cedict-entry
最快	最快	zui4 kuai4	no-cc-cedict-entry
最怕	最怕	zui4 pa4	no-cc-cedict-entry
最接近	最接近	zui4 jie1 jin4	no-cc-cedict-entry
最新消息	最新消息	zui4 xin1 xiao1 xi5	no-cc-cedict-entry
最早	最早	zui4 zao3	no-cc-cedict-entry
最晚	最晚	zui4 wan3	no-cc-cedict-entry
最有名	最有名	zui4 you3 ming2	no-cc-cedict-entry
最流行	最流行	zui4 liu2 xing2	no-cc-cedict-entry
最深	最深	zui4 shen1	no-cc-cedict-entry
最深处	最深處	zui4 shen1 chu4	no-cc-cedict-entry
最简分式	最簡分式	zui4 jian3 fen1 shi4	no-cc-cedict-entry
最终兵器少女	最終兵器少女	zui4 zhong1 bing1 qi4 shao4 nu:3	no-cc-cedict-entry
最终用户	最終用戶	zui4 zhong1 yong4 hu4	no-cc-cedict-entry
最美	最美	zui4 mei3	no-cc-cedict-entry
最赚钱	最賺錢	zui4 zhuan4 qian2	no-cc-cedict-entry
最近将来时	最近將來時	zui4 jin4 jiang1 lai2 shi2	no-cc-cedict-entry
最近过去时	最近過去時	zui4 jin4 guo4 qu4 shi2	no-cc-cedict-entry
最重要	最重要	zui4 zhong4 yao4	no-cc-cedict-entry
最重要的是	最重要的是	zui4 zhong4 yao4 de5 shi4	no-cc-cedict-entry
最长	最長	zui4 chang2	no-cc-cedict-entry
最长的一天	最長的一天	zui4 chang2 de5 yi1 tian1	no-cc-cedict-entry
最高价	最高價	zui4 gao1 jia4	no-cc-cedict-entry
最高指挥官	最高指揮官	zui4 gao1 zhi3 hui1 guan1	no-cc-cedict-entry
最高点	最高點	zui4 gao1 dian3	no-cc-cedict-entry
最高行政法院	最高行政法院	zui4 gao1 xing5 zheng4 fa3 yuan4	no-cc-cedict-entry
月下	月下	yue4 xia4	no-cc-cedict-entry
月光光心慌慌	月光光心慌慌	yue4 guang1 guang1 xin1 huang1 huang1	no-cc-cedict-entry
月光隐遁	月光隱遁	yue4 guang1 yin3 dun4	no-cc-cedict-entry
月入	月入	yue4 ru4	no-cc-cedict-entry
月华剑士	月華劍士	yue4 hua2 jian4 shi4	no-cc-cedict-entry
月圆	月圓	yue4 yuan2	no-cc-cedict-entry
月头儿	月頭兒	yue4 tou2 r	no-cc-cedict-entry
月山	月山	yue4 shan1	no-cc-cedict-entry
月明	月明	yue4 ming2	no-cc-cedict-entry
月氏人	月氏人	Yue4 zhi1 ren2	no-cc-cedict-entry
月河	月河	yue4 he2	no-cc-cedict-entry
月球号探测器	月球號探測器	yue4 qiu2 hao4 tan4 ce4 qi4	no-cc-cedict-entry
月球旅行记	月球旅行記	yue4 qiu2 lu:3 xing2 ji4	no-cc-cedict-entry
月阳历	月陽曆	yue4 yang2 li4	no-cc-cedict-entry
有信心	有信心	you3 xin4 xin1	no-cc-cedict-entry
有关方面	有關方面	you3 guan1 fang1 mian4	no-cc-cedict-entry
有关部门	有關部門	you3 guan1 bu4 men2	no-cc-cedict-entry
有几个	有幾個	you3 ji3 ge5	no-cc-cedict-entry
有利条件	有利條件	you3 li4 tiao2 jian4	no-cc-cedict-entry
有前途	有前途	you3 qian2 tu2	no-cc-cedict-entry
有功	有功	you3 gong1	no-cc-cedict-entry
有勇气	有勇氣	you3 yong3 qi4	no-cc-cedict-entry
有向	有向	you3 xiang4	no-cc-cedict-entry
有味道	有味道	you3 wei4 dao4	no-cc-cedict-entry
有声	有聲	you3 sheng1	no-cc-cedict-entry
有妻室的男人	有妻室的男人	you3 qi1 shi4 de5 nan2 ren2	no-cc-cedict-entry
有害物质	有害物質	you3 hai4 wu4 zhi4	no-cc-cedict-entry
有序的	有序的	you3 xu4-de5	no-cc-cedict-entry
有必要	有必要	you3 bi4 yao4	no-cc-cedict-entry
有所不为	有所不為	you3 suo3 bu4 wei2	no-cc-cedict-entry
有才华	有才華	you3 cai2 hua2	no-cc-cedict-entry
有效期限	有效期限	you3 xiao4 qi1 xian4	no-cc-cedict-entry
有效率	有效率	you3 xiao4 shuai4	no-cc-cedict-entry
有文化	有文化	you3 wen2 hua4	no-cc-cedict-entry
有机会	有機會	you3 ji1 hui4	no-cc-cedict-entry
有条件	有條件	you3 tiao2 jian4	no-cc-cedict-entry
有根	有根	you3 gen1	no-cc-cedict-entry
有氧搏击操	有氧搏擊操	you2 yang3 bo2 ji1 cao1	no-cc-cedict-entry
有点像	有點像	you3 dian3 xiang4	no-cc-cedict-entry
有点儿	有點兒	you3 dian3 r	no-cc-cedict-entry
有的放矢	有的放矢	you3 de5 fang4 shi3	no-cc-cedict-entry
有补格	有補格	you3 bu3 ge2	no-cc-cedict-entry
有计划	有計劃	you3 ji4 hua4	no-cc-cedict-entry
有货	有貨	you3 huo4	no-cc-cedict-entry
有蹄类	有蹄類	you3 ti2 lei4	no-cc-cedict-entry
有错误	有錯誤	you3 cuo4 wu4	no-cc-cedict-entry
有长	有長	you3 chang2	no-cc-cedict-entry
有限责任	有限責任	you3 xian4 ze2 ren4	no-cc-cedict-entry
有限责任公司	有限責任公司	you3 xian4 ze2 ren4 gong1 si1	no-cc-cedict-entry
服务中心	服務中心	fu2 wu4 zhong1 xin1	no-cc-cedict-entry
服务商	服務商	fu2 wu4 shang1	no-cc-cedict-entry
服务热线	服務熱線	fu2 wu4 re4 xian4	no-cc-cedict-entry
服务管理	服務管理	fu2 wu4 guan3 li3	no-cc-cedict-entry
服装店	服裝店	fu2 zhuang1 dian4	no-cc-cedict-entry
朓	朓	tiao4	no-cc-cedict-entry
朗塔热	朗塔熱	lang3 ta3 re4	no-cc-cedict-entry
朗德	朗德	lang3 de2	no-cc-cedict-entry
朗朗	朗朗	lang3 lang3	no-cc-cedict-entry
朗读者	朗讀者	lang3 du2 zhe3	no-cc-cedict-entry
望穿秋水	望穿秋水	wang4 chuan1 qiu1 shui3	no-cc-cedict-entry
朝下	朝下	chao2 xia4	no-cc-cedict-entry
朝日放送	朝日放送	Zhao1 ri4 Fang4 song4	no-cc-cedict-entry
朝核危机	朝核危機	chao2 he2 wei2 ji1	no-cc-cedict-entry
朝霞	朝霞	zhao1 xia2	no-cc-cedict-entry
朝鲜中央电视台	朝鮮中央電視台	chao2 xian1 zhong1 yang1 dian4 shi4 tai2	no-cc-cedict-entry
期望差	期望差	qi1 wang4 cha1	no-cc-cedict-entry
期末考试	期末考試	qi1 mo4 kao3 shi4	no-cc-cedict-entry
期货交易	期貨交易	qi1 huo4 jiao1 yi4	no-cc-cedict-entry
期货市场	期貨市場	qi1 huo4 shi4 chang3	no-cc-cedict-entry
朢	朢	wang4	no-cc-cedict-entry
木地板	木地板	mu4 di4 ban3	no-cc-cedict-entry
木屋	木屋	mu4 wu1	no-cc-cedict-entry
木岛	木島	mu4 dao3	no-cc-cedict-entry
木排	木排	mu4 pai2	no-cc-cedict-entry
朩	朩	xx5	invalid-reading
朩	朩	xx5	invalid-reading
未完成	未完成	wei4 wan2 cheng2	no-cc-cedict-entry
未完成过去时	未完成過去時	wei4 wan2 cheng2 guo4 qu4 shi2	no-cc-cedict-entry
未定式	未定式	wei4 ding4 shi4	no-cc-cedict-entry
未尽	未盡	wei4 jin4	no-cc-cedict-entry
未找到	未找到	wei4 zhao3 dao4	no-cc-cedict-entry
未来战士	未來戰士	wei4 lai2 zhan4 shi4	no-cc-cedict-entry
未经授权	未經授權	wei4 jing1 shou4 quan2	no-cc-cedict-entry
未见	未見	wei4 jian4	no-cc-cedict-entry
末法	末法	mo4 fa3	no-cc-cedict-entry
本公司	本公司	ben3 gong1 si1	no-cc-cedict-entry
本原	本原	ben3 yuan2	no-cc-cedict-entry
本周	本週	ben3 zhou1	no-cc-cedict-entry
本报讯	本報訊	ben3 bao4 xun4	no-cc-cedict-entry
本次	本次	ben3 ci4	no-cc-cedict-entry
本法	本法	ben3 fa3	no-cc-cedict-entry
本田雅阁	本田雅閣	ben3 tian2 ya3 ge2	no-cc-cedict-entry
本笃·十六世	本篤·十六世	Ben3 du3 · shi2 liu4 shi4	no-cc-cedict-entry
本该	本該	ben3 gai1	no-cc-cedict-entry
本院	本院	ben3 yuan4	no-cc-cedict-entry
朰	朰	xx5	invalid-reading
朰	朰	xx5	invalid-reading
朱古	硃古	zhu1 gu3	no-cc-cedict-entry
机具	機具	ji1 ju4	no-cc-cedict-entry
机动杀人	機動殺人	ji1 dong4 sha1 ren2	no-cc-cedict-entry
机器人总动员	機器人總動員	ji1 qi4 ren2 zong3 dong4 yuan2	no-cc-cedict-entry
机器鸡	機器雞	ji1 qi4 ji1	no-cc-cedict-entry
机场代码	機場代碼	ji1 chang3 dai4 ma3	no-cc-cedict-entry
机壳	機殼	ji1 ke2	no-cc-cedict-entry
机构改革	機構改革	ji1 gou4 gai3 ge2	no-cc-cedict-entry
机械制造	機械製造	ji1 xie4 zhi4 zao4	no-cc-cedict-entry
机械加工	機械加工	ji1 xie4 jia1 gong1	no-cc-cedict-entry
机械厂	機械廠	ji1 xie4 chang3	no-cc-cedict-entry
机械电子	機械電子	ji1 xie4 dian4 zi3	no-cc-cedict-entry
机械设备	機械設備	ji1 xie4 she4 bei4	no-cc-cedict-entry
机械设计	機械設計	ji1 xie4 she4 ji4	no-cc-cedict-entry
机率分布	機率分佈	ji1 lu:4 fen1 bu4	no-cc-cedict-entry
机电一体化	機電一體化	ji1 dian4 yi4 ti3 hua4	no-cc-cedict-entry
机电产品	機電產品	ji1 dian4 chan3 pin3	no-cc-cedict-entry
机芯	機芯	ji1 xin1	no-cc-cedict-entry
机读编目格式标准	機讀編目格式標準	ji1 du2 bian1 mu4 ge2 shi4 biao1 zhun3	no-cc-cedict-entry
杀人者	殺人者	sha1 ren2 zhe3	no-cc-cedict-entry
杀害妇女	殺害婦女	sha1 hai4 fu4 nu:3	no-cc-cedict-entry
杀戮一代	殺戮一代	sha1 lu4 yi1 dai4	no-cc-cedict-entry
杀手阿一	殺手阿一	sha1 shou3 a1 yi1	no-cc-cedict-entry
杀生物剂	殺生物劑	sha1 sheng1 wu4 ji4	no-cc-cedict-entry
杉弥	杉彌	sha1 mi2	no-cc-cedict-entry
李敖	李敖	li3 ao2	no-cc-cedict-entry
李逍遥	李逍遙	li3 xiao1 yao2	no-cc-cedict-entry
杜威十进制图书分类法	杜威十進制圖書分類法	du4 wei1 shi2 jin4 zhi4 tu2 shu1 fen1 lei4 fa3	no-cc-cedict-entry
条形音箱	條形音箱	tiao2 xing2 yin1 xiang1	no-cc-cedict-entry
来弗欧克县	來弗歐克縣	lai2 fu2 ou1 ke4 xian4	no-cc-cedict-entry
来檬	來檬	lai2 meng2	no-cc-cedict-entry
来看	來看	lai2 kan4	no-cc-cedict-entry
来自天外	來自天外	lai2 zi4 tian1 wai4	no-cc-cedict-entry
来说	來說	lai2 shuo1	no-cc-cedict-entry
杨晨	楊晨	yang2 chen2	no-cc-cedict-entry
杮	杮	shi4	no-cc-cedict-entry
杯形饼	杯形餅	bei1 xing2 bing3	no-cc-cedict-entry
杰伦	杰伦	jie2 lun2	no-cc-cedict-entry
杰克南瓜灯	傑剋南瓜燈	jie2 ke4 nan2 gua1 deng1	no-cc-cedict-entry
杰尔	傑爾	jie2 er3	no-cc-cedict-entry
杰尼瓦县	傑尼瓦縣	jie2 ni2 wa3 xian4	no-cc-cedict-entry
杰弗里・乔叟	傑弗里・喬叟	Jie2 fu2 li3 · Qiao2 sou3	no-cc-cedict-entry
杰德卡拉	傑德卡拉	jie2 de2 ka3 la1	no-cc-cedict-entry
杰志	傑志	jie2 zhi4	no-cc-cedict-entry
杰索帕莱纳	傑索帕萊納	jie2 suo3 pa4 lai2 na4	no-cc-cedict-entry
杰罗姆	杰罗姆	jie2 luo1 mu3	no-cc-cedict-entry
杰西・欧文斯	傑西・歐文斯	Jie2 xi1 · Ou1 wen2 si1	no-cc-cedict-entry
杰迪代	傑迪代	jie2 di2 dai4	no-cc-cedict-entry
杰钦	傑欽	jie2 qin1	no-cc-cedict-entry
杰马诺	傑馬諾	jie2 ma3 nuo4	no-cc-cedict-entry
松兹瓦尔市	鬆茲瓦爾市	song1 zi1 wa3 er3 shi4	no-cc-cedict-entry
松博尔	鬆博爾	song1 bo2 er3	no-cc-cedict-entry
松布雷夫	鬆布雷夫	song1 bu4 lei2 fu2	no-cc-cedict-entry
松林炮台	鬆林炮颱	song1 lin2 pao4 tai2	no-cc-cedict-entry
松讷贝格县	鬆訥貝格縣	song1 ne4 bei4 ge2 xian4	no-cc-cedict-entry
松鼠猴	鬆鼠猴	song1 shu3 hou2	no-cc-cedict-entry
板主	闆主	pan4 zhu3	no-cc-cedict-entry
板起面孔	板起面孔	ban3 qi3 mian4 kong3	no-cc-cedict-entry
板野町	闆野町	pan4 ye3 ting3	no-cc-cedict-entry
极佳	極佳	ji2 jia1	no-cc-cedict-entry
极值点	極值點	ji2 zhi2 dian3	no-cc-cedict-entry
极光奏鸣曲乐团	極光奏鳴曲樂團	ji2 guang1 zou4 ming2 qu3 le4 tuan2	no-cc-cedict-entry
极品飞车	極品飛車	ji2 pin3 fei1 che1	no-cc-cedict-entry
极地双子星	極地雙子星	ji2 di4 shuang1 zi3 xing1	no-cc-cedict-entry
极度恐慌	極度恐慌	ji2 duo2 kong3 huang1	no-cc-cedict-entry
极高	極高	ji2 gao1	no-cc-cedict-entry
构建和谐社会	構建和諧社會	gou4 jian4 he2 xie2 she4 hui4	no-cc-cedict-entry
枕边	枕邊	zhen3 bian1	no-cc-cedict-entry
林八哥	林八哥	lin2 ba1 ge1	no-cc-cedict-entry
林夕	林夕	lin2 xi1	no-cc-cedict-entry
林畔丰特奈	林畔豐特奈	Lin2 pan4 feng1 te4 nai4	no-cc-cedict-entry
林莹	林莹	lin2 ying2	no-cc-cedict-entry
林赛	林賽	lin2 sai4	no-cc-cedict-entry
林赛达文波特	林賽達文波特	lin2 sai4 da2 wen2 bo1 te4	no-cc-cedict-entry
果实累累	果實累累	guo3 shi2 lei3 lei3	no-cc-cedict-entry
枝头	枝頭	zhi1 tou2	no-cc-cedict-entry
枪与玫瑰	槍與玫瑰	qiang1 yu3 mei2 gui1	no-cc-cedict-entry
枯黄	枯黃	ku1 huang2	no-cc-cedict-entry
枴	枴	guai3	no-cc-cedict-entry
枸橼酸	枸櫞酸	ju3 yuan2 suan1	no-cc-cedict-entry
柏杨	柏楊	bo2 yang2	no-cc-cedict-entry
柏林国际旅游交易会	柏林國際旅遊交易會	bo2 lin2 guo2 ji4 lu:3 you2 jiao1 yi4 hui4	no-cc-cedict-entry
某个	某個	mou3 ge4	no-cc-cedict-entry
某些人	某些人	mou3 xie1 ren2	no-cc-cedict-entry
柑桔	柑桔	gan1 ju2	no-cc-cedict-entry
染色体三倍体症	染色體三倍體症	ran3 se4 ti3 san1 bei4 ti3 zheng4	no-cc-cedict-entry
柔弱的	柔弱的	rou2 ruo4 de5	no-cc-cedict-entry
柔顺剂	柔順劑	rou2 xun4 ji4	no-cc-cedict-entry
查克・诺里斯	查克・諾里斯	Cha2 ke4 · Nuo4 li3 si1	no-cc-cedict-entry
查兰	查兰	cha2 lan2	no-cc-cedict-entry
查寻	查尋	cha2 xun2	no-cc-cedict-entry
查尿	查尿	cha2 niao4	no-cc-cedict-entry
查帕拉湖	查帕拉湖	cha2 pa4 la1 hu2	no-cc-cedict-entry
查拉图斯特拉如是说	查拉圖斯特拉如是說	cha2 la1 tu2 si1 te4 la1 ru2 shi4 shuo1	no-cc-cedict-entry
查查克	查查剋	cha2 cha2 ke4	no-cc-cedict-entry
查泰莱夫人的情人	查泰萊夫人的情人	cha2 tai4 lai2 fu1 ren2 de5 qing2 ren2	no-cc-cedict-entry
查理	查理	cha2 li3	no-cc-cedict-entry
查理曼大帝	查理曼大帝	cha2 li3 man4 da4 di4	no-cc-cedict-entry
查看器	查看器	cha2 kan4 qi4	no-cc-cedict-entry
柯南	柯南	ke1 nan2	no-cc-cedict-entry
柯尔律治	柯爾律治	ke1 er3 lu:4 zhi4	no-cc-cedict-entry
柯尼卡	柯尼卡	ke1 ni2 ka3	no-cc-cedict-entry
柱坐标	柱坐標	zhu4 zuo4 biao1	no-cc-cedict-entry
柳丝芋螺	柳絲芋螺	liu3 si1 yu4 luo2	no-cc-cedict-entry
柳巷芳草	柳巷芳草	liu3 xiang4 fang1 cao3	no-cc-cedict-entry
柺	柺	guai3	no-cc-cedict-entry
标准方程	標准方程	biao1 zhun3 fang1 cheng2	no-cc-cedict-entry
标准配置	標準配置	biao1 zhun3 pei4 zhi4	no-cc-cedict-entry
树荫	樹蔭	shu4 yin4	no-cc-cedict-entry
树袋熊属	樹袋熊屬	shu4 dai4 xiong2 shu3	no-cc-cedict-entry
栗喉䴗鹛	栗喉鶪鶥	li4 hou2 ju2 mei2	no-cc-cedict-entry
栗额䴗鹛	栗額鶪鶥	li4 e2 ju2 mei2	no-cc-cedict-entry
校友会	校友會	xiao4 you3 kuai4	no-cc-cedict-entry
校门口	校門口	jiao4 men2 kou3	no-cc-cedict-entry
样儿	樣兒	yang4 r	no-cc-cedict-entry
核发	核發	he2 fa1	no-cc-cedict-entry
核心技术	核心技術	he2 xin1 ji4 shu4	no-cc-cedict-entry
核泄漏	核洩漏	he2 xie4 lou4	no-cc-cedict-entry
核裁军运动	核裁軍運動	he2 cai2 jun1 yun4 dong4	no-cc-cedict-entry
核讹诈	覈訛詐	he2 e2 zha4	no-cc-cedict-entry
根心	根心	gen1 xin1	no-cc-cedict-entry
根戈德里	根戈德里	gen1 ge1 de2 li3	no-cc-cedict-entry
根本利益	根本利益	gen1 ben3 li4 yi4	no-cc-cedict-entry
根本原因	根本原因	gen1 ben3 yuan2 yin1	no-cc-cedict-entry
根轴	根軸	gen1 zhou2	no-cc-cedict-entry
根部	根部	gen1 bu4	no-cc-cedict-entry
格拉斯曼定律	格拉斯曼定律	ge2 la1 si1 man4 ding4 lu:4	no-cc-cedict-entry
格木	格木	ge2 mu4	no-cc-cedict-entry
格林斯潘灰色	格林斯潘灰色	ge2 lin2 si1 pan1 hui1 se4	no-cc-cedict-entry
格雷茅斯	格雷茅斯	Ge2 lei2 mao2 si1	no-cc-cedict-entry
格鲁吉亚共和国	格魯吉亞共和國	ge2 lu3 ji2 ya4 gong4 he2 guo2	no-cc-cedict-entry
桀骜不驯 	桀驁不馴 	jie2 ao4 bu4 xun4	no-cc-cedict-entry
桃符	桃符	tao2 fu2	no-cc-cedict-entry
框框	框框	kuang4 kuang4	no-cc-cedict-entry
桌上	桌上	zhuo1 shang5	no-cc-cedict-entry
桌山	桌山	zhuo1 shan1	no-cc-cedict-entry
桌面搜索	桌麵搜索	zhuo1 mian4 sou1 suo3	no-cc-cedict-entry
桑娇维塞	桑嬌維塞	Sang1 jiao1 wei2 sai1	no-cc-cedict-entry
桑布尔河畔热梅普	桑布爾河畔熱梅普	sang1 bu4 er3 he2 pan4 re4 mei2 pu3	no-cc-cedict-entry
桑眼	桑眼	sang3 yan3	no-cc-cedict-entry
档案夾	檔案夾	dang4 an4 jia1	no-cc-cedict-entry
桮	桮	bei1	no-cc-cedict-entry
梅冄	梅冄	mei2 ran3	no-cc-cedict-entry
梅尔	梅尔	mei2 er3	no-cc-cedict-entry
梅朗雄	梅朗雄	Mei2 lang3 xiong2	no-cc-cedict-entry
梅赛德斯	梅赛德斯	mei2 sai4 de2 si1	no-cc-cedict-entry
梅里尼亚	梅裏尼亞	Mei2 li3 ni2 ya3	no-cc-cedict-entry
梅雨季节	梅雨季節	mei2 yu3 ji4 jie2	no-cc-cedict-entry
梗犬	梗犬	geng3 quan3	no-cc-cedict-entry
梜	梜	jia2	no-cc-cedict-entry
梜提	梜提	jia1 ti2	no-cc-cedict-entry
梦工厂	夢工廠	meng4 gong1 chang3	no-cc-cedict-entry
梨球	梨球	li2 qiu2	no-cc-cedict-entry
检阅台	檢閱台	jian3 yue4 tai2	no-cc-cedict-entry
棉毛裤	棉毛褲	mian2 mao2 ku4	no-cc-cedict-entry
棋友	棋友	qi2 you3	no-cc-cedict-entry
棒球运动员	棒球運動員	bang4 qiu2 yun4 dong4 yuan2	no-cc-cedict-entry
棕腹䴗鹛	棕腹鶪鶥	zong1 fu4 ju2 mei2	no-cc-cedict-entry
棕顶树莺	棕頂樹鶯	zong4 ding3 shu4 ying1	no-cc-cedict-entry
植木的法则	植木的法則	zhi2 mu4 de5 fa3 ze2	no-cc-cedict-entry
植物遗产	植物遺產	zhi2 wu4 yi2 chan3	no-cc-cedict-entry
植虫类	植蟲類	zhi2 chong2 lei4	no-cc-cedict-entry
椗	椗	ding4	no-cc-cedict-entry
椤	椤	luo3	no-cc-cedict-entry
椷	椷	jian1	no-cc-cedict-entry
椿	椿	chun2	no-cc-cedict-entry
楟	楟	ting2	no-cc-cedict-entry
楼姊	楼姊	lou2 zi3	no-cc-cedict-entry
概值	概值	gai4 zhi2	no-cc-cedict-entry
榊	榊	shen2	no-cc-cedict-entry
榘	榘	ju3	no-cc-cedict-entry
槓	槓	gang4	no-cc-cedict-entry
槭	槭	qi1	no-cc-cedict-entry
槼	槼	gui1	no-cc-cedict-entry
樑	樑	liang2	no-cc-cedict-entry
模件集成视频系统	模件集成視頻系統	mu2 jian4 ji2 cheng2 shi4 pin2 xi4 tong3	no-cc-cedict-entry
模拟人生	模擬人生	mo2 ni3 ren2 sheng1	no-cc-cedict-entry
模拟游戏	模擬遊戲	mo2 ni3 you2 xi4	no-cc-cedict-entry
模拟航管组织	模擬航管組織	mo2 ni3 hang2 guan3 zu3 zhi1	no-cc-cedict-entry
模特儿	模特兒	mo2 te4 r	no-cc-cedict-entry
横滨地标大厦	橫濱地標大廈	heng2 bin1 di4 biao1 da4 sha4	no-cc-cedict-entry
横窦	橫竇	heng2 dou4	no-cc-cedict-entry
横轴	橫軸	heng2 zhou2	no-cc-cedict-entry
樿	樿	zhan3	no-cc-cedict-entry
橙路	橙路	cheng2 lu4	no-cc-cedict-entry
橡树之心体育俱乐部	橡樹之心體育俱樂部	xiang4 shu4 zhi1 xin1 ti3 yu4 ju4 le4 bu4	no-cc-cedict-entry
橤	橤	rui3	no-cc-cedict-entry
檀岛警骑	檀島警騎	tan2 dao3 jing3 qi2	no-cc-cedict-entry
檟	檟	jia3	no-cc-cedict-entry
檢定	检定	jian3 ding4	no-cc-cedict-entry
檮	檮	tao2	no-cc-cedict-entry
次巨星	次巨星	ci4 ju4 xing1	no-cc-cedict-entry
次序关系	次序關系	ci4 xu4 guan1 xi5	no-cc-cedict-entry
欢欢	歡歡	huan1 huan1	no-cc-cedict-entry
欣赫洛姆	欣赫洛姆	xin1 he4 luo4 mu3	no-cc-cedict-entry
欧亚鵟	歐亞鵟	Ou1 Ya4 kuang2	no-cc-cedict-entry
欧加登民族解放阵线	歐加登民族解放陣線	ou1 jia1 deng1 min2 zu2 jie3 fang4 zhen4 xian4	no-cc-cedict-entry
欧化	歐化	ou1 hua4	no-cc-cedict-entry
欧塞瓦	歐塞瓦	Ou1 sai1 wa3	no-cc-cedict-entry
欧尚	歐尚	Ou1 shang4	no-cc-cedict-entry
欧朋	歐朋	Ou1 peng2	no-cc-cedict-entry
欧洲国家	歐洲國家	ou1 zhou1 guo2 jia1	no-cc-cedict-entry
欧洲核子研究组织	歐洲核子研究組織	ou1 zhou1 he2 zi3 yan2 jiu4 zu3 zhi1	no-cc-cedict-entry
欧洲煤钢共同体	歐洲煤鋼共同體	ou1 zhou1 mei2 gang1 gong4 tong2 ti3	no-cc-cedict-entry
欧洲理性主义	歐洲理性主義	ou1 zhou1 li3 xing4 zhu3 yi4	no-cc-cedict-entry
欧洲联盟促进遵守国际人道主义法准则	欧洲联盟促进遵守国际人道主义法准则	ou1 zhou1 lian2 meng2 cu4 jin4 zun1 shou3 guo2 ji4 ren2 dao4 zhu3 yi4 fa3 zhun3 ze2	no-cc-cedict-entry
欧锦赛	歐錦賽	ou1 jin3 sai4	no-cc-cedict-entry
欲乱绝情妻	欲亂絕情妻	yu4 luan4 jue2 qing2 qi1	no-cc-cedict-entry
欲善其事，必先利其器	欲善其事，必先利其器	yu4 shan4 qi2 shi4 , bi4 xian1 li4 qi2 qi4	no-cc-cedict-entry
欲望城市	慾望城市	yu4 wang4 cheng2 shi4	no-cc-cedict-entry
欻	欻	hu1	no-cc-cedict-entry
歌剧魅影	歌劇魅影	ge1 ju4 mei4 ying3	no-cc-cedict-entry
歌名	歌名	ge1 ming2	no-cc-cedict-entry
歌声魅影	歌聲魅影	ge1 sheng1 mei4 ying3	no-cc-cedict-entry
歛	歛	lian4	no-cc-cedict-entry
止贡赞普	止貢贊普	zhi3 gong4 zan4 pu3	no-cc-cedict-entry
正义感	正義感	zheng4 yi4 gan3	no-cc-cedict-entry
正体位	正體位	zheng4 ti3 wei4	no-cc-cedict-entry
正前方	正前方	zheng4 qian2 fang1	no-cc-cedict-entry
正在播放	正在播放	zheng4 zai4 bo4 fang4	no-cc-cedict-entry
正在进行	正在進行	zheng4 zai4 jin4 xing2	no-cc-cedict-entry
正在进行时	正在進行時	zheng4 zai4 jin4 xing2 shi2	no-cc-cedict-entry
正大	正大	zheng4 da4	no-cc-cedict-entry
正定向	正定向	zheng4 ding4 xiang4	no-cc-cedict-entry
正山小种	正山小種	zheng4 shan1 xiao3 zhong3	no-cc-cedict-entry
正己烷	正己烷	zheng4 ji3 wan2	no-cc-cedict-entry
正常值	正常值	zheng4 chang2 zhi2	no-cc-cedict-entry
正矢	正矢	zheng4 shi3	no-cc-cedict-entry
正确地	正確地	zheng4 que4 de5	no-cc-cedict-entry
正确处理	正確處理	zheng4 que4 chu3 li3	no-cc-cedict-entry
正确性	正確性	zheng4 que4 xing4	no-cc-cedict-entry
正规化子	正規化子	zheng4 gui1 hua4 zi3	no-cc-cedict-entry
正规点	正規點	zheng4 gui1 dian3	no-cc-cedict-entry
此人	此人	ci3 ren2	no-cc-cedict-entry
此番	此番	ci3 fan1	no-cc-cedict-entry
步兵营医务科	步兵營醫務科	bu4 bing1 ying2 yi1 wu4 ke1	no-cc-cedict-entry
步进	步進	bu4 jin4	no-cc-cedict-entry
武器种族传说	武器種族傳說	wu3 qi4 zhong3 zu2 chuan2 shuo1	no-cc-cedict-entry
武夫	武夫	wu3 fu1	no-cc-cedict-entry
武帝	武帝	wu3 di4	no-cc-cedict-entry
武济耶	武濟耶	wu3 ji4 ye2	no-cc-cedict-entry
武烈天皇	武烈天皇	wu3 lie4 tian1 huang2	no-cc-cedict-entry
武科瓦尔	武科瓦爾	wu3 ke1 wa3 er3	no-cc-cedict-entry
死三八	死三八	si3 san1 ba1	no-cc-cedict-entry
死了	死了	si3 le5	no-cc-cedict-entry
死于	死於	si3 yu2	no-cc-cedict-entry
死亡之舞	死亡之舞	si3 wang2 zhi1 wu3	no-cc-cedict-entry
死亡诗社	死亡詩社	si3 wang2 shi1 she4	no-cc-cedict-entry
死八婆	死八婆	si3 ba1 po2	no-cc-cedict-entry
死变态	死變態	si3 bian4 tai4	no-cc-cedict-entry
死子包	死子包	si3 zi5 bao1	no-cc-cedict-entry
死屁眼	死屁眼	si3 pi4 yan3	no-cc-cedict-entry
死扑街	死撲街	si3 pu1 jie1	no-cc-cedict-entry
死淫贼	死淫賊	si3 yin2 zei2	no-cc-cedict-entry
死灵魂	死靈魂	si3 ling2 hun2	no-cc-cedict-entry
死老爷	死老爺	si3 lao3 ye5	no-cc-cedict-entry
死裤子乐队	死褲子樂隊	si3 ku4 zi5 yue4 dui4	no-cc-cedict-entry
殀	殀	yao3	no-cc-cedict-entry
残数	殘數	can2 shu4	no-cc-cedict-entry
殰	殰	du2	no-cc-cedict-entry
母亲节快乐	母親節快樂	mu3 qin1 jie2 kuai4 le4	no-cc-cedict-entry
母奶	母奶	mu3 nai3	no-cc-cedict-entry
母牛	母牛	mu3 niu2	no-cc-cedict-entry
母猪	母豬	mu3 zhu1	no-cc-cedict-entry
每一	每一	mei3 yi1	no-cc-cedict-entry
每一个人	每一個人	mei3 yi1 ge4 ren2	no-cc-cedict-entry
每一天	每一天	mei3 yi1 tian1	no-cc-cedict-entry
每个	每個	mei3 ge4	no-cc-cedict-entry
每个月	每個月	mei3 ge3 yue4	no-cc-cedict-entry
每只	每隻	mei3 zhi1	no-cc-cedict-entry
每吨	每噸	mei3 dun1	no-cc-cedict-entry
每天都	每天都	mei3 tian1 dou1	no-cc-cedict-entry
每小时	每小時	mei3 xiao3 shi2	no-cc-cedict-entry
每星期	每星期	mei3 xing1 qi1	no-cc-cedict-entry
每晚	每晚	mei3 wan3	no-cc-cedict-entry
比	比	bi4	no-cc-cedict-entry
比划	比劃	bi3 hua4	no-cc-cedict-entry
比利时主义	比利時主義	bi3 li4 shi2 zhu3 yi4	no-cc-cedict-entry
比利时王国	比利時王國	bi3 li4 shi2 wang2 guo2	no-cc-cedict-entry
比利时足球甲级联赛	比利時足球甲級聯賽	bi3 li4 shi2 zu2 qiu2 jia3 ji2 lian2 sai4	no-cc-cedict-entry
比利时足球联赛系统	比利時足球聯賽系統	bi3 li4 shi2 zu2 qiu2 lian2 sai4 xi4 tong3	no-cc-cedict-entry
比完	比完	bi3 wan2	no-cc-cedict-entry
比萨店	比薩店	bi3 sa4 dian4	no-cc-cedict-entry
比赛时间	比賽時間	bi3 sai4 shi2 jian1	no-cc-cedict-entry
比较优势	比較優勢	bi3 jiao4 you1 shi4	no-cc-cedict-entry
比较喜欢	比較喜歡	bi3 jiao4 xi3 huan1	no-cc-cedict-entry
比较容易	比較容易	bi3 jiao4 rong2 yi4	no-cc-cedict-entry
比较少	比較少	bi3 jiao3 shao3	no-cc-cedict-entry
比重测定	比重測定	bi3 zhong4 ce5 ding5	no-cc-cedict-entry
毕加索公司	畢加索公司	bi4 jia1 suo3 gong1 si1	no-cc-cedict-entry
毘	毘	pi2	no-cc-cedict-entry
毛主席纪念堂	毛主席紀念堂	Mao2 Zhu3 xi2 Ji4 nian4 tang2	no-cc-cedict-entry
毛泽东·鲜为人知的故事	毛澤東·鮮為人知的故事	Mao2 Ze2 dong1 · Xian1 wei2 ren2 zhi1 de5 Gu4 shi5	no-cc-cedict-entry
毛绒	毛絨	mao2 rong2	no-cc-cedict-entry
毛腿耳夜鹰	毛腿耳夜鷹	mao2 tui3 er3 ye4 ying1	no-cc-cedict-entry
毛腿鵟	毛腿鵟	mao2 tui3 kuang2	no-cc-cedict-entry
毛裤	毛褲	mao2 ku4	no-cc-cedict-entry
毬	毬	qiu2	no-cc-cedict-entry
氂	氂	mao2	no-cc-cedict-entry
氆氇	氆氌	pu3 lu1	no-cc-cedict-entry
民主党派	民主黨派	min2 zhu3 dang3 pai4	no-cc-cedict-entry
民主德国国家足球队	民主德國國家足球隊	min2 zhu3 de2 guo2 guo2 jia1 zu2 qiu2 dui4	no-cc-cedict-entry
民事诉讼法	民事訴訟法	min2 shi4 su4 song4 fa3	no-cc-cedict-entry
民政官	民政官	min2 zheng4 guan1	no-cc-cedict-entry
民族文化	民族文化	min2 zu2 wen2 hua4	no-cc-cedict-entry
民航总局	民航總局	min2 hang2 zong3 ju2	no-cc-cedict-entry
民航管理局	民航管理局	min2 hang2 guan3 li3 ju2	no-cc-cedict-entry
民营企业	民營企業	min2 ying2 qi4 ye4	no-cc-cedict-entry
气候变化怀疑论者	氣候變化懷疑論者	qi4 hou4 bian4 hua4 huai2 yi2 lun4 zhe3	no-cc-cedict-entry
气候变化脆弱性	气候变化脆弱性	qi4 hou4 bian4 hua4 cui4 ruo4 xing4	no-cc-cedict-entry
气候怀疑论者	氣候懷疑論者	qi4 hou4 huai2 yi2 lun4 zhe3	no-cc-cedict-entry
气势磅礴	氣勢磅礴	qi4 shi4 pang2 bo2	no-cc-cedict-entry
气场	氣場	qi4 chang2	no-cc-cedict-entry
气象预报	氣象預報	qi4 xiang4 yu4 bao4	no-cc-cedict-entry
氟化钾	氟化鉀	fu2 hua4 jia3	no-cc-cedict-entry
氟化铵	氟化銨	fu2 hua4 an3	no-cc-cedict-entry
氟溴烃	氟溴烴	fu2 xiu4 ting1	no-cc-cedict-entry
氨基丁酸	氨基丁酸	an1 ji1 ding1 suan1	no-cc-cedict-entry
氮肥	氮肥	dan4 fei2	no-cc-cedict-entry
氯化亚汞	氯化亞汞	lu:4 hua4 ya4 gong3	no-cc-cedict-entry
氯己定	氯己定	lu:4 ji3 ding4	no-cc-cedict-entry
水中	水中	shui3 zhong1	no-cc-cedict-entry
水中的女人	水中的女人	shui3 zhong1 de5 nu:3 ren2	no-cc-cedict-entry
水价	水價	shui3 jia4	no-cc-cedict-entry
水僊	水僊	shui3 xian1	no-cc-cedict-entry
水厂	水廠	shui3 chang3	no-cc-cedict-entry
水平渐近线	水平漸近線	shui3 ping2 jian4 jin4 xian4	no-cc-cedict-entry
水文信息系统	水文信息系統	shui3 wen2 xin4 xi1 xi4 tong3	no-cc-cedict-entry
水林	水林	Shui3 lin2	no-cc-cedict-entry
水林乡	水林鄉	Shui3 lin2 xiang1	no-cc-cedict-entry
水果姐	水果姐	shui3 guo3 jie3	no-cc-cedict-entry
水果香	水果香	shui3 guo3 xiang1	no-cc-cedict-entry
水洗	水洗	shui3 xi3	no-cc-cedict-entry
水游蛇	水遊蛇	shui3 you2 she2	no-cc-cedict-entry
水火	水火	shui3 huo3	no-cc-cedict-entry
水煎包	水煎包	shui4 jian1 bao1	no-cc-cedict-entry
水煮	水煮	shui3 zhu3	no-cc-cedict-entry
水牛儿	水牛兒	shui3 niu2 r	no-cc-cedict-entry
水瓶	水瓶	shui3 ping2	no-cc-cedict-entry
水色	水色	shui3 se4	no-cc-cedict-entry
水车	水車	shui3 che1	no-cc-cedict-entry
水里	水里	Shui3 li3	no-cc-cedict-entry
水里乡	水里鄉	Shui3 li3 xiang1	no-cc-cedict-entry
水马齿目	水馬齒目	shui3 ma3 chi3 mu4	no-cc-cedict-entry
氷	氷	bing1	no-cc-cedict-entry
永徽律疏	永徽律疏	yong3 hui1 lu:4 shu1	no-cc-cedict-entry
永恒沉睡	永恒沉睡	yong3 heng2 chen2 shui4	no-cc-cedict-entry
永远我的爱	永远我的爱	yong3 yuan3 wo3 de5 ai4	no-cc-cedict-entry
氾	氾	fan4	no-cc-cedict-entry
求生之路	求生之路	qiu2 sheng1 zhi1 lu4	no-cc-cedict-entry
汇率机制	匯率機製	hui4 lu:4 ji1 zhi4	no-cc-cedict-entry
汉法	漢法	han4 fa3	no-cc-cedict-entry
汉法大词典	漢法大詞典	han4 fa3 da4 ci2 dian3	no-cc-cedict-entry
汉语外来词典	漢語外來詞典	han4 yu3 wai4 lai2 ci2 dian3	no-cc-cedict-entry
汉高公司	漢高公司	han4 gao1 gong1 si1	no-cc-cedict-entry
汐留	汐留	xi1 liu2	no-cc-cedict-entry
汗褂儿	汗褂兒	han4 gua4 r	no-cc-cedict-entry
汞	銾	hong4	no-cc-cedict-entry
汞粉	汞粉	gong3 fen3	no-cc-cedict-entry
江东	江東	Jiang1 dong1	no-cc-cedict-entry
江山美人	江山美人	jiang1 shan1 mei3 ren2	no-cc-cedict-entry
江淮	江淮	jiang1 huai2	no-cc-cedict-entry
江鳕	江鱈	jiang1 xue3	no-cc-cedict-entry
池上	池上	Chi2 shang4	no-cc-cedict-entry
池上乡	池上鄉	Chi2 shang4 xiang1	no-cc-cedict-entry
池游泳	池游泳	chi2 you2 yong3	no-cc-cedict-entry
污水净化场	污水淨化廠	wu1 shui3 jing4 hua4 chang3	no-cc-cedict-entry
污水处理	污水處理	wu1 shui3 chu3 li3	no-cc-cedict-entry
污水排放与处理技术	污水排放與處理技術	wu4 shui3 pai2 fang4 yu3 chu3 li3 ji4 shu4	no-cc-cedict-entry
汤姆叔叔的小屋	湯姆叔叔的小屋	tang1 mu3 shu1 shu5 di4 xiao3 wu1	no-cc-cedict-entry
汤老湿	湯老濕	tang1 lao3 shi1	no-cc-cedict-entry
汤锅	湯鍋	tang1 guo1	no-cc-cedict-entry
汪达与巨像	汪達與巨像	wang1 da2 yu3 ju4 xiang4	no-cc-cedict-entry
汫濙	汫濙	jing3 ying2	no-cc-cedict-entry
汽缸头	汽缸頭	qi4 gang1 tou2	no-cc-cedict-entry
汽缸蓋	汽缸蓋	qi4 gang1 gai4	no-cc-cedict-entry
汽船威利号	汽船威利號	qi4 chuan2 wei1 li4 hao4	no-cc-cedict-entry
汽车产业	汽車產業	qi4 che1 chan3 ye4	no-cc-cedict-entry
汽车俱乐部	汽車俱樂部	qi4 che1 ju4 le4 bu4	no-cc-cedict-entry
汽车品牌	汽車品牌	qi4 che1 pin3 pai2	no-cc-cedict-entry
汽车商	汽車商	qi4 che1 shang1	no-cc-cedict-entry
汽车城唱片	汽車城唱片	qi4 che1 cheng2 chang4 pian4	no-cc-cedict-entry
汽车工业	汽車工業	qi4 che1 gong1 ye4	no-cc-cedict-entry
汽车市场	汽車市場	qi4 che1 shi4 chang3	no-cc-cedict-entry
汽车行业	汽車行業	qi4 che1 hang2 ye4	no-cc-cedict-entry
沃尔特・惠特曼	沃爾特・惠特曼	Wo4 er3 te4 · Hui4 te4 man4	no-cc-cedict-entry
沃鲁西安努斯	沃魯西安努斯	wo4 lu3 xi1 an1 nu3 si1	no-cc-cedict-entry
沈	沈	chen2	no-cc-cedict-entry
沉入	沉入	chen2 ru4	no-cc-cedict-entry
沉思者	沉思者	chen2 si1 zhe3	no-cc-cedict-entry
沉默的未知	沉默的未知	chen2 mo4 di4 wei4 zhi1	no-cc-cedict-entry
沙丘之女	沙丘之女	sha1 qiu1 zhi1 ru3	no-cc-cedict-entry
沙发冲浪	沙發衝浪	sha1 fa1 chong1 lang4	no-cc-cedict-entry
沙发音乐	沙發音樂	sha1 fa1 yin1 yue4	no-cc-cedict-entry
沙士吉万	沙士吉萬	sha1 shi4 ji2 wan4	no-cc-cedict-entry
沙尔莲	沙尔莲	sha1 er3 lian2	no-cc-cedict-entry
沙巴茨	沙巴茨	sha1 ba1 ci2	no-cc-cedict-entry
沙捞越海豚	沙撈越海豚	sha1 lao1 yue4 hai3 tun2	no-cc-cedict-entry
沙漠猫	沙漠貓	sha1 mo4 mao1	no-cc-cedict-entry
沙特阿拉伯国家足球队	沙特阿拉伯國家足球隊	sha1 te4 a1 la1 bo2 guo2 jia1 zu2 qiu2 dui4	no-cc-cedict-entry
沙狐	沙狐	sha1 hu2	no-cc-cedict-entry
沙鵖	沙鵖	sha1 bi1	no-cc-cedict-entry
没主意	沒主意	mei2 zhu3 yi5	no-cc-cedict-entry
没事儿	沒事兒	mei2 shi4 r	no-cc-cedict-entry
没人	沒人	mei2 ren2	no-cc-cedict-entry
没出息	沒出息	mei2 chu1 xi1	no-cc-cedict-entry
没完	沒完	mei2 wan2	no-cc-cedict-entry
没家教	沒家教	mei2 jia1 jiao4	no-cc-cedict-entry
没有办法	沒有辦法	mei2 you3 ban4 fa3	no-cc-cedict-entry
没有时间	沒有時間	mei2 you3 shi2 jian1	no-cc-cedict-entry
没有理由	沒有理由	mei2 you3 li3 you2	no-cc-cedict-entry
没有钱	沒有錢	mei2 you3 qian2	no-cc-cedict-entry
没溜儿	沒溜兒	mei2 liu4 r	no-cc-cedict-entry
没用过	沒用過	mei2 yong4 guo4	no-cc-cedict-entry
没空	沒空	mei2 kong1	no-cc-cedict-entry
没钱	沒錢	mei2 qian2	no-cc-cedict-entry
没面子	沒面子	mei2 mian4 zi5	no-cc-cedict-entry
沧海	滄海	cang1 hai3	no-cc-cedict-entry
河流污染	河流污染	he2 liu2 wu1 ran3	no-cc-cedict-entry
河童之夏	河童之夏	he2 tong2 zhi1 xia4	no-cc-cedict-entry
河里	河裡	he2 li3	no-cc-cedict-entry
沵	沵	mi3	no-cc-cedict-entry
油性	油性	you2 xing4	no-cc-cedict-entry
油漆匠	油漆匠	you2 qi1 jiang4	no-cc-cedict-entry
油瘾	油癮	you2 yin3	no-cc-cedict-entry
治愈率	治愈率	zhi4 yu4 lü4	no-cc-cedict-entry
沼津市	沼津市	zhao3 jin1 shi4	no-cc-cedict-entry
沾染习气	沾染習氣	zhan1 ran3 xi2 qi4	no-cc-cedict-entry
沿	沿	yan4	no-cc-cedict-entry
泄露	泄露	xie4 lu4	no-cc-cedict-entry
法人代表	法人代表	fa3 ren2 dai4 biao3	no-cc-cedict-entry
法人资格	法人資格	fa3 ren2 zi1 ge5	no-cc-cedict-entry
法儿	法兒	fa3 r	no-cc-cedict-entry
法制史	法制史	fa3 zhi4 shi3	no-cc-cedict-entry
法制国家	法制國家	fa3 zhi4 guo2 jia1	no-cc-cedict-entry
法医学法律专员	法医学法律专员	fa3 yi1 xue2 fa3 lu:4 zhuan1 yuan2	no-cc-cedict-entry
法向	法向	fa3 xiang4	no-cc-cedict-entry
法向加速度	法向加速度	fa3 xiang4 jia1 su4 du4	no-cc-cedict-entry
法国制造	法國製造	Fa4 guo2 zhi4 zao4	no-cc-cedict-entry
法国吻巧	法國吻巧	fa3 guo2 wen3 qiao3	no-cc-cedict-entry
法国国家农渔业局	法國國家農漁業局	Fa4 guo2 guo2 jia1 nong2 yu2 ye4 ju2	no-cc-cedict-entry
法国本地人	法國本地人	Fa4 guo2 ben3 di4 ren2	no-cc-cedict-entry
法国网球公开赛	法國網球公開賽	fa3 guo2 wang3 qiu2 gong1 kai1 sai4	no-cc-cedict-entry
法庭规则	法庭規則	fa3 ting2 gui1 ze2	no-cc-cedict-entry
法式方程	法式方程	fa3 shi4 fang1 cheng2	no-cc-cedict-entry
法式滚球	法式滾球	fa4 shi4 gun3 qiu2	no-cc-cedict-entry
法律上	法律上	fa3 lu:4 shang4	no-cc-cedict-entry
法律保护	法律保护	fa3 lu:4 bao3 hu4	no-cc-cedict-entry
法律咨询	法律咨詢	fa3 lu:4 zi1 xun2	no-cc-cedict-entry
法律哲学	法律哲學	fa3 lu:4 zhe2 xue2	no-cc-cedict-entry
法律委员会	法律委員會	fa3 lu:4 wei3 yuan2 hui4	no-cc-cedict-entry
法律学	法律學	fa3 lu:4 xue2	no-cc-cedict-entry
法律文件	法律文件	fa3 lu:4 wen2 jian4	no-cc-cedict-entry
法律服务	法律服務	fa3 lu:4 fu2 wu4	no-cc-cedict-entry
法律框架	法律框架	fa3 lu:4 kuang4 jia4	no-cc-cedict-entry
法律草案	法律草案	fa3 lu:4 cao3 an4	no-cc-cedict-entry
法律规定	法律規定	fa3 lu:4 gui1 ding4	no-cc-cedict-entry
法律问题	法律問題	fa3 lu:4 wen4 ti2	no-cc-cedict-entry
法律面前人人平等	法律面前人人平等	fa3 lu:4 mian4 qian2 ren2 ren2 ping2 deng3	no-cc-cedict-entry
法律顾问	法律顧問	fa3 lu:4 gu4 wen4	no-cc-cedict-entry
法文课	法文課	zhong1 wen2 ke4	no-cc-cedict-entry
法斯塔夫	法斯塔夫	fa3 si1 ta3 fu1	no-cc-cedict-entry
法显	法顯	fa3 xian3	no-cc-cedict-entry
法比加斯	法比加斯	fa3 bi3 jia1 si1	no-cc-cedict-entry
法汉	法漢	fa3 han4	no-cc-cedict-entry
法语国家	法语国家	fa3 yu3 guo2 jia1	no-cc-cedict-entry
法郎索瓦	法郎索瓦	fa3 lang2 suo3 wa3	no-cc-cedict-entry
法郎索瓦　萨维叶	法郎索瓦　萨维叶	fa3 lang2 suo3 wa3 sa4 wei2 ye4	no-cc-cedict-entry
法郎索瓦姿	法郎索瓦姿	fa3 lang2 suo3 wa3 zi1	no-cc-cedict-entry
法郎索瓦达斯兹	法郎索瓦达斯兹	fa3 lang2 suo3 wa3 da2 si1 zi1	no-cc-cedict-entry
法院规则	法院規則	fa3 yuan4 gui1 ze2	no-cc-cedict-entry
法面	法面	fa3 mian4	no-cc-cedict-entry
法鲁	法魯	fa3 lu3	no-cc-cedict-entry
泡面	泡麵	pao1 mian4	no-cc-cedict-entry
泡马子	泡馬子	pao4 ma3 zi5	no-cc-cedict-entry
波义耳定律	波義耳定律	bo1 yi4 er3 ding4 lu:4	no-cc-cedict-entry
波兰人民共和国	波蘭人民共和國	bo1 lan2 ren2 min2 gong4 he2 guo2	no-cc-cedict-entry
波兰兹罗提	波蘭茲羅提	bo1 lan2 zi1 luo2 ti2	no-cc-cedict-entry
波兰战役	波蘭戰役	bo1 lan2 zhan4 yi4	no-cc-cedict-entry
波尔多足球俱乐部	波爾多足球俱樂部	bo1 er3 duo1 zu2 qiu2 ju4 le4 bu4	no-cc-cedict-entry
波希米亚丑闻	波希米亞醜聞	bo1 xi1 mi3 ya4 chou3 wen2	no-cc-cedict-entry
波希米亚主义	波希米亞主義	bo1 xi1 mi3 ya4 zhu3 yi4	no-cc-cedict-entry
波希米亚人	波希米亞人	bo1 xi1 mi3 ya4 ren2	no-cc-cedict-entry
波帕扬	波帕揚	bo1 pa4 yang2	no-cc-cedict-entry
波德黎	波德黎	bo1 de2 li2	no-cc-cedict-entry
波斯尼亚和黑塞哥维那	波斯尼亞和黑塞哥維那	bo1 si1 ni2 ya4 he4 hei1 sai1 ge1 wei2 na4	no-cc-cedict-entry
波浪卫星	波浪衛星	bo1 lang4 wei4 xing1	no-cc-cedict-entry
波罗克瓦尼	波羅克瓦尼	bo1 luo2 ke4 wa3 ni2	no-cc-cedict-entry
泥巴	泥巴	ni2 ba1	no-cc-cedict-entry
注册公司	註冊公司	zhu4 ce4 gong1 si1	no-cc-cedict-entry
注册机	註冊機	zhu4 ce4 ji1	no-cc-cedict-entry
注册用户	注冊用戶	zhu4 ce4 yong4 hu4	no-cc-cedict-entry
注册资本	註冊資本	zhu4 ce4 zi1 ben3	no-cc-cedict-entry
注意事项	注意事項	zhu4 yi4 shi4 xiang4	no-cc-cedict-entry
注意到	注意到	zhu4 yi4 dao4	no-cc-cedict-entry
泭	桴	fu2	no-cc-cedict-entry
泰国人	泰國人	tai4 guo2 ren2	no-cc-cedict-entry
泰王国	泰王國	tai4 wang2 guo2	no-cc-cedict-entry
洋基小英雄	洋基小英雄	yang2 ji1 xiao3 ying1 xiong2	no-cc-cedict-entry
洋快餐	洋快餐	yang2 kuai4 can1	no-cc-cedict-entry
洋葱男	洋蔥男	yang2 cong1 nan2	no-cc-cedict-entry
洒脱	灑脫	sa3 tuo1	no-cc-cedict-entry
洗去	洗去	xi3 qu4	no-cc-cedict-entry
洗油舱	洗油艙	xi3 you2 cang1	no-cc-cedict-entry
洗脚	洗腳	xi3 jiao3	no-cc-cedict-entry
洗衣服	洗衣服	xi3 yi1 fu2	no-cc-cedict-entry
洛克	洛克	luo4 ke4	no-cc-cedict-entry
洛兹尼察	洛茲尼察	luo4 zi1 ni2 cha2	no-cc-cedict-entry
洛奇	洛奇	luo4 qi2	no-cc-cedict-entry
洛斯阿拉莫斯国家实验室	洛斯阿拉莫斯國家實驗室	luo4 si1 a1 la1 mo4 si1 guo2 jia1 shi2 yan4 shi4	no-cc-cedict-entry
洛杉矶加利福尼亚大学	洛杉磯加利福尼亞大學	luo4 shan1 ji1 jia1 li4 fu2 ni2 ya4 da4 xue2	no-cc-cedict-entry
洛里昂	洛裏昂	Luo4 li3 ang2	no-cc-cedict-entry
洞庭	洞庭	dong4 ting2	no-cc-cedict-entry
洞里萨湖	洞里薩湖	dong4 li3 sa4 hu2	no-cc-cedict-entry
洟	洟	yi2	no-cc-cedict-entry
津巴布韦国家足球队	津巴布韋國家足球隊	jin1 ba1 bu4 wei2 guo2 jia1 zu2 qiu2 dui4	no-cc-cedict-entry
津轻海峡	津輕海峽	jin1 qing1 hai3 xia2	no-cc-cedict-entry
洩	洩	xie4	no-cc-cedict-entry
洪泛区	洪氾區	hong2 fan4 qu1	no-cc-cedict-entry
活儿	活兒	huo2 r	no-cc-cedict-entry
活在当下	活在當下	huo2 zai4 dang1 xia4	no-cc-cedict-entry
活性干酵母	活性干酵母	huo2 xing4 gan1 jiao4 mu3	no-cc-cedict-entry
活期账户	活期账户	huo2 qi1 zhang4 hu4	no-cc-cedict-entry
活死人之夜	活死人之夜	huo2 si3 ren2 zhi1 ye4	no-cc-cedict-entry
活血止痛	活血止痛	huo2 xue4 zhi3 tong4	no-cc-cedict-entry
派内县	派內縣	pai4 nei4 xian4	no-cc-cedict-entry
派尔努	派爾努	pai4 er3 nu3	no-cc-cedict-entry
派往	派往	pai4 wang3	no-cc-cedict-entry
流媒体	流媒體	liu2 mei2 ti1	no-cc-cedict-entry
流浪犬	流浪犬	liu2 lang4 quan3	no-cc-cedict-entry
流行歌曲	流行歌曲	liu2 xing2 ge1 qu3	no-cc-cedict-entry
流过	流過	liu2 guo4	no-cc-cedict-entry
流露出	流露出	liu2 lu4 chu1	no-cc-cedict-entry
浅谈	淺談	qian3 tan2	no-cc-cedict-entry
浅间山	淺間山	qian3 jian1 shan1	no-cc-cedict-entry
浆糊	漿糊	jiang4 hu4	no-cc-cedict-entry
测试仪	測試儀	ce4 shi4 yi2	no-cc-cedict-entry
测试版	測試版	ce4 shi4 ban3	no-cc-cedict-entry
测量仪器	測量儀器	ce4 liang4 yi2 qi4	no-cc-cedict-entry
测量线	測量線	ce4 liang4 xian4	no-cc-cedict-entry
济金绍尔	濟金紹爾	ji4 jin1 shao4 er3	no-cc-cedict-entry
浓稠度	濃稠度	nong2 chou2 du4	no-cc-cedict-entry
浓粹	濃粹	nong2 cui4	no-cc-cedict-entry
浜	浜	bin1	no-cc-cedict-entry
浦什梅斯瓦夫	浦什梅斯瓦夫	pu3 shen2 mei2 si1 wa3 fu1	no-cc-cedict-entry
浩劫重生	浩劫重生	hao4 jie2 chong2 sheng1	no-cc-cedict-entry
浮冰水域	浮冰水域	fu2 bing1 shui3 yu4	no-cc-cedict-entry
浮华世界	浮華世界	fu2 hua2 shi4 jie4	no-cc-cedict-entry
海乌姆	海烏姆	hai3 wu1 mu3	no-cc-cedict-entry
海人	海人	hai3 ren2	no-cc-cedict-entry
海伦·凯勒	海倫·凱勒	Hai3 lun2 · Kai3 le1	no-cc-cedict-entry
海外华人	海外華人	hai3 wai4 Hua2 ren2	no-cc-cedict-entry
海外省	海外省	hai3 wai4 sheng3	no-cc-cedict-entry
海岸管委会	海岸管委會	hai3 an4 guan3 wei3 hui4	no-cc-cedict-entry
海带干	海帶幹	hai3 dai4 gan1	no-cc-cedict-entry
海水仙	海水仙	hai3 shui3 xian1	no-cc-cedict-entry
海水浴疗	海水浴療	hai3 shui3 yu4 liao2	no-cc-cedict-entry
海洋勒庞	海洋樂筆	Hai3 yang2 lei1 pang2	no-cc-cedict-entry
海洋生物	海洋生物	hai3 yang2 sheng1 wu4	no-cc-cedict-entry
海洋神话号	海洋神話號	hai3 yang2 shen2 hua4 hao4	no-cc-cedict-entry
海洋自由号	海洋自由號	hai3 yang2 zi4 you2 hao4	no-cc-cedict-entry
海湾阿拉伯国家合作委员会	海灣阿拉伯國家合作委員會	hai3 wan1 a1 la1 bo2 guo2 jia1 he2 zuo4 wei3 yuan2 hui4	no-cc-cedict-entry
海狗亞科	海狗亞科	hai3 gou3 ya4 ke1	no-cc-cedict-entry
海胆纲	海膽綱	hai3 dan3 gang1	no-cc-cedict-entry
海螺共和国	海螺共和國	hai3 luo2 gong4 he2 guo2	no-cc-cedict-entry
海角一乐园	海角一樂園	hai3 jiao3 yi1 le4 yuan2	no-cc-cedict-entry
海边的卡夫卡	海邊的卡夫卡	hai3 bian1 de5 ka3 fu1 qia3	no-cc-cedict-entry
海飞丝	海飛絲	hai3 fei1 si1	no-cc-cedict-entry
海鳗	海鰻	hai3 man2	no-cc-cedict-entry
海龙	海龍	hai3 long2	no-cc-cedict-entry
涅盘	涅槃	nie4 pan2	no-cc-cedict-entry
消元式	消元式	xiao1 yuan2 shi4	no-cc-cedict-entry
消减人员	消減人員	xiao1 jian3 ren2 yuan2	no-cc-cedict-entry
消耗性使用	消耗性使用	xiao1 hao4 xing4 shi3 yong4	no-cc-cedict-entry
消费市场	消費市場	xiao1 fei4 shi4 chang3	no-cc-cedict-entry
消费社会	消費社會	xiao1 fei4 she4 hui4	no-cc-cedict-entry
涉及到	涉及到	she4 ji2 dao4	no-cc-cedict-entry
涉及的人	涉及的人	she4 ji2 de5 ren2	no-cc-cedict-entry
涉贿	涉賄	she4 hui1	no-cc-cedict-entry
涖	涖	Li4	no-cc-cedict-entry
涨工资	漲工資	zhang3 gong1 zi1	no-cc-cedict-entry
液位	液位	ye4 wei4	no-cc-cedict-entry
液晶显示屏	液晶顯示屏	ye4 jing3 xian3 shi4 ping2	no-cc-cedict-entry
淋浴器	淋浴器	lin2 yu4 qi4	no-cc-cedict-entry
淡水渔业	淡水渔业	dan4 shui3 yu2 ye4	no-cc-cedict-entry
淡水镇	淡水鎮	Dan4 shui3 zhen4	no-cc-cedict-entry
淡绿䴗鹛	淡綠鶪鶥	dan4 lu:4 ju2 mei2	no-cc-cedict-entry
淡路国	淡路國	dan4 lu4 guo2	no-cc-cedict-entry
淡路岛	淡路島	dan4 lu4 dao3	no-cc-cedict-entry
淡黄色	淡黃色	dan4 huang2 se4	no-cc-cedict-entry
淮阴地区	淮陰地區	Huai2 yin1 di4 qu1	no-cc-cedict-entry
深入研究	深入研究	shen1 ru4 yan2 jiu1	no-cc-cedict-entry
深加工	深加工	shen1 jia1 gong1	no-cc-cedict-entry
深圳宝安国际机场	深圳寶安國際機場	shen1 zhen4 bao3 an1 guo2 ji4 ji1 chang3	no-cc-cedict-entry
深圳航空	深圳航空	shen1 zhen4 hang2 kong1	no-cc-cedict-entry
深度控制器	深度控制器	shen1 duo2 kong4 zhi4 qi4	no-cc-cedict-entry
深水	深水	shen1 shui3	no-cc-cedict-entry
深水城	深水城	shen1 shui3 cheng2	no-cc-cedict-entry
深深地	深深地	shen1 shen1 de5	no-cc-cedict-entry
深紫	深紫	shen1 zi3	no-cc-cedict-entry
深网	深網	shen1 wang3	no-cc-cedict-entry
淳仁天皇	淳仁天皇	chun2 ren2 tian1 huang2	no-cc-cedict-entry
混合积	混合積	hun4 he2 ji1	no-cc-cedict-entry
混小数	混小數	hun4 xiao3 shu4	no-cc-cedict-entry
混帐	混帳	hun4 zhang4	no-cc-cedict-entry
清冷	清冷	qing1 leng3	no-cc-cedict-entry
清洁生产	清洁生產	qing1 jie2 sheng1 chan3	no-cc-cedict-entry
清洁队	淸潔隊	qing1 jie2 dui4	no-cc-cedict-entry
清洗剂	淸洗劑	qing1 xi3 ji4	no-cc-cedict-entry
清规戒律	清規戒律	qing1 gui1 jie4 lu:4	no-cc-cedict-entry
渐渐出现	漸漸出現	jian4 jian4 chu1 xian4	no-cc-cedict-entry
渐缩线	漸縮線	jian4 suo1 xian4	no-cc-cedict-entry
渐近行为	漸近行爲	jian4 jin4 xing2 wei2	no-cc-cedict-entry
渐进地	漸進地	jian4 jin4 de5	no-cc-cedict-entry
渐进锥面	漸進錐面	jian4 jin4 zhui1 mian4	no-cc-cedict-entry
渔区	漁區	yu2 qu1	no-cc-cedict-entry
渔夫和他的妻子	漁夫和他的妻子	yu2 fu1 he2 ta1 de5 qi1 zi3	no-cc-cedict-entry
渢	渢	feng2	no-cc-cedict-entry
温度测定	溫度測定	wen1 du4 ce4 ding4	no-cc-cedict-entry
温控器	溫控器	wen1 kong4 qi4	no-cc-cedict-entry
港岛东中心	港島東中心	gang3 dao3 dong1 zhong1 xin1	no-cc-cedict-entry
港版	港版	gang3 ban3	no-cc-cedict-entry
游击手	游擊手	you2 ji2 shou3	no-cc-cedict-entry
游击队城	遊擊隊城	you2 ji1 dui4 cheng2	no-cc-cedict-entry
游戏外挂	遊戲外掛	you2 xi4 wai4 gua4	no-cc-cedict-entry
游戏引擎	遊戲引擎	you2 xi4 yin3 qing2	no-cc-cedict-entry
游戏规则	遊戲規則	you2 xi4 gui1 ze2	no-cc-cedict-entry
游标尺	遊標尺	you2 biao1 chi3	no-cc-cedict-entry
游泳运动员	遊泳運動員	you2 yong3 yun4 dong4 yuan2	no-cc-cedict-entry
游蛇科	遊蛇科	you2 she2 ke1	no-cc-cedict-entry
湋	湋	wei2	no-cc-cedict-entry
湖水	湖水	hu2 shui3	no-cc-cedict-entry
溏心蛋	溏心蛋	tang2 xin1 dan4	no-cc-cedict-entry
溏心风暴	溏心風暴	tang2 xin1 feng1 bao4	no-cc-cedict-entry
溛	溛	wa1	no-cc-cedict-entry
溜溜	溜溜	liu1 liu1	no-cc-cedict-entry
溢美	溢美	yi4 mei3	no-cc-cedict-entry
溮	溮	shi1	no-cc-cedict-entry
溳	溳	yun2	no-cc-cedict-entry
溶点	溶點	rong2 dian3	no-cc-cedict-entry
溶酶储存疾病	溶酶儲存疾病	rong2 mei2 chu3 cun2 ji2 bing4	no-cc-cedict-entry
溼	溼	shi1	no-cc-cedict-entry
滑下	滑下	hua2 xia4	no-cc-cedict-entry
滑过	滑過	hua2 guo4	no-cc-cedict-entry
滑雪下山者	滑雪下山者	hua2 xue3 xia4 shan1 zhe3	no-cc-cedict-entry
滑雪区域	滑雪區域	hua2 xue3 di4 qu1	no-cc-cedict-entry
滑雪道	滑雪道	hua2 xue3 dao4	no-cc-cedict-entry
满同态	滿同態	man3 tong2 tai4	no-cc-cedict-entry
滨州地区	濱州地區	Bin1 zhou1 di4 qu1	no-cc-cedict-entry
滨海拉塞纳	濱海拉塞納	Bin1 hai3 La1 sai1 na4	no-cc-cedict-entry
滩区	灘區	tan1 qu1	no-cc-cedict-entry
滫	滫	xiu1	no-cc-cedict-entry
漂走	漂走	piao4 zou3	no-cc-cedict-entry
漊	漊	lu:3	no-cc-cedict-entry
漏雨	漏雨	lou4 yu3	no-cc-cedict-entry
演化发育生物学	演化發育生物學	yan3 hua4 fa1 yu4 sheng1 wu4 xue2	no-cc-cedict-entry
演奏家	演奏家	yan3 zou4 jia1	no-cc-cedict-entry
演算溢位	演算溢位	yan3 suan4 yi4 wei4	no-cc-cedict-entry
演说者之角	演說者之角	yan3 shuo1 zhe3 zhi1 jiao3	no-cc-cedict-entry
漠鵖	漠鵖	mo4 bi1	no-cc-cedict-entry
漩涡	漩渦	xuan4 wo1	no-cc-cedict-entry
漫谈	漫談	man4 tan2	no-cc-cedict-entry
潁	潁	ying3	no-cc-cedict-entry
潕	潕	wu3	no-cc-cedict-entry
潘加	潘加	pan1 jia1	no-cc-cedict-entry
潚	潚	xiao1	no-cc-cedict-entry
潜无穷	潛無窮	qian2 wu2 qiong2	no-cc-cedict-entry
潜龙	潛龍	qian2 long2	no-cc-cedict-entry
澂	澂	cheng2	no-cc-cedict-entry
澎澎丁满历险记	澎澎丁滿歷險記	peng2 peng2 ding1 man3 li4 xian3 ji4	no-cc-cedict-entry
澣	澣	wan3	no-cc-cedict-entry
澣	澣	huan3	no-cc-cedict-entry
澦	澦	yu4	no-cc-cedict-entry
澳大利亚人	澳大利亞人	ao4 da4 li4 ya4 ren2	no-cc-cedict-entry
澳洲姬红蛱蝶	澳洲姬紅蛺蝶	ao4 zhou1 ji1 hong2 jia2 die2	no-cc-cedict-entry
澳门币	澳門幣	ao4 men2 bi4	no-cc-cedict-entry
澳门市政厅	澳門市政廳	ao4 men2 shi4 zheng4 ting1	no-cc-cedict-entry
澳门特别行政区立法会	澳門特別行政區立法會	ao4 men2 te4 bie2 xing2 zheng4 qu1 li4 fa3 hui4	no-cc-cedict-entry
激动人心	激動人心	ji1 dong4 ren2 xin1	no-cc-cedict-entry
濆	濆	fen2	no-cc-cedict-entry
濒海战斗舰	瀕海戰斗艦	bin1 hai3 zhan4 dou3 jian4	no-cc-cedict-entry
濛	濛	meng2	no-cc-cedict-entry
濜	濜	jin4	no-cc-cedict-entry
濬	濬	jun4	no-cc-cedict-entry
灋	灋	fa3	no-cc-cedict-entry
灨	灨	gan4	no-cc-cedict-entry
火候	火候	huo3 hou4	no-cc-cedict-entry
火山口湖	火山口湖	huo3 shan1 kou3 hu2	no-cc-cedict-entry
火山高校	火山高校	huo3 shan1 gao1 xiao4	no-cc-cedict-entry
火性	火性	huo3 xing4	no-cc-cedict-entry
火星三部曲	火星三部曲	huo3 xing1 san1 bu4 qu3	no-cc-cedict-entry
火星人玩转地球	火星人玩轉地球	huo3 xing1 ren2 wan2 zhuan3 di4 qiu2	no-cc-cedict-entry
火星探路者	火星探路者	huo3 xing1 tan4 lu4 zhe3	no-cc-cedict-entry
火柴盒二十	火柴盒二十	huo3 chai2 he2 er4 shi2	no-cc-cedict-entry
火炬木小组	火炬木小組	huo3 ju4 mu4 xiao3 zu3	no-cc-cedict-entry
火炬树	火炬樹	huo3 ju4 shu4	no-cc-cedict-entry
火焰之纹章	火焰之紋章	huo3 yan4 zhi1 wen2 zhang1	no-cc-cedict-entry
火焰邮件	火焰邮件	huo3 yan4 you2 jian4	no-cc-cedict-entry
火焰鸟	火焰鳥	huo3 yan4 niao3	no-cc-cedict-entry
火眼邪神	火眼邪神	huo3 yan3 xie2 shen2	no-cc-cedict-entry
火箭队	火箭隊	huo3 jian4 dui4	no-cc-cedict-entry
火镰	火镰	huo3 lian2	no-cc-cedict-entry
灬	灬	biao1	no-cc-cedict-entry
灯具	燈具	deng1 ju4	no-cc-cedict-entry
灯饰	燈飾	deng1 shi4	no-cc-cedict-entry
灰林鵖	灰林鵖	hui1 lin2 bi1	no-cc-cedict-entry
灰燕䴗	灰燕鶪	hui1 yan4 ju2	no-cc-cedict-entry
灰甲	灰甲	hui1 jia3	no-cc-cedict-entry
灰脸鵟鹰	灰臉鵟鷹	hei1 lian3 kuang2 ying1	no-cc-cedict-entry
灵异妙探	靈異妙探	ling2 yi4 miao4 tan4	no-cc-cedict-entry
灾害管理	災害管理	zai1 hai4 guan3 li3	no-cc-cedict-entry
炖煌	燉煌	Dun4 huang2	no-cc-cedict-entry
炖熟	燉熟	dun4 shu2	no-cc-cedict-entry
炸鸡块	炸雞塊	zha4 ji1 kuai4	no-cc-cedict-entry
点儿	點兒	dian3 r	no-cc-cedict-entry
点儿背	點兒背	dian3 r bei4	no-cc-cedict-entry
点击劫持	點擊劫持	dian3 ji1 jie2 chi2	no-cc-cedict-entry
点击引诱	點擊引誘	dian3 ji1 yin3 you4	no-cc-cedict-entry
点卡	點卡	dian3 ka3	no-cc-cedict-entry
点火系列	點火系列	dian3 huo3 xi4 lie4	no-cc-cedict-entry
点点头	點點頭	dian3 dian3 tou2	no-cc-cedict-entry
点翅朱雀	點翅朱雀	dian3 chi4 zhu1 que4	no-cc-cedict-entry
烂屄	爛屄	lan4 bi1	no-cc-cedict-entry
烈火之炎	烈火之炎	lie4 huo3 zhi1 yan2	no-cc-cedict-entry
烟味	煙味	yan1 wei4	no-cc-cedict-entry
烟特勒根	煙特勒根	yan1 te4 le4 gen1	no-cc-cedict-entry
烧包式消费	燒包式消費	shao1 bao1 shi4 xiao1 fei4	no-cc-cedict-entry
烧掉	燒掉	shao1 diao4	no-cc-cedict-entry
热弗	熱弗	re4 fu2	no-cc-cedict-entry
热情似火	熱情似火	re4 qing2 si4 huo3	no-cc-cedict-entry
热情如火	熱情如火	re4 qing2 ru2 huo3	no-cc-cedict-entry
热效率	熱效率	re4 xiao4 lu:4	no-cc-cedict-entry
热比亚·卡德尔	熱比亞·卡德爾	Re4 bi3 ya4 · Ka3 de2 er3	no-cc-cedict-entry
热比娅・卡德尔	熱比婭・卡德爾	Re4 bi3 ya4 · Ka3 de2 er3	no-cc-cedict-entry
热比娅·卡德尔	熱比婭·卡德爾	Re4 bi3 ya4 · Ka3 de2 er3	no-cc-cedict-entry
热河组	熱河組	re4 he2 zu3	no-cc-cedict-entry
热河群	熱河群	re4 he2 qun2	no-cc-cedict-entry
热流	熱流	re4 liu2	no-cc-cedict-entry
热熔胶条	熱熔膠條	re4 rong2 jiao1 tiao2	no-cc-cedict-entry
热特	熱特	re4 te4	no-cc-cedict-entry
热纳普	熱納普	re4 na4 pu3	no-cc-cedict-entry
热线电话	熱線電話	re4 xian4 dian4 hua4	no-cc-cedict-entry
热舒夫	熱舒夫	re4 shu1 fu2	no-cc-cedict-entry
热轧	熱軋	re4 ya4	no-cc-cedict-entry
热辣	熱辣	re4 la4	no-cc-cedict-entry
热迪恩	熱迪恩	re4 di2 en1	no-cc-cedict-entry
热风	熱風	re4 feng1	no-cc-cedict-entry
烹饪时间	烹饪時間	peng1 ren4 shi1 jian1	no-cc-cedict-entry
焚书	焚書	fen2 shu1	no-cc-cedict-entry
無盡探險	無盡探險	tan4 xian3 wu2 jin4	no-cc-cedict-entry
焦参数	焦參數	jiao1 can1 shu4	no-cc-cedict-entry
焦特布尔	焦特布爾	jiao1 te4 bu4 er3	no-cc-cedict-entry
焦臭	焦臭	jiao1 chou4	no-cc-cedict-entry
焦虑的事情	焦慮的事情	jiao1 lu:4 de5 shi4 qing2	no-cc-cedict-entry
煅成末	煅成末	duan4 cheng2 mo4	no-cc-cedict-entry
煎剂	煎劑	jian1 ji4	no-cc-cedict-entry
煎茶	煎茶	jian1 cha2	no-cc-cedict-entry
煤气炉	煤氣爐	mei2 qi4 lu2	no-cc-cedict-entry
照作不误	照作不誤	zhao4 zuo4 bu4 wu4	no-cc-cedict-entry
照着	照着	zhao4 zhe5	no-cc-cedict-entry
熅	熅	yun4	no-cc-cedict-entry
熉	熉	yun2	no-cc-cedict-entry
熊猫大使	熊貓大使	xiong2 mao1 da4 shi3	no-cc-cedict-entry
熊的传说	熊的傳說	xiong2 di4 chuan2 shuo1	no-cc-cedict-entry
熏鲑鱼	熏鲑魚	xun1 gui1 yu2	no-cc-cedict-entry
熨斗大厦	熨斗大廈	yun4 dou3 da4 sha4	no-cc-cedict-entry
熬过	熬過	ao2 guo4	no-cc-cedict-entry
熲	熲	jiong3	no-cc-cedict-entry
燀	燀	chan3	no-cc-cedict-entry
燃灯古佛	燃燈古彿	ran2 deng1 gu3 fu2	no-cc-cedict-entry
燄	燄	yan4	no-cc-cedict-entry
燐	燐	lin2	no-cc-cedict-entry
燖	燖	xun2	no-cc-cedict-entry
燻	燻	xun1	no-cc-cedict-entry
爆破彗星	爆破彗星	bao4 po4 hui4 xing1	no-cc-cedict-entry
爆破筒	爆破筒	bao4 po4 tong3	no-cc-cedict-entry
爆裂天使	爆裂天使	bao4 lie4 tian1 shi3	no-cc-cedict-entry
爪儿	爪兒	zhua3 r	no-cc-cedict-entry
爪哇八哥	爪哇八哥	Zhao3 wa1 ba1 ge1	no-cc-cedict-entry
爬升率	爬升率	pa2 sheng1 lu:4	no-cc-cedict-entry
爱丽丝泉	愛麗絲泉	Ai4 li4 si1 Quan2	no-cc-cedict-entry
爱之船	愛之船	ai4 zhi1 chuan2	no-cc-cedict-entry
爱在瘟疫蔓延时	愛在瘟疫蔓延時	ai4 zai4 wen1 yi4 man4 yan2 shi2	no-cc-cedict-entry
爱尔兰国家足球队	愛爾蘭國家足球隊	ai4 er3 lan2 guo2 jia1 zu2 qiu2 dui4	no-cc-cedict-entry
爱尔兰足球超级联赛	愛爾蘭足球超級聯賽	ai4 er3 lan2 zu2 qiu2 chao1 ji2 lian2 sai4	no-cc-cedict-entry
爱尔巴桑	愛爾巴桑	ai4 er3 ba1 sang1	no-cc-cedict-entry
爱德华·菲利普	愛德華·菲利普	Ai4 de2 hua2 · fei1 li4 pu3	no-cc-cedict-entry
爱情全保	愛情全保	ai4 qing2 quan2 bao3	no-cc-cedict-entry
爱情小说	愛情小說	ai4 qing2 xiao3 shuo1	no-cc-cedict-entry
爱情征服一切	愛情征服一切	ai4 qing2 zheng1 fu2 yi1 qie4	no-cc-cedict-entry
爱情故事	愛情故事	ai4 qing2 gu4 shi4	no-cc-cedict-entry
爱我	爱我	ai4 wo3	no-cc-cedict-entry
爱沙尼亚足球甲级联赛	愛沙尼亞足球甲級聯賽	ai4 sha1 ni2 ya4 zu2 qiu2 jia3 ji2 lian2 sai4	no-cc-cedict-entry
爱的人	愛的人	ai4 de5 ren2	no-cc-cedict-entry
爱笑	愛笑	ai4 xiao4	no-cc-cedict-entry
爱老虎油	愛老虎油	ai4 lao3 hu3 you2	no-cc-cedict-entry
爱说谎	愛說謊	ai4 shuo1 huang3	no-cc-cedict-entry
爱谁谁主义者	愛誰誰主義者	ai4 shei2 shei2 zhu3 yi4 zhe3	no-cc-cedict-entry
爱迪飒	愛迪颯	ai4 di2 sa4	no-cc-cedict-entry
爱问鬼	愛問鬼	ai4 wen4 gui3	no-cc-cedict-entry
爵士春秋	爵士春鞦	jue2 shi4 chun1 qiu1	no-cc-cedict-entry
父岛	父島	fu4 dao3	no-cc-cedict-entry
父神	父神	fu4 shen2	no-cc-cedict-entry
牀	牀	chuang2	no-cc-cedict-entry
牁	牁	ge1	no-cc-cedict-entry
片剂	片劑	pian1 ji4	no-cc-cedict-entry
版权法	版權法	ban3 quan2 fa3	no-cc-cedict-entry
牋	牋	jian1	no-cc-cedict-entry
牓	牓	bang3	no-cc-cedict-entry
牙疼	牙疼	ya2 teng2	no-cc-cedict-entry
牛姐	牛姐	niu2 jie3	no-cc-cedict-entry
牛B	牛B	niu2 bi1	no-cc-cedict-entry
牠	牠	ta1	no-cc-cedict-entry
牡丹江	牡丹江	Mu3 dan5 jiang1	no-cc-cedict-entry
物业公司	物業公司	wu4 ye4 gong1 si1	no-cc-cedict-entry
物权法	物權法	wu4 quan2 fa3	no-cc-cedict-entry
物流业	物流業	wu4 liu2 ye4	no-cc-cedict-entry
物理处理器	物理處理器	wu4 li3 chu3 li3 qi4	no-cc-cedict-entry
物理治疗师	物理治療師	wu4 li3 zhi4 liao2 shi1	no-cc-cedict-entry
特	特	te2	no-cc-cedict-entry
特别是	特別是	te4 bie2 shi4	no-cc-cedict-entry
特别法	特別法	te4 bie2 fa3	no-cc-cedict-entry
特别版	特別版	te4 bie2 ban3	no-cc-cedict-entry
特征多项式	特征多項式	te4 zheng1 duo1 xiang4 shi4	no-cc-cedict-entry
特徵	特徵	te4 zheng1	no-cc-cedict-entry
特拉	特拉	te2 la1	no-cc-cedict-entry
特朗布来	特朗布来	te2 lang3 bu4 lai2	no-cc-cedict-entry
特柳赖德	特柳賴德	te4 liu3 lai4 de2	no-cc-cedict-entry
特殊性	特殊性	te4 shu1 xing4	no-cc-cedict-entry
特称	特稱	te4 cheng1	no-cc-cedict-entry
特纳县	特納縣	te4 na4 xian4	no-cc-cedict-entry
特许财务分析师	特許財務分析師	te4 xu3 cai2 wu4 fen1 xi1 shi1	no-cc-cedict-entry
特里凡得琅	特里凡得瑯	te4 li3 fan2 dei3 lang2	no-cc-cedict-entry
特鲁瓦	特魯瓦	te2 lu3 wa3	no-cc-cedict-entry
犀角	犀角	xi1 jiao3	no-cc-cedict-entry
犀鸟科	犀鳥科	xi1 niao3 ke1	no-cc-cedict-entry
犬属	犬屬	quan5 shu5	no-cc-cedict-entry
犯罪分子	犯罪分子	fan4 zui4 fen1 zi3	no-cc-cedict-entry
犯罪嫌疑人	犯罪嫌疑人	fan4 zui4 xian2 yi2 ren2	no-cc-cedict-entry
犯罪活动	犯罪活動	fan4 zui4 huo2 dong4	no-cc-cedict-entry
犯罪率	犯罪率	fan4 zui4 lu:4	no-cc-cedict-entry
犯错误	犯錯誤	fan4 cuo4 wu4	no-cc-cedict-entry
狂吻	狂吻	kuang2 wen3	no-cc-cedict-entry
狐狼	狐狼	hu2 lang2	no-cc-cedict-entry
狐男	狐男	hu2 nan2	no-cc-cedict-entry
狐鬼神仙	狐鬼神仙	hu2 gui3 shen2 xian1	no-cc-cedict-entry
狓	狓	pi1	no-cc-cedict-entry
狗不理包	狗不理包	gou3 bu5 li3 bao1	no-cc-cedict-entry
狗仔子	狗仔子	gou3 zai3 zi5	no-cc-cedict-entry
狗棚	狗棚	gou3 peng2	no-cc-cedict-entry
狗狗币	狗狗幣	Gou3 gou3 bi4	no-cc-cedict-entry
狗鱼	狗魚	gou3 yu2	no-cc-cedict-entry
狩猎区	狩獵區	shou4 lie4 qu1	no-cc-cedict-entry
独立性	獨立性	du2 li4 xing4	no-cc-cedict-entry
独立概率	獨立概率	du2 li4 gai4 lu:4	no-cc-cedict-entry
独立石油输出国组织	独立石油输出国组织	du2 li4 shi2 you2 shu1 chu1 guo2 zu3 zhi1	no-cc-cedict-entry
独立系统营运公司	獨立系統營運公司	du2 li4 xi4 tong3 ying2 yun4 gong1 si1	no-cc-cedict-entry
独资企业	獨資企業	du2 zi1 qi3 ye4	no-cc-cedict-entry
独项式	獨項式	du2 xiang4 shi4	no-cc-cedict-entry
独鲁万市	獨魯萬市	du2 lu3 wan4 shi4	no-cc-cedict-entry
狮威	獅威	shi1 wei1	no-cc-cedict-entry
狼吻	狼吻	lang2 wen3	no-cc-cedict-entry
狼雨	狼雨	lang2 yu3	no-cc-cedict-entry
猛虎出笼	猛虎出籠	meng3 hu3 chu1 long3	no-cc-cedict-entry
猛龙过江	猛龍過江	meng3 long2 guo4 jiang1	no-cc-cedict-entry
猜到	猜到	cai1 dao4	no-cc-cedict-entry
猪腰	豬腰	zhu1 yao1	no-cc-cedict-entry
猫亚科	貓亞科	mao1 ya4 ke1	no-cc-cedict-entry
猫儿历险记	貓兒歷險記	mao1 er2 li4 xian3 ji4	no-cc-cedict-entry
猫爸	貓爸	mao1 ba4	no-cc-cedict-entry
猫的报恩	貓的報恩	mao1 di4 bao4 en1	no-cc-cedict-entry
献给	獻給	xian4 gei3	no-cc-cedict-entry
猴儿精	猴兒精	hou2 r jing1	no-cc-cedict-entry
猴赛雷	猴賽雷	hou2 sai4 lei2	no-cc-cedict-entry
獒蝠属	獒蝠屬	ao2 fu2 shu3	no-cc-cedict-entry
獘	獘	bi4	no-cc-cedict-entry
玁	玁	xian3	no-cc-cedict-entry
玉不琢，不成器	玉不琢，不成器	yu4 bu4 zhuo2,5 bu4 cheng2 qi4	no-cc-cedict-entry
玉珠	玉珠	yu4 zhu1	no-cc-cedict-entry
玉碎	玉碎	yu4 sui4	no-cc-cedict-entry
玉米虫	玉米蟲	yu4 mi3 chong2	no-cc-cedict-entry
玉里	玉里	Yu4 li3	no-cc-cedict-entry
王先生	王先生	wang2 xian1 sheng1	no-cc-cedict-entry
王八	王八	wang2 ba1	no-cc-cedict-entry
王厉	王厲	Wang2 li4	no-cc-cedict-entry
王国之心	王國之心	wang2 guo2 zhi1 xin1	no-cc-cedict-entry
王大卫	王大衛	wang2 da4 wei4	no-cc-cedict-entry
王晶	王晶	wang4 jing1	no-cc-cedict-entry
王立宇宙军	王立宇宙軍	wang2 li4 yu3 zhou4 jun1	no-cc-cedict-entry
王舍城	王舍城	wang2 she4 cheng2	no-cc-cedict-entry
玛丽娜·勒庞	瑪麗娜·勒龐	Ma3 li4 na4 · lei1 pang2	no-cc-cedict-entry
玩儿	玩兒	wan2 r	no-cc-cedict-entry
玩具反斗城	玩具反鬥城	wan2 ju4 fan3 dou4 cheng2	no-cc-cedict-entry
玩命	玩命	wan2 ming4	no-cc-cedict-entry
玩意儿	玩意兒	wan2 yi4 r	no-cc-cedict-entry
玩电脑	玩電腦	wan2 dian4 nao3	no-cc-cedict-entry
玩美女人	玩美女人	wan2 mei3 nu:3 ren2	no-cc-cedict-entry
玫瑰不管叫啥名，闻起来总是香的	玫瑰不管叫啥名，聞起來總是香的	mei2 gui1 bu4 guan3 jiao4 sha2 ming2 , wen2 qi3 lai5 zong3 shi4 xiang1 de5	no-cc-cedict-entry
玫瑰之名	玫瑰之名	mei2 gui1 zhi1 ming2	no-cc-cedict-entry
玫瑰骑士	玫瑰騎士	mei2 gui1 qi2 shi4	no-cc-cedict-entry
环保部	環保部	Huan2 bao3 bu4	no-cc-cedict-entry
环境专员	环境专员	huan2 jing4 zhuan1 yuan2	no-cc-cedict-entry
环境公害	环境公害	huan2 jing4 gong1 hai4	no-cc-cedict-entry
环境工程	環境工程	huan2 jing4 gong1 cheng2	no-cc-cedict-entry
环境管理	環境管理	huan2 jing4 guan3 li3	no-cc-cedict-entry
环境能源监控署	環境能源監控署	huan2 jing4 neng2 yuan2 jian1 kong4 shu3	no-cc-cedict-entry
环境责任	環境責任	huan2 jing4 ze2 ren4	no-cc-cedict-entry
环境质量	環境質量	huan2 jing4 zhi2 liang4	no-cc-cedict-entry
环境问题	環境問題	huan2 jing4 wen4 ti2	no-cc-cedict-entry
环己烯	環己烯	huan2 ji3 xi1	no-cc-cedict-entry
环己烷	環己烷	huan2 ji3 wan2	no-cc-cedict-entry
环己酮	環己酮	huan2 ji3 tong2	no-cc-cedict-entry
环己醇	環己醇	huan2 ji3 chun2	no-cc-cedict-entry
环形的	環形的	huan2 xing2 de5	no-cc-cedict-entry
环游世界八十天	環遊世界八十天	huan2 you2 shi4 jie4 ba1 shi2 tian1	no-cc-cedict-entry
环球剧场	環球劇場	huan2 qiu2 ju4 chang3	no-cc-cedict-entry
环球旅行家	環球旅行家	huan2 qiu2 lu:3 hang2 jia1	no-cc-cedict-entry
环球银行金融电信协会	環球銀行金融電信協會	huan2 qiu2 yin2 hang2 jin1 rong2 dian4 xin4 xie2 hui5	no-cc-cedict-entry
环蛇属	環蛇屬	huan2 she2 shu3	no-cc-cedict-entry
现代启示录	現代啟示錄	xian4 dai4 qi3 shi4 lu4	no-cc-cedict-entry
现代鲁宾逊	現代魯賓遜	xian4 dai4 lu3 bin1 xun4	no-cc-cedict-entry
现实生活	現實生活	xian4 shi2 sheng1 huo2	no-cc-cedict-entry
现视研	現視研	xian4 shi4 yan2	no-cc-cedict-entry
玻璃窗	玻璃窗	bo1 li5 chuang1	no-cc-cedict-entry
玻璃门	玻璃門	bo1 li5 men2	no-cc-cedict-entry
珀西・比希・雪莱	珀西・比希・雪萊	Po4 xi1 · Bi3 xi1 · Xue3 lai2	no-cc-cedict-entry
珊瑚虫	珊瑚蟲	shan1 hu2 chong2	no-cc-cedict-entry
珊瑚蛇	珊瑚蛇	shan1 hu2 she2	no-cc-cedict-entry
珍妮	珍妮	zhen1 ni2	no-cc-cedict-entry
珍珠市	珍珠市	zhen1 zhu1 shi4	no-cc-cedict-entry
珠宝店	珠寶商	zhu1 bao3 shang1	no-cc-cedict-entry
班乃岛	班乃島	ban1 nai3 dao3	no-cc-cedict-entry
班夫	班夫	ban1 fu1	no-cc-cedict-entry
班夫国家公园	班夫國家公園	ban1 fu2 guo2 jia1 gong1 yuan2	no-cc-cedict-entry
班纪德	班紀德	ban1 ji4 de2	no-cc-cedict-entry
球冠	球冠	qiu2 guan1	no-cc-cedict-entry
球坐标	球坐標	qiu2 zuo4 biao1	no-cc-cedict-entry
球带	球帶	qiu2 dai4	no-cc-cedict-entry
球心	球心	qiu2 xin1	no-cc-cedict-entry
球缺	球缺	qiu2 que1	no-cc-cedict-entry
球花森氏藤黄	球花森氏藤黄	qiu2 hua1 sen1 shi4 teng2 huang2	no-cc-cedict-entry
琅勃拉邦	瑯勃拉邦	lang2 bo2 la1 bang1	no-cc-cedict-entry
理儿	理兒	li3 r	no-cc-cedict-entry
理化学研究所	理化學研究所	li3 hua4 xue2 yan2 jiu1 suo3	no-cc-cedict-entry
理想子环	理想子環	li3 xiang3 zi3 huan2	no-cc-cedict-entry
理智与情感	理智與情感	li3 zhi4 yu3 qing2 gan3	no-cc-cedict-entry
理论上	理論上	li3 lun4 shang4	no-cc-cedict-entry
琉森	琉森	liu2 sen1	no-cc-cedict-entry
琉森湖	琉森湖	liu2 sen1 hu2	no-cc-cedict-entry
琉璃蓝鹟	琉璃藍鶲	liu2 li2 lan2 weng1	no-cc-cedict-entry
琳达	琳达	lin2 da2	no-cc-cedict-entry
琴之森	琴之森	qin2 zhi1 sen1	no-cc-cedict-entry
琵琶湖	琵琶湖	pi2 pa2 hu2	no-cc-cedict-entry
琼楠	琼楠	qiong2 nan2	no-cc-cedict-entry
瑕点	瑕點	xia2 dian3	no-cc-cedict-entry
瑞典王国	瑞典王國	rui4 dian3 wang2 guo2	no-cc-cedict-entry
瑞典足球超级联赛	瑞典足球超級聯賽	rui4 dian3 zu2 qiu2 chao1 ji2 lian2 sai4	no-cc-cedict-entry
瑞吉峰	瑞吉峰	rui4 ji2 feng1	no-cc-cedict-entry
瑞士糖	瑞士糖	rui4 shi4 tang2	no-cc-cedict-entry
瑞士联邦银行	瑞士聯邦銀行	rui4 shi4 lian2 bang1 yin2 hang2	no-cc-cedict-entry
瑞安航空公司	瑞安航空公司	rui4 an1 hang2 kong1 gong1 si1	no-cc-cedict-entry
瑞德	瑞德	rui4 de2	no-cc-cedict-entry
瑟弥勒	瑟彌勒	se4 mi2 le4	no-cc-cedict-entry
瑟科亚	瑟科亚	se4 ke1 ya4	no-cc-cedict-entry
瑟穆瓦河畔夫雷斯	瑟穆瓦河畔夫雷斯	se4 mu4 wa3 he2 pan4 fu2 lei2 si1	no-cc-cedict-entry
瑳	瑳	cuo3	no-cc-cedict-entry
璊	璊	men2	no-cc-cedict-entry
璡	璡	jin4	no-cc-cedict-entry
璵	璵	yu2	no-cc-cedict-entry
璿	璿	xuan2	no-cc-cedict-entry
瓅	瓅	li4	no-cc-cedict-entry
瓜亚基尔	瓜亞基爾	gua1 ya4 ji1 er3	no-cc-cedict-entry
瓜田不纳履	瓜田不納履	gua1 tian2 bu4 na4 lu:3	no-cc-cedict-entry
瓜达尔基维尔河	瓜達爾基維爾河	gua1 da2 er3 ji1 wei2 er3 he2	no-cc-cedict-entry
瓜达露普	瓜达露普	gua1 da2 lu4 pu3	no-cc-cedict-entry
瓦乌布日赫	瓦烏布日赫	wa3 wu1 bu4 ri4 he4	no-cc-cedict-entry
瓦伦杜人	瓦倫杜人	wa3 lun2 du4 ren2	no-cc-cedict-entry
瓦伦西亚	瓦倫西亞	wa3 lun2 xi1 ya4	no-cc-cedict-entry
瓦哈卡州	瓦哈卡州	wa3 ha1 ka3 zhou1	no-cc-cedict-entry
瓦奥福诺蒂	瓦奧福諾蒂	wa3 ao4 fu2 nuo4 di4	no-cc-cedict-entry
瓦尔	瓦爾	wa3 er3	no-cc-cedict-entry
瓦尔帕莱索	瓦爾帕萊索	wa3 er3 pa4 lai2 suo3	no-cc-cedict-entry
瓦尔特堡	瓦爾特堡	wa3 er3 te4 bao3	no-cc-cedict-entry
瓦斯蒂克族	瓦斯蒂剋族	wa3 si1 di4 ke4 zu2	no-cc-cedict-entry
瓦朗谢纳	瓦朗謝納	Wa3 lang3 xie4 na4	no-cc-cedict-entry
瓦朗谢讷	瓦朗谢讷	wa3 lang3 xie4 ne4	no-cc-cedict-entry
瓦楞斯	瓦楞斯	wa3 leng2 si1	no-cc-cedict-entry
瓦约茨佐尔省	瓦約茨佐爾省	wa3 yue1 ci2 zuo3 er3 xing3	no-cc-cedict-entry
瓦纳佐尔	瓦納佐爾	wa3 na4 zuo3 er3	no-cc-cedict-entry
瓦萨	瓦薩	wa3 sa4	no-cc-cedict-entry
瓦萨利走廊	瓦薩利走廊	wa3 sa4 li4 zou3 lang2	no-cc-cedict-entry
瓦萨机场	瓦薩機場	wa3 sa4 ji1 chang3	no-cc-cedict-entry
瓦讷	瓦訥	wa3 ne4	no-cc-cedict-entry
瓦赫河	瓦赫河	wa3 he4 he2	no-cc-cedict-entry
瓧	瓧	shi2	no-cc-cedict-entry
瓧	瓧	shi2 wa3	no-cc-cedict-entry
瓩	瓩	qian1 wa3	no-cc-cedict-entry
瓰	瓰	fen1 wa3	no-cc-cedict-entry
瓱	瓱	hao2 wa3	no-cc-cedict-entry
瓷公鸡	瓷公雞	ci2 gong1 ji1	no-cc-cedict-entry
瓸	瓸	bai3	no-cc-cedict-entry
瓸	瓸	bai3 wa3	no-cc-cedict-entry
瓼	瓼	li3	no-cc-cedict-entry
瓼	瓼	li3 wa3	no-cc-cedict-entry
甄选小组	甄选小组	zhen1 xuan3 xiao3 zu3	no-cc-cedict-entry
甕	甕	weng4	no-cc-cedict-entry
甘巴豆	甘巴豆	gan1 ba1 dou4	no-cc-cedict-entry
甘蒂	甘蒂	gan1 di4	no-cc-cedict-entry
甘露	甘露	gan1 lu4	no-cc-cedict-entry
甚么	甚麼	shen2 me5	no-cc-cedict-entry
甚大天线阵	甚大天線陣	shen2 da4 tian1 xian4 zhen4	no-cc-cedict-entry
甚至在这种情况下	甚至在這種情況下	shen4 zhi4 zai4 zhe4 zhong3 qing2 kuang2 xia4	no-cc-cedict-entry
甜甜	甜甜	tian2 tian2	no-cc-cedict-entry
生产厂	生產廠	sheng1 chan3 chang3	no-cc-cedict-entry
生产商	生产商	sheng1 chan3 shang1	no-cc-cedict-entry
生产基地	生產基地	sheng1 chan3 ji1 de5	no-cc-cedict-entry
生产工艺	生產工藝	sheng1 chan3 gong1 yi4	no-cc-cedict-entry
生产技术	生產技術	sheng1 chan3 ji4 shu4	no-cc-cedict-entry
生产方式	生產方式	sheng1 chan3 fang1 shi4	no-cc-cedict-entry
生产管理	生產管理	sheng1 chan3 guan3 li3	no-cc-cedict-entry
生产经营	生產經營	sheng1 chan3 jing1 ying2	no-cc-cedict-entry
生产要素	生產要素	sheng1 chan3 yao4 su4	no-cc-cedict-entry
生产设备	生產設備	sheng1 chan3 she4 bei4	no-cc-cedict-entry
生产车间	生產車間	sheng1 chan3 che1 jian1	no-cc-cedict-entry
生产过程	生產過程	sheng1 chan3 guo4 cheng2	no-cc-cedict-entry
生动活泼	生動活潑	sheng1 dong4 huo2 po5	no-cc-cedict-entry
生化危机系列	生化危機系列	sheng1 hua4 wei1 ji1 xi4 lie4	no-cc-cedict-entry
生命中不能承受之轻	生命中不能承受之輕	sheng1 ming4 zhong1 bu4 neng2 cheng2 shou4 zhi1 qing1	no-cc-cedict-entry
生命之星	生命之星	sheng1 ming4 zhi1 xing1	no-cc-cedict-entry
生命之水	生命之水	sheng1 ming4 zhi1 shui3	no-cc-cedict-entry
生命之符	生命之符	sheng1 ming4 zhi1 fu2	no-cc-cedict-entry
生存空间	生存空間	sheng1 cun2 kong1 jian1	no-cc-cedict-entry
生态农业	生態農業	sheng1 tai4 nong2 ye4	no-cc-cedict-entry
生态家园	生態家園	sheng1 tai4 jia1 yuan2	no-cc-cedict-entry
生意人	生意人	sheng1 yi5 ren2	no-cc-cedict-entry
生成元	生成元	sheng1 cheng2 yuan2	no-cc-cedict-entry
生成器	生成器	sheng1 cheng2 qi4	no-cc-cedict-entry
生日蛋糕	生日蛋糕	sheng1 ri4 dan4 gao1	no-cc-cedict-entry
生殖健康组织	生殖健康組織	sheng1 zhi2 jian4 kang1 zu3 zhi1	no-cc-cedict-entry
生活习惯	生活習慣	sheng1 huo2 xi2 guan4	no-cc-cedict-entry
生活区	生活區	sheng1 huo2 qu1	no-cc-cedict-entry
生活服务	生活服務	sheng1 huo2 fu4 wu4	no-cc-cedict-entry
生活环境	生活环境	sheng1 huo2 huan2 jing4	no-cc-cedict-entry
生活用品	生活用品	sheng1 huo2 yong4 pin3	no-cc-cedict-entry
生活质量	生活質量	sheng1 huo2 zhi4 liang4	no-cc-cedict-entry
生物小区	生物小區	sheng1 wu4 xiao3 qu1	no-cc-cedict-entry
生物气候	生物氣候	sheng1 wu4 qi4 hou4	no-cc-cedict-entry
生物能源	生物能源	sheng1 wu4 neng2 yuan2	no-cc-cedict-entry
生物节律	生物節律	sheng1 wu4 jie2 lu:4	no-cc-cedict-entry
生物遗产	生物遺產	sheng1 wu4 yi2 chan3	no-cc-cedict-entry
生田原町	生田原町	sheng1 tian2 yuan2 ting3	no-cc-cedict-entry
用优先购买权所购物品	用优先購買權所購物品	yong4 you1 xian1 gou4 mai3 quan2 suo3 gou4 wu4 pin3	no-cc-cedict-entry
用地	用地	yong4 di4	no-cc-cedict-entry
用布镶成	用布鑲成	yong4 bu4 xiang1 cheng2	no-cc-cedict-entry
用户身份模块	用戶身份模塊	yong4 hu4 shen1 fen4 mo2 kuai4	no-cc-cedict-entry
用明天皇	用明天皇	yong4 ming2 tian1 huang2	no-cc-cedict-entry
用水	用水	yong4 shui3	no-cc-cedict-entry
用药	用藥	yong4 yao4	no-cc-cedict-entry
用过	用過	yong4 guo4	no-cc-cedict-entry
用饭装备	用飯裝備	yong4 fan2 zhuang1 bei4	no-cc-cedict-entry
甪直	甪直	Lu4 zhi2	no-cc-cedict-entry
甯	甯	ning2	no-cc-cedict-entry
田川市	田川市	tian2 chuan1 shi4	no-cc-cedict-entry
田径运动员	田徑運動員	tian2 jing4 yun4 dong4 yuan2	no-cc-cedict-entry
田里	田里	tian2 li3	no-cc-cedict-entry
由不得	由不得	you2 bu4 de5	no-cc-cedict-entry
由于种种原因	由於種種原因	you2 yu2 zhong3 zhong3 yuan2 yin1	no-cc-cedict-entry
由始至终	由始至終	you2 shi3 zhi4 zhong1	no-cc-cedict-entry
由来已久	由來已久	you2 lai2 yi3 jiu3	no-cc-cedict-entry
甲替色氨酸	甲替色氨酸	jia3 ti4 se4 an1 suan1	no-cc-cedict-entry
甲锗烷	甲鍺烷	jia3 zhe3 wan2	no-cc-cedict-entry
申库尔斯克	申庫爾斯剋	shen1 ku4 er3 si1 ke4	no-cc-cedict-entry
电力供应	電力供應	dian4 li4 gong1 ying4	no-cc-cedict-entry
电力线	電力線	dian4 li4 xian4	no-cc-cedict-entry
电动转盘	電動轉盤	dian4 dong4 zhuan4 pan2	no-cc-cedict-entry
电压强	電壓強	dian4 ya1 qiang2	no-cc-cedict-entry
电台司令	電台司令	dian4 tai2 si1 ling4	no-cc-cedict-entry
电圆锯	電圓鋸	dian4 yuan2 ju4	no-cc-cedict-entry
电子书	電子書	dian4 zi5 shu1	no-cc-cedict-entry
电子产品	電子産品	dian4 zi3 chan3 pin3	no-cc-cedict-entry
电子元件	電子元件	dian4 zi3 yuan2 jian4	no-cc-cedict-entry
电子元器件	電子元器件	dian4 zi3 yuan2 qi4 jian4	no-cc-cedict-entry
电子图书	電子圖書	dian4 zi3 tu2 shu1	no-cc-cedict-entry
电子市场	電子市場	dian4 zi3 shi4 chang3	no-cc-cedict-entry
电子技术	電子技術	dian4 zi3 ji4 shu4	no-cc-cedict-entry
电子政务	電子政務	dian4 zi3 zheng4 wu4	no-cc-cedict-entry
电子数据系统	電子數據系統	dian4 zi3 shu4 ju4 ji4 tong3	no-cc-cedict-entry
电子设备	電子設備	dian4 zi3 she4 bei4	no-cc-cedict-entry
电子邮件地址	電子郵件地址	dian4 zi3 you2 jian4 di4 zhi3	no-cc-cedict-entry
电影学	電影學	dian4 ying3 xue2	no-cc-cedict-entry
电影导演	電影導演	dian4 ying3 dao3 yan3	no-cc-cedict-entry
电影海报	電影海報	dian4 ying5 hai3 bao4	no-cc-cedict-entry
电影版	電影版	dian4 ying3 ban3	no-cc-cedict-entry
电桥	電橋	dian4 qiao2	no-cc-cedict-entry
电气工程师	電氣工程師	dian4 qi4 gong1 cheng2 shi1	no-cc-cedict-entry
电气设备	電氣設備	dian4 qi4 she4 bei4	no-cc-cedict-entry
电波鸟人乐队	電波鳥人樂隊	dian4 bo1 diao3 ren2 yue4 dui4	no-cc-cedict-entry
电浆子	電漿子	dian4 jiang1 zi3	no-cc-cedict-entry
电白县	電白縣	Dian4 bai2 xian4	no-cc-cedict-entry
电磁阀	電磁閥	dian4 ci2 fa2	no-cc-cedict-entry
电脑化	電腦化	dian4 nao3 hua4	no-cc-cedict-entry
电脑游戏	電腦游戲	dian4 nao3 you2 xi4	no-cc-cedict-entry
电脑爱好者	電腦愛好者	dian4 nao3 ai4 hao3 zhe3	no-cc-cedict-entry
电脑网	電腦網	dian4 nao3 wang3	no-cc-cedict-entry
电脑辅助软体工程	電腦輔助軟體工程	dian4 nao3 fu3 zhu4 ruan3 ti1 gong1 cheng2	no-cc-cedict-entry
电视广告	電視廣告	dian4 shi4 guang3 gao4	no-cc-cedict-entry
电视直播	電視直播	dian4 shi4 zhi2 bo1	no-cc-cedict-entry
电视真人秀节目	電視真人秀節目	dian4 shi4 zhen1 ren2 xiu4 jie2 mu4	no-cc-cedict-entry
电视购物	電視購物	dian4 shi4 gou4 wu4	no-cc-cedict-entry
电视长片	電視長片	dian4 shi4 zhang3 pian4	no-cc-cedict-entry
电视频道	電視頻道	dian4 shi4 pin2 dao4	no-cc-cedict-entry
电话号码	電話號碼	dian4 hua4 hao4 ma3	no-cc-cedict-entry
电话推销员	電話推銷員	dian4 hua4 tui1 xiao1 yuan2	no-cc-cedict-entry
电话费	電話費	dian4 hua4 fei4	no-cc-cedict-entry
电路板	電路板	dian4 lu4 ban3	no-cc-cedict-entry
电车男	電車男	dian4 che1 nan2	no-cc-cedict-entry
电转盘	電轉盤	dian4 zhuan4 pan2	no-cc-cedict-entry
电通	電通	dian4 tong1	no-cc-cedict-entry
电邮新闻	電郵新聞	dian4 you2 xin1 wen2	no-cc-cedict-entry
电量焦虑症	電量焦慮症	dian4 liang4 jiao1 lu4 zheng4	no-cc-cedict-entry
电鳐目	電鰩目	dian4 yao2 mu4	no-cc-cedict-entry
男主角	男主角	nan2 zhu3 jiao3	no-cc-cedict-entry
男人装	男人裝	nan2 ren2 zhuang1	no-cc-cedict-entry
男孩特区	男孩特區	nan2 hai2 te4 qu1	no-cc-cedict-entry
男式占座	男式佔座	nan2 shi4 zhan4 zuo4	no-cc-cedict-entry
男演员	男演員	nan2 yan3 yuan2	no-cc-cedict-entry
男漫	男漫	nan2 man4	no-cc-cedict-entry
画卷	畫卷	hua4 juan3	no-cc-cedict-entry
畅游	暢遊	chang4 you2	no-cc-cedict-entry
畅通无阻	暢通無阻	chang4 tong1 wu2 zu3	no-cc-cedict-entry
畊	畊	geng1	no-cc-cedict-entry
界点	界點	jie4 dian3	no-cc-cedict-entry
界限街	界限街	jie4 xian4 jie1	no-cc-cedict-entry
畔布劳瑙周刊	畔布勞瑙週刊	pan4 bu4 lao2 nao3 zhou1 kan1	no-cc-cedict-entry
留出	留出	liu2 chu1	no-cc-cedict-entry
留在	留在	liu2 zai4	no-cc-cedict-entry
留心眼儿	留心眼兒	liu2 xin1 yan3 r	no-cc-cedict-entry
留空	留空	liu2 kong1	no-cc-cedict-entry
留言板	留言板	liu2 yan2 ban3	no-cc-cedict-entry
畲	畬	yu2	no-cc-cedict-entry
畹町市	畹町市	Wan3 ding1 shi4	no-cc-cedict-entry
疆斯	疆斯	jiang1 si1	no-cc-cedict-entry
疋	疋	pi3	no-cc-cedict-entry
疏密	疏密	shu1 mi4	no-cc-cedict-entry
疖	癤	jie2	no-cc-cedict-entry
疘	疘	gang1	no-cc-cedict-entry
疯狂城市赛车	瘋狂城市賽車	feng1 kuang2 cheng2 shi4 sai4 che1	no-cc-cedict-entry
疯狂英语	瘋狂英語	feng1 kuang2 ying1 yu3	no-cc-cedict-entry
疼惜		疼惜		teng2 xi1	no-cc-cedict-entry
疿	疿	fei4	no-cc-cedict-entry
病因子	病因子	bing4 yin1 zi5	no-cc-cedict-entry
病的	病的	bing4 de5	no-cc-cedict-entry
痐	痐	hui2	no-cc-cedict-entry
痒痒鼠与抓抓猫	癢癢鼠與抓抓貓	yang3 yang3 shu3 yu3 zhua1 zhua1 mao1	no-cc-cedict-entry
痾	痾	e1	no-cc-cedict-entry
瘜	瘜	xi2	no-cc-cedict-entry
瘦身男女	瘦身男女	shou4 shen1 nan2 ru3	no-cc-cedict-entry
癌症学	癌症學	ai2 zheng4 xue2	no-cc-cedict-entry
癢	癢	yang3	no-cc-cedict-entry
癥	癥	zheng1	no-cc-cedict-entry
癫痫患者	癲癇患者	dian1 xian2 huan4 zhe3	no-cc-cedict-entry
癶	癶	bo4	no-cc-cedict-entry
登别市	登別市	deng1 bie2 shi4	no-cc-cedict-entry
登加楼	登加樓	deng1 jia1 lou2	no-cc-cedict-entry
登台	登颱	deng1 tai2	no-cc-cedict-entry
登城节	登城節	deng1 cheng2 jie2	no-cc-cedict-entry
登录名	登錄名	deng1 lu4 ming2	no-cc-cedict-entry
登德尔莱厄夫	登德爾萊厄夫	deng1 de2 er3 lai2 e4 fu2	no-cc-cedict-entry
登德尔蒙德	登德爾蒙德	deng1 de2 er3 meng2 de2	no-cc-cedict-entry
登海尔德	登海爾德	deng1 hai3 er3 de2	no-cc-cedict-entry
登盖莱区	登蓋萊區	deng1 gai4 lai2 qu1	no-cc-cedict-entry
登记证	登記證	deng1 ji4 zheng4	no-cc-cedict-entry
白丝带	白絲帶	bai2 si1 dai4	no-cc-cedict-entry
白井市	白井市	bai2 jing3 shi4	no-cc-cedict-entry
白佛	白佛	bai2 fo2	no-cc-cedict-entry
白兰恩	白蘭恩	bai2 lan2 en1	no-cc-cedict-entry
白喉石鵖	白喉石鵖	bai2 hou2 shi2 bi1	no-cc-cedict-entry
白头䴗鹛	白頭鶪鶥	bai2 tou2 ju2 mei2	no-cc-cedict-entry
白安居	白安居	Bai2 an1 ju1	no-cc-cedict-entry
白岛	白島	bai2 dao3	no-cc-cedict-entry
白必图	白必圖	bai2 bi4 tu2	no-cc-cedict-entry
白斑翅拟蜡嘴雀	白斑翅擬蠟嘴雀	bai2 ban1 chi4 ni3 la4 zui3 que4	no-cc-cedict-entry
白暨豚	白暨豚	bai2 ji4 tun2	no-cc-cedict-entry
白海城	白海城	bai2 hai3 cheng2	no-cc-cedict-entry
白煮	白煮	bai2 zhu3	no-cc-cedict-entry
白狼游戏	白狼遊戲	bai2 lang2 you2 xi4	no-cc-cedict-entry
白癡	白癡	bai2 chi1	no-cc-cedict-entry
白眉朱雀	白眉朱雀	bai2 mei2 zhu1 que4	no-cc-cedict-entry
白石	白石	bai2 shi2	no-cc-cedict-entry
白福儿	白福兒	Bai2 fu2 er5	no-cc-cedict-entry
白纸男	白紙男	bai2 zhi3 nan2	no-cc-cedict-entry
白酱小牛肉	白醬小牛肉	bai2 jiang4 xiao1 niu2 rou4	no-cc-cedict-entry
白院聚落	白院聚落	bai2 yuan4 ju4 luo4	no-cc-cedict-entry
白顶鵖	白頂鵖	bai2 ding3 bi1	no-cc-cedict-entry
白领八哥	白領八哥	bai2 ling3 ba1 ge1	no-cc-cedict-entry
白马	白馬	bai2 ma3	no-cc-cedict-entry
白鸽城 	白鴿城 	Bai2 ge1 cheng2	no-cc-cedict-entry
百事	百事	bai3 shi4	no-cc-cedict-entry
百亿	百億	bai3 yi4	no-cc-cedict-entry
百分率符号	百分率符號	bai3 fen1 lu:4 fu2 hao4	no-cc-cedict-entry
百变之星	百變之星	bai3 bian4 zhi1 xing1	no-cc-cedict-entry
百变小樱	百變小櫻	bai3 bian4 xiao3 ying1	no-cc-cedict-entry
百奇	百奇	bai3 qi2	no-cc-cedict-entry
百度十大神兽	百度十大神獸	bai3 du4 shi2 da4 shen2 shou4	no-cc-cedict-entry
百度贴吧	百度貼吧	Bai3 du4 tie1 ba5	no-cc-cedict-entry
百恼汇	百腦匯	bai3 nao3 hui4	no-cc-cedict-entry
百时美施贵宝	百時美施貴寶	bai3 shi2 mei3 shi1 gui4 bao3	no-cc-cedict-entry
百花	百花	bai3 hua1	no-cc-cedict-entry
百鸟朝凤	百鳥朝鳳	bai3 niao3 chao2 feng4	no-cc-cedict-entry
的是	的是	di2 shi4	no-cc-cedict-entry
的里雅斯特	的裡雅斯特	de5 li3 ya3 si1 te4	no-cc-cedict-entry
皇家圣吉罗斯联合	皇家聖吉羅斯聯合	huang2 jia1 sheng4 ji2 luo2 si1 lian2 he2	no-cc-cedict-entry
皇家浴池	皇家浴池	huang2 jia1 yu4 chi2	no-cc-cedict-entry
皇家赌场	皇家賭場	huang2 jia1 du3 chang3	no-cc-cedict-entry
皇家铸币局剧院	皇家鑄幣局劇院	huang2 jia1 zhu4 bi4 ju2 ju4 yuan4	no-cc-cedict-entry
皇蛾	皇蛾	huang2 e2	no-cc-cedict-entry
皐	皐	gao1	no-cc-cedict-entry
皓月	皓月	hao4 yue4	no-cc-cedict-entry
皜	皜	hao4	no-cc-cedict-entry
皮乌拉	皮烏拉	pi2 wu1 la1	no-cc-cedict-entry
皮兰	皮蘭	pi2 lan2	no-cc-cedict-entry
皮尔尼茨	皮爾尼茨	pi2 er3 ni2 ci2	no-cc-cedict-entry
皮尔斯	皮爾斯	pi2 er3 si1	no-cc-cedict-entry
皮尔泰内	皮爾泰內	pi2 er3 tai4 nei4	no-cc-cedict-entry
皮托	皮託	pi2 tuo1	no-cc-cedict-entry
皮特	皮特	pi2 te4	no-cc-cedict-entry
皮皮	皮皮	pi2 pi2	no-cc-cedict-entry
皮纳图博火山	皮納圖博火山	pi2 na4 tu2 bo2 huo3 shan1	no-cc-cedict-entry
皮耶	皮耶	pi2 ye2	no-cc-cedict-entry
皮耶克赛迈基	皮耶剋賽邁基	pi2 ye2 ke4 sai4 mai4 ji1	no-cc-cedict-entry
皮肤病学	皮膚病學	pi2 fu1 bing4 xue2	no-cc-cedict-entry
皮苏埃加河	皮蘇埃加河	pi2 su1 ai1 jia1 he2	no-cc-cedict-entry
皮茨菲尔德	皮茨菲爾德	pi2 ci2 fei3 er3 de2	no-cc-cedict-entry
皮诺朵尼	皮諾朵尼	Pi2 nuo4 duo3 ni2	no-cc-cedict-entry
皮马县	皮馬縣	pi2 ma3 xian4	no-cc-cedict-entry
皱纹圆鲀	皺紋圓魨	zhou4 wen2 yuan2 tun2	no-cc-cedict-entry
盃	盃	bei1	no-cc-cedict-entry
盆唐区	盆唐區	pen2 tang2 qu1	no-cc-cedict-entry
盆唐线	盆唐線	pen2 tang2 xian4	no-cc-cedict-entry
益力多	益力多	yi4 li4 duo1	no-cc-cedict-entry
益民	益民	yi4 min2	no-cc-cedict-entry
盎格鲁街	盎格魯街	ang4 ge2 lu3 jie1	no-cc-cedict-entry
监事会	監事會	jian1 shi4 hui4	no-cc-cedict-entry
监测所	監測所	jian1 ce4 sup3	invalid-reading
监督员	監督員	jian1 du1 yuan2	no-cc-cedict-entry
盖亚	蓋亞	gai4 ya4	no-cc-cedict-entry
盖伊	蓋伊	gai4 yi1	no-cc-cedict-entry
盖利博卢半岛	蓋利博盧半島	gai4 li4 bo2 lu2 ban4 dao3	no-cc-cedict-entry
盖林根	蓋林根	ge3 lin2 gen1	no-cc-cedict-entry
盖马高原	蓋馬高原	gai4 ma3 gao1 yuan2	no-cc-cedict-entry
盗亦有道	盜亦有道	dao4 yi4 you3 dao4	no-cc-cedict-entry
盘庚	盤庚	pan2 geng1	no-cc-cedict-entry
盘面	盤面	pan2 mian4	no-cc-cedict-entry
盛冈市	盛岡市	cheng2 gang1 shi4	no-cc-cedict-entry
盪	盪	dang4	no-cc-cedict-entry
目标强度	目標強度	mu4 biao1 qiang3 duo2	no-cc-cedict-entry
目标管理	目標管理	mu4 biao1 guan3 li3	no-cc-cedict-entry
盲井	盲井	mang2 jing3	no-cc-cedict-entry
盲蛇	盲蛇	mang2 she2	no-cc-cedict-entry
直接投资	直接投資	zhi2 jie1 tou2 zi1	no-cc-cedict-entry
直纹面	直紋面	zhi2 wen2 mian4	no-cc-cedict-entry
直角边	直角邊	zhi2 jiao3 bian1	no-cc-cedict-entry
相伴阵	相伴陣	xiang1 ban4 zhen4	no-cc-cedict-entry
相似阵	相似陣	xiang1 si4 zhen4	no-cc-cedict-entry
相倚概率	相倚概率	xiang1 yi3 gai4 lu:4	no-cc-cedict-entry
相关系数	相關係數	xiang1 guan1 xi4 shu4	no-cc-cedict-entry
相反数	相反數	xiang1 fan3 shu4	no-cc-cedict-entry
相反相成	相反相成	xiang1 fan3 xiang1 cheng2	no-cc-cedict-entry
相容事件	相容事件	xiang1 rong2 shi4 jian4	no-cc-cedict-entry
相对于	相對於	xiang1 dui4 yu2	no-cc-cedict-entry
相对应	相對應	xiang1 dui4 ying4	no-cc-cedict-entry
相对强弱指数	相對強弱指數	xiang1 dui4 qiang2 ruo4 zhi3 shu4	no-cc-cedict-entry
相对方位	相對方位	xiang1 dui4 fang1 wei4	no-cc-cedict-entry
相对运动	相對運動	xiang1 dui4 yun4 dong4	no-cc-cedict-entry
相异根	相異根	xiang1 yi4 gen1	no-cc-cedict-entry
相当于或大于	相當於或大於	xiang1 dang1 yu2 huo4 da4 yu2	no-cc-cedict-entry
相聚一刻	相聚一刻	xiang1 ju4 yi2 ke4	no-cc-cedict-entry
相迭	相迭	xiang1 die2	no-cc-cedict-entry
相适应	相適應	xiang1 shi4 ying4	no-cc-cedict-entry
相随	相随	xiang3 sui2	no-cc-cedict-entry
省政府	省政府	sheng3 zheng4 fu3	no-cc-cedict-entry
省时	省時	sheng3 shi2	no-cc-cedict-entry
省立恐龙公园	省立恐龍公園	sheng3 li4 kong3 long2 gong1 yuan2	no-cc-cedict-entry
看一下	看一下	kan4 yi1 xia4	no-cc-cedict-entry
看不习惯	看不習慣	kan4 bu4 xi2 guan4	no-cc-cedict-entry
看完	看完	kan4 wan2	no-cc-cedict-entry
看得见	看得見	kan4 de2 jian4	no-cc-cedict-entry
看手相	看手相	kan4 shou3 xiang4	no-cc-cedict-entry
看电影	看電影	kan4 dian4 ying3	no-cc-cedict-entry
看着	看著	kan4 zhuo2	no-cc-cedict-entry
看起来	看起來	kan4 qi3 lai2	no-cc-cedict-entry
看酒	看酒	kan4 jiu3	no-cc-cedict-entry
看面相	看面相	kan3 mian4 xiang4	no-cc-cedict-entry
真三国无双	真三國無雙	zhen1 san1 guo2 wu2 shuang1	no-cc-cedict-entry
真兽下纲	真獸下綱	zhen1 shou4 xia4 gang1	no-cc-cedict-entry
真分式	真分式	zhen1 fen1 shi4	no-cc-cedict-entry
真好	真好	zhen1 hao3	no-cc-cedict-entry
真实姓名	真實姓名	zhen1 shi2 xing4 ming2	no-cc-cedict-entry
真实的谎言	真實的謊言	zhen1 shi2 di4 huang3 yan2	no-cc-cedict-entry
真室川町	真室川町	zhen1 shi4 chuan1 ting3	no-cc-cedict-entry
真爱至上	真愛至上	zhen1 ai4 zhi4 shang4	no-cc-cedict-entry
真珠美人鱼	真珠美人魚	zhen1 zhu1 mei3 ren2 yu2	no-cc-cedict-entry
真理之口	真理之口	zhen1 li3 zhi1 kou3	no-cc-cedict-entry
真纳国际机场	真納國際機場	zhen1 na4 guo2 ji4 ji1 chang3	no-cc-cedict-entry
真话	真話	zhen1 hua4	no-cc-cedict-entry
眨迷丽	眨迷丽	zha3 mi2 li2	no-cc-cedict-entry
眯	瞇	mi3	no-cc-cedict-entry
眼子菜属	眼子菜屬	yan3 zi3 cai4 shu3	no-cc-cedict-entry
眼孔	眼孔	yan3 kong3	no-cc-cedict-entry
眼色素层黑色素瘤	眼色素層黑色素瘤	yan3 se4 su4 ceng2 hei1 se4 su4 liu2	no-cc-cedict-entry
着	著	zhe2	no-cc-cedict-entry
着作	著作	zhu4 zuo4	no-cc-cedict-entry
着眼于	著眼于	zhuo2 yan3 yu2	no-cc-cedict-entry
着色器	著色器	zhuo2 se4 qi4	no-cc-cedict-entry
着道儿	著道兒	zhao2 dao4 r	no-cc-cedict-entry
着魔岩	著魔岩	zhe5 mo2 yan2	no-cc-cedict-entry
睁开眼睛	睜開眼睛	zheng1 kai1 yan3 jing1	no-cc-cedict-entry
睍	睍	xian4	no-cc-cedict-entry
睡公主	睡公主	shui4 gong1 zhu3	no-cc-cedict-entry
睡去	睡去	shui4 qu4	no-cc-cedict-entry
睡眠性交症	睡眠性交症	shui4 mian2 xing4 jiao1 zheng4	no-cc-cedict-entry
睥	睥	bi4	no-cc-cedict-entry
睾丸甾酮	睾丸甾酮	gao1 wan2 zai1 tong2	no-cc-cedict-entry
瞄准线	瞄準線	miao2 zhun3 xian4	no-cc-cedict-entry
瞄准装置	瞄準裝置	miao2 zhun3 zhuang1 zhi4	no-cc-cedict-entry
瞄准设备	瞄準設備	miao2 zhun3 she4 bei4	no-cc-cedict-entry
瞅着	瞅著	chou3 zhe5	no-cc-cedict-entry
瞤	瞤	shun4	no-cc-cedict-entry
瞬时视场	瞬時視場	shun4 shi2 shi4 chang3	no-cc-cedict-entry
瞿	瞿	ju4	no-cc-cedict-entry
矙	矙	kan4	no-cc-cedict-entry
矛盾律	矛盾律	mao2 dun4 lu:4	no-cc-cedict-entry
矛矛起义	矛矛起義	mao2 mao2 qi3 yi4	no-cc-cedict-entry
矢板市	矢闆市	shi3 pan4 shi4	no-cc-cedict-entry
知名品牌	知名品牌	zhi1 ming2 pin3 pai2	no-cc-cedict-entry
知立市	知立市	zhi1 li4 shi4	no-cc-cedict-entry
知识图	知識圖	zhi1 shi4 tu2	no-cc-cedict-entry
知识管理	知識管理	zhi1 shi5 guan3 li3	no-cc-cedict-entry
知识经济	知識經濟	zhi1 shi4 jing1 ji4	no-cc-cedict-entry
矩形式树状结构绘图法	矩形式樹狀結構繪圖法	ju3 xing2 shi4 shu4 zhuang4 jie2 gou4 hui4 tu2 fa3	no-cc-cedict-entry
矫正视力	矯正視力	jiao3 zheng4 shi4 li4	no-cc-cedict-entry
短信息	短信息	duan3 xin4 xi1	no-cc-cedict-entry
短小	短小	duan3 xiao3	no-cc-cedict-entry
短期内	短期內	duan3 qi1 nei4	no-cc-cedict-entry
短消息	短消息	duan3 xiao1 xi5	no-cc-cedict-entry
短短	短短	duan3 duan3	no-cc-cedict-entry
短轴	短軸	duan3 zhou2	no-cc-cedict-entry
短途	短途	duan3 tu2	no-cc-cedict-entry
矮豇豆	矮豇豆	ai3 jiang1 dou4	no-cc-cedict-entry
矱	矱	huo4	no-cc-cedict-entry
石中剑	石中劍	shi2 zhong1 jian4	no-cc-cedict-entry
石勒苏益格	石勒蘇益格	shi2 le4 su1 yi4 ge2	no-cc-cedict-entry
石壁	石壁	shi2 bi4	no-cc-cedict-entry
石室中学	石室中學	shi2 shi4 zhong1 xue2	no-cc-cedict-entry
石普挞	石普挞	shi2 pu3 ta4	no-cc-cedict-entry
石楠荒原	石楠荒原	shi2 nan2 huang1 yuan2	no-cc-cedict-entry
石油化工	石油化工	shi2 you2 hua4 gong1	no-cc-cedict-entry
石油气	石油氣	shi2 you2 qi4	no-cc-cedict-entry
石灰岩县	石灰岩縣	shi2 hui1 yan2 xian4	no-cc-cedict-entry
石玫瑰	石玫瑰	shi2 mei2 gui1	no-cc-cedict-entry
石蛃目	石蛃目	shi2 bing3 mu4	no-cc-cedict-entry
石达开	石達開	shi2 da2 kai1	no-cc-cedict-entry
矻	矻	ku4	no-cc-cedict-entry
码头	碼頭	ma3 tou2	no-cc-cedict-entry
码头风云	碼頭風雲	ma3 tou5 feng1 yun2	no-cc-cedict-entry
砍掉	砍掉	kan3 diao4	no-cc-cedict-entry
研发中心	硏發中心	yan2 fa1 zhong1 xin1	no-cc-cedict-entry
研发部	研發部	yan2 fa1 bu4	no-cc-cedict-entry
研究会	硏究會	yan2 jiu1 hui4	no-cc-cedict-entry
研究室	研究室	yan2 jiu1 shi4	no-cc-cedict-entry
研究开发	研究開發	yan2 jiu1 kai1 fa1	no-cc-cedict-entry
研究方向	硏究方向	yan2 jiu1 fang1 xiang4	no-cc-cedict-entry
砦	砦	zhai4	no-cc-cedict-entry
砲	砲	pao4	no-cc-cedict-entry
破坏力	破壞力	po4 huai4 li4	no-cc-cedict-entry
破天慌	破天慌	po4 tian1 huang1	no-cc-cedict-entry
破碎机	破碎機	po4 sui4 ji1	no-cc-cedict-entry
破羊水	破羊水	po4 yang2 shui3	no-cc-cedict-entry
砷制剂	砷製劑	shen1 zhi4 ji4	no-cc-cedict-entry
硅统科技	硅統科技	xi1 tong3 ke1 ji4	no-cc-cedict-entry
硅胶密封件	矽膠密封件	gui1 jiao1 mi5 feng1 jian4	no-cc-cedict-entry
硅藻土	硅藻土	xi4 zao3 tu3	no-cc-cedict-entry
硝酸铀酰	硝酸鈾酰	xiao1 suan1 you2 xian1	no-cc-cedict-entry
硝酸铁	硝酸鐵	xiao1 suan1 tie3	no-cc-cedict-entry
硝酸铅	硝酸鉛	xiao1 suan1 qian1	no-cc-cedict-entry
硫化汞	硫化汞	liu2 hua4 gong3	no-cc-cedict-entry
硫化铵	硫化銨	liu2 hua4 an3	no-cc-cedict-entry
硫磺鹀	硫磺鵐	liu2 huang2 wu2	no-cc-cedict-entry
硫酰胺	硫酰胺	liu2 xian1 an4	no-cc-cedict-entry
硬盘分区	硬盤分區	ying4 pan2 fen1 qu1	no-cc-cedict-entry
硬盘空间	硬盤空間	ying4 pan2 kong1 jian1	no-cc-cedict-entry
确定震中	确定震中	jue4 ding4 zhen4 zhong1	no-cc-cedict-entry
确界	確界	que4 jie4	no-cc-cedict-entry
碁	碁	qi2	no-cc-cedict-entry
碉楼	碉樓	diao1 lou2	no-cc-cedict-entry
碎冰	碎冰	sui4 bing1	no-cc-cedict-entry
碎米荠	碎米薺	sui4 mi3 ji4	no-cc-cedict-entry
碘酸钾	碘酸鉀	dian3 suan1 jia3	no-cc-cedict-entry
碡	碡	du2	no-cc-cedict-entry
碧丽蒂丝	碧丽蒂丝	bi4 li2 di4 si1	no-cc-cedict-entry
碧昂斯	碧昂斯	bi4 ang2 si1	no-cc-cedict-entry
碧血狂杀	碧血狂殺	Bi4 xue4 kuang2 sha1	no-cc-cedict-entry
碰伤	碰傷	peng4 shang1	no-cc-cedict-entry
碱基序列	鹼基序列	jian3 ji1 xu4 lie4	no-cc-cedict-entry
碳刷	碳刷	tan4 shua4	no-cc-cedict-entry
碳酸铵	碳酸銨	tan4 suan1 an3	no-cc-cedict-entry
碴儿	碴兒	cha2 r	no-cc-cedict-entry
磁山文化	磁山文化	ci2 shan1 wen2 hua4	no-cc-cedict-entry
磁源日本科学卫星	磁源日本科学卫星	ci2 yuan2 ri4 ben3 ke1 xue2 wei4 xing1	no-cc-cedict-entry
磁盘阵列	磁盤陣列	ci2 pan2 zhen4 lie4	no-cc-cedict-entry
磁重聯	磁重聯	ci2 chong2 lian2	no-cc-cedict-entry
磅湛	磅湛	bang4 zhan4	no-cc-cedict-entry
磐城市	磐城市	pan2 cheng2 shi4	no-cc-cedict-entry
磠	磠	lu3	no-cc-cedict-entry
磨坊尽头公园	磨坊盡頭公園	mo4 fang2 jin4 tou2 gong1 yuan2	no-cc-cedict-entry
礐	礐	hu2	no-cc-cedict-entry
礐	礐	que4	no-cc-cedict-entry
示性数	示性數	shi4 xing4 shu4	no-cc-cedict-entry
社会主义制度	社會主義制度	she4 hui4 zhu3 yi4 zhi4 du4	no-cc-cedict-entry
社会主义市场经济	社會主義市場經濟	she4 hui4 zhu3 yi4 shi4 chang3 jing1 ji4	no-cc-cedict-entry
社会发展	社會發展	she4 hui4 fa1 zhan3	no-cc-cedict-entry
社会各界	社會各界	she4 hui4 ge4 jie4	no-cc-cedict-entry
社会学家	社會學家	she4 hui4 xue2 jia1	no-cc-cedict-entry
社会福利	社會福利	she4 hui4 fu2 li4	no-cc-cedict-entry
社会科学统计包	社會科學統計包	she4 hui4 ke1 xue2 tong3 ji4 bao1	no-cc-cedict-entry
社会科学高等学院	社會科學高等學院	she4 hui4 ke1 xue2 gao1 deng3 xue2 yuan4	no-cc-cedict-entry
社会进步	社會進步	she4 hui4 jin4 bu4	no-cc-cedict-entry
社会问题	社會問題	she4 hui4 wen4 ti2	no-cc-cedict-entry
社区服务	社區服務	she4 qu1 fu4 wu4	no-cc-cedict-entry
社区生产	社區生產	she4 qu1 sheng1 chan3	no-cc-cedict-entry
社区筹款	社区筹款	she4 qu1 chou2 kuan3	no-cc-cedict-entry
祖格迪迪	祖格迪迪	zu3 ge2 di2 di2	no-cc-cedict-entry
祖芬根	祖芬根	zu3 fen1 gen1	no-cc-cedict-entry
祝您好运	祝您好运	zhu4 nin2 hao3 yun4	no-cc-cedict-entry
祝福你	祝福你	zhu4 fu2 ni3	no-cc-cedict-entry
神功皇后	神功皇後	shen2 gong1 huang2 hou4	no-cc-cedict-entry
神医	神醫	shen2 yi1	no-cc-cedict-entry
神圣家族大教堂	神聖家族大教堂	shen2 sheng4 jia1 zu2 da4 jiao4 tang2	no-cc-cedict-entry
神奇四侠	神奇四俠	shen2 qi2 si4 xia2	no-cc-cedict-entry
神奇女侠	神奇女俠	shen2 qi2 nu:3 xia2	no-cc-cedict-entry
神探加杰特	神探加傑特	shen2 tan4 jia1 jie2 te4	no-cc-cedict-entry
神族	神族	shen2 zu2	no-cc-cedict-entry
神武天皇	神武天皇	shen2 wu3 tian1 huang2	no-cc-cedict-entry
神治国	神治國	shen2 zhi4 guo2	no-cc-cedict-entry
神游科技	神遊科技	shen2 you2 ke1 ji4	no-cc-cedict-entry
神秘果	神秘果	shen2 mi4 guo3	no-cc-cedict-entry
神算	神算	shen2 suan4	no-cc-cedict-entry
神舟六号	神舟六號	shen2 zhou1 liu4 hao4	no-cc-cedict-entry
神舟电脑	神舟電腦	shen2 zhou1 dian4 nao3	no-cc-cedict-entry
神话世纪	神話世紀	shen2 hua4 shi4 ji4	no-cc-cedict-entry
神通鬼大	神通鬼大	shen2 tong1 gui3 da4	no-cc-cedict-entry
神鬼无间	神鬼無間	shen2 gui3 wu2 jian1	no-cc-cedict-entry
神鬼通牒	神鬼通牒	shen2 gui3 tong4 die2	no-cc-cedict-entry
神鹰	神鷹	shen2 ying1	no-cc-cedict-entry
神龙	神龍	shen2 long2	no-cc-cedict-entry
票务	票務	piao4 wu4	no-cc-cedict-entry
禁闭	禁閉	jin4 bi4	no-cc-cedict-entry
禄东赞	祿東贊	lu4 dong1 zan4	no-cc-cedict-entry
禄莱	祿萊	lu4 lai2	no-cc-cedict-entry
福伦丹	福倫丹	fu2 lun2 dan1	no-cc-cedict-entry
福克斯通	福剋斯通	fu2 ke4 si1 tong4	no-cc-cedict-entry
福克沙尼	福剋沙尼	fu2 ke4 sha1 ni2	no-cc-cedict-entry
福和市	福和市	fu2 he2 shi4	no-cc-cedict-entry
福基斯州	福基斯州	fu2 ji1 si1 zhou1	no-cc-cedict-entry
福斯拉维耶	福斯拉維耶	fu2 si1 la1 wei2 ye2	no-cc-cedict-entry
禕	禕	yi1	no-cc-cedict-entry
禡	禡	ma4	no-cc-cedict-entry
禪	禪	shan4	no-cc-cedict-entry
禺	禺	yu4	no-cc-cedict-entry
离子风暴	離子風暴	li2 zi3 feng1 bao4	no-cc-cedict-entry
离心加速度	離心加速度	li2 xin1 jia1 su4 du4	no-cc-cedict-entry
离心泵	离心泵	li2 xin1 beng4	no-cc-cedict-entry
离校	離校	li2 xiao4	no-cc-cedict-entry
禾本目	禾本目	he2 ben3 mu4	no-cc-cedict-entry
秀逗魔导士	秀逗魔導士	xiu4 dou4 mo2 dao3 shi4	no-cc-cedict-entry
私人诊所	私人診所	si1 ren2 zhen3 suo3	no-cc-cedict-entry
私货	私貨	si1 huo4	no-cc-cedict-entry
秊	秊	nian2	no-cc-cedict-entry
秋明	秋明	qiu1 ming2	no-cc-cedict-entry
秋明州	鞦明州	qiu1 ming2 zhou1	no-cc-cedict-entry
秋海棠花	秋海棠花	qiu1 hai3 tang2 hua1	no-cc-cedict-entry
秋田县	秋田縣	Qiu1 tian2 xian4	no-cc-cedict-entry
秋田市	鞦田市	qiu1 tian2 shi4	no-cc-cedict-entry
秋菊打官司	鞦菊打官司	qiu1 ju2 da3 guan1 si1	no-cc-cedict-entry
秋风	秋風	qiu1 feng1	no-cc-cedict-entry
种实	種實	zhong3 shi2	no-cc-cedict-entry
种类繁多	種類繁多	zhong3 lei4 fan2 duo1	no-cc-cedict-entry
科伟	科偉	Ke1 wei3	no-cc-cedict-entry
科俄斯	科俄斯	ke1 e2 si1	no-cc-cedict-entry
科修斯科山	科修斯科山	ke1 xiu1 si1 ke1 shan1	no-cc-cedict-entry
科克赛德	科剋賽德	ke1 ke4 sai4 de2	no-cc-cedict-entry
科克郡	科剋郡	ke1 ke4 jun4	no-cc-cedict-entry
科利马	科利馬	ke1 li4 ma3	no-cc-cedict-entry
科加雷姆	科加雷姆	ke1 jia1 lei2 mu3	no-cc-cedict-entry
科南	科南	ke1 nan2	no-cc-cedict-entry
科卢韦齐	科盧韋齊	ke1 lu2 wei2 qi2	no-cc-cedict-entry
科孚岛	科孚島	ke1 fu2 dao3	no-cc-cedict-entry
科宁	科寧	ke1 ning2	no-cc-cedict-entry
科尔察	科爾察	ke1 er3 cha2	no-cc-cedict-entry
科希策	科希策	ke1 xi1 ce4	no-cc-cedict-entry
科希策州	科希策州	ke1 xi1 ce4 zhou1	no-cc-cedict-entry
科幻片	科幻片	ke1 huan4 pian4	no-cc-cedict-entry
科技园	科技園	ke1 ji4 yuan2	no-cc-cedict-entry
科技大学	科技大學	ke1 ji4 da4 xue2	no-cc-cedict-entry
科梁	科梁	Ke1 liang2	no-cc-cedict-entry
科比·布莱恩特	科比·布萊恩特	Ke1 bi3 · Bu4 lai2 en1 te4	no-cc-cedict-entry
科研单位	科研單位	ke1 yan2 dan1 wei4	no-cc-cedict-entry
科索沃统计局	科索沃統計局	ke1 suo3 wo4 tong3 ji4 ju2	no-cc-cedict-entry
科纳克太阳神庙	科納克太陽神廟	ke1 na4 ke4 tai4 yang2 shen2 miao4	no-cc-cedict-entry
科英布拉	科英布拉	ke1 ying1 bu4 la1	no-cc-cedict-entry
科英布拉省	科英布拉省	ke1 ying1 bu4 la1 sheng3	no-cc-cedict-entry
科赤区	科赤區	ke1 chi4 qu1	no-cc-cedict-entry
科雷希多岛	科雷希多島	ke1 lei2 xi1 duo1 dao3	no-cc-cedict-entry
科龙贝	科龍貝	ke1 long2 bei4	no-cc-cedict-entry
秘密武器	秘密武器	mi4 mi4 wu3 qi4	no-cc-cedict-entry
秘密潜入	秘密潛入	mi4 mi4 qian2 ru4	no-cc-cedict-entry
秘鲁国营航空公司	秘魯國營航空公司	bi4 lu3 guo2 ying2 hang2 kong1 gong1 si1	no-cc-cedict-entry
秦岭大熊猫	秦嶺大熊貓	qin2 ling3 da4 xiong2 mao1	no-cc-cedict-entry
秦野市	秦野市	qin2 ye3 shi4	no-cc-cedict-entry
秧鸡科	秧雞科	yang1 ji1 ke1	no-cc-cedict-entry
秩父市	秩父市	zhi4 fu4 shi4	no-cc-cedict-entry
积分曲线	積分曲線	ji1 fen1 qu1 xian4	no-cc-cedict-entry
积分曲面	積分曲面	ji1 fen1 qu1 mian4	no-cc-cedict-entry
积家	積家	ji1 jia1	no-cc-cedict-entry
积极主动	積極主動	ji1 ji2 zhu3 dong4	no-cc-cedict-entry
称兄道弟	稱兄道弟	cheng1 xiong1 dao4 di4	no-cc-cedict-entry
称光天皇	稱光天皇	cheng1 guang1 tian1 huang2	no-cc-cedict-entry
移动浏览器	移動瀏覽器	yi2 dong4 liu2 lan3 qi4	no-cc-cedict-entry
移动网络回传	移動網絡回傳	yi2 dong4 wang3 luo4 hui2 chuan2	no-cc-cedict-entry
移动通信	移動通信	yi2 dong4 tong1 xin4	no-cc-cedict-entry
程错	程錯	cheng2 cuo4	no-cc-cedict-entry
稍有	稍有	shao1 you3	no-cc-cedict-entry
税种	稅種	shui4 zhong3	no-cc-cedict-entry
稚内市	稚內市	zhi4 nei4 shi4	no-cc-cedict-entry
稜	稜	leng2	no-cc-cedict-entry
稳住	穩住	wen3 zhu5	no-cc-cedict-entry
稻城市	稻城市	dao4 cheng2 shi4	no-cc-cedict-entry
穆伊拉	穆伊拉	mu4 yi1 la1	no-cc-cedict-entry
穆尔德河	穆爾德河	mu4 er3 de2 he2	no-cc-cedict-entry
穆尔西亚	穆爾西亞	mu4 er3 xi1 ya4	no-cc-cedict-entry
穆尔西亚自治区	穆爾西亞自治區	mu4 er3 xi1 ya4 zi4 zhi4 qu1	no-cc-cedict-entry
穆斯塔加奈姆	穆斯塔加奈姆	mu4 si1 ta3 jia1 nai4 mu3	no-cc-cedict-entry
穆罕默德·欧玛	穆罕默德·歐瑪	Mu4 han3 mo4 de2 · Ou1 ma3	no-cc-cedict-entry
穆里尼奥	穆里尼奧	mu4 li3 ni2 ao4	no-cc-cedict-entry
穗鵖	穗鵖	sui4 bi1	no-cc-cedict-entry
穠	穠	nong2	no-cc-cedict-entry
穨	穨	tui2	no-cc-cedict-entry
穴醚	穴醚	xue2 mi2	no-cc-cedict-entry
穷举	窮舉	qiong2 ju3	no-cc-cedict-entry
穷癌	窮癌	qiong2 ai2	no-cc-cedict-entry
空中铁匠	空中鐵匠	kong1 zhong1 tie3 jiang5	no-cc-cedict-entry
空压机	空壓機	kong1 ya1 ji1	no-cc-cedict-entry
空地导弹	空地導彈	kong4 di4 dao3 dan4	no-cc-cedict-entry
空头市场	空頭市場	kong1 tou2 shi4 chang2	no-cc-cedict-entry
空调机	空調機	kong1 tiao2 ji1	no-cc-cedict-entry
空调系统	空調系統	kong1 tiao2 xi4 tong3	no-cc-cedict-entry
空速	空速	kong1 su4	no-cc-cedict-entry
穿衣服	穿衣服	chuan1 yi1 fu5	no-cc-cedict-entry
穿靴子的猫	穿靴子的貓	chuan1 xue1 zi3 de5 mao1	no-cc-cedict-entry
突出地	突出地	tu2 chu1 de5	no-cc-cedict-entry
突击工兵队	突击工兵队	tu1 ji1 gong1 bing1 dui4	no-cc-cedict-entry
突角鼻鱼	突角鼻魚	tu1 jue2 bi2 yu2	no-cc-cedict-entry
窄频带	窄頻帶	zhai3 pin2 dai4	no-cc-cedict-entry
窈窕老爸	窈窕老爸	yao3 tiao3 lao3 ba4	no-cc-cedict-entry
窓	窓	chuang1	no-cc-cedict-entry
窣	窣	su4	no-cc-cedict-entry
窥测	窺測	kui1 ce4	no-cc-cedict-entry
窵	窵	diao4	no-cc-cedict-entry
立功受奖	立功受獎	li4 gong1 shou4 jiang3	no-cc-cedict-entry
立即释放良心犯	立即釋放良心犯	li4 ji2 shi4 fang4 liang2 xin1 fan4	no-cc-cedict-entry
站定	站定	zhan4 ding4	no-cc-cedict-entry
竞争优势	競爭優勢	jing4 zheng1 you1 shi4	no-cc-cedict-entry
竞争情报	競爭情報	jing4 zheng1 qing2 bao4	no-cc-cedict-entry
竞争能力	競爭能力	jing4 zheng1 neng2 li4	no-cc-cedict-entry
童年末日	童年末日	tong2 nian2 mo4 ri4	no-cc-cedict-entry
竹刀鱼科	竹刀鱼科	zhu2 dao1 yu2 ke1	no-cc-cedict-entry
笑傲江湖	笑傲江湖	xiao4 ao4 jiang1 hu2	no-cc-cedict-entry
笑园漫画大王	笑園漫畫大王	xiao4 yuan2 man4 hua4 da4 wang2	no-cc-cedict-entry
笑着	笑著	xiao4 zhe5	no-cc-cedict-entry
笑话	笑話	xiao4 hua4	no-cc-cedict-entry
笑鴞	笑鴞	xiao4 xiao1	no-cc-cedict-entry
笔划检字表	筆劃檢字表	bi3 hua4 jian3 zi4 biao3	no-cc-cedict-entry
符合条件	符合條件	fu2 he2 tiao2 jian4	no-cc-cedict-entry
第一个	第一個	di4 yi1 ge5	no-cc-cedict-entry
第一人称	第一人稱	di4 yi1 ren2 cheng1	no-cc-cedict-entry
第一代	第一代	di4 yi1 dai4	no-cc-cedict-entry
第一名	第一名	di4 yi1 ming2	no-cc-cedict-entry
第一四分位数	第一四分位數	di4 yi1 si4 fen1 wei4 shu4	no-cc-cedict-entry
第一季	第一季	di4 yi1 ji4	no-cc-cedict-entry
第一层	第一层	di4 yi1 ceng2	no-cc-cedict-entry
第一版	第一版	di4 yi1 ban3	no-cc-cedict-entry
第一章	第一章	di4 yi1 zhang1	no-cc-cedict-entry
第一节	第一節	di4 yi1 jie2	no-cc-cedict-entry
第一部分	第一部分	di4 yi1 bu4 fen1	no-cc-cedict-entry
第一集团	第一集團	di4 yi1 ji2 tuan2	no-cc-cedict-entry
第七	第七	di4 qi1	no-cc-cedict-entry
第七十	第七十	di4 qi1 shi2	no-cc-cedict-entry
第七次	第七次	di4 qi1 ci4	no-cc-cedict-entry
第七章	第七章	di4 qi1 zhang1	no-cc-cedict-entry
第三	第三	di4 san1	no-cc-cedict-entry
第三代	第三代	di4 san1 dai4	no-cc-cedict-entry
第三位	第三位	di4 san1 wei4	no-cc-cedict-entry
第三四分位数	第三四分位數	di4 san1 si4 fen1 wei4 shu4	no-cc-cedict-entry
第三方权利	第三方權利	di4 san1 fang1 quan2 li4	no-cc-cedict-entry
第三次	第三次	di4 san1 ci4	no-cc-cedict-entry
第三章	第三章	di4 san1 zhang1	no-cc-cedict-entry
第三节	第三節	di4 san1 jie2	no-cc-cedict-entry
第九	第九	di4 jiu3	no-cc-cedict-entry
第九十	第九十	di4 jiu3 shi2	no-cc-cedict-entry
第九章	第九章	di4 jiu3 zhang1	no-cc-cedict-entry
第二人生	第二人生	di4 er4 ren2 sheng1	no-cc-cedict-entry
第二代	第二代	di4 er4 dai4	no-cc-cedict-entry
第二位	第二位	di4 er4 wei4	no-cc-cedict-entry
第二季	第二季	di4 er4 ji4	no-cc-cedict-entry
第二章	第二章	di4 er4 zhang1	no-cc-cedict-entry
第二节	第二節	di4 er4 jie2	no-cc-cedict-entry
第五代	第五代	di4 wu3 dai4	no-cc-cedict-entry
第五章	第五章	di4 wu3 zhang1	no-cc-cedict-entry
第五节	第五節	di4 wu3 jie2	no-cc-cedict-entry
第八	第八	di4 ba1	no-cc-cedict-entry
第八章	第八章	di4 ba1 zhang1	no-cc-cedict-entry
第六	第六	di4 liu4	no-cc-cedict-entry
第六十	第六十	di4 liu4 shi2	no-cc-cedict-entry
第六感追缉令	第六感追緝令	di4 liu4 gan3 zhui1 qi1 ling4	no-cc-cedict-entry
第六章	第六章	di4 liu4 zhang1	no-cc-cedict-entry
第凡内早餐	第凡內早餐	di4 fan2 nei4 zao3 can1	no-cc-cedict-entry
第十	第十	di4 shi2	no-cc-cedict-entry
第十一	第十一	di4 shi2 yi1	no-cc-cedict-entry
第十三	第十三	di4 shi2 san1	no-cc-cedict-entry
第十九	第十九	di4 shi2 jiu3	no-cc-cedict-entry
第十二	第十二	di4 shi2 er4	no-cc-cedict-entry
第十二夜	第十二夜	di4 shi2 er4 ye4	no-cc-cedict-entry
第十五	第十五	di4 shi2 wu3	no-cc-cedict-entry
第十六	第十六	di4 shi2 liu4	no-cc-cedict-entry
第十四	第十四	di4 shi2 si4	no-cc-cedict-entry
第十四世达赖喇嘛	第十四世達賴喇嘛	di4 shi2 si4 shi4 da2 lai4 la3 ma5	no-cc-cedict-entry
第四	第四	di4 si4	no-cc-cedict-entry
第四代	第四代	di4 si4 dai4	no-cc-cedict-entry
第四章	第四章	di4 si4 zhang1	no-cc-cedict-entry
第四节	第四節	di4 si4 jie2	no-cc-cedict-entry
第开特县	第開特縣	di4 kai1 te4 xian4	no-cc-cedict-entry
笼中鸟	籠中鳥	long2 zhong1 diao3	no-cc-cedict-entry
笼统地	籠統地	long3 tong3 de5	no-cc-cedict-entry
等了	等了	deng3 liao3	no-cc-cedict-entry
等车	等車	deng3 che1	no-cc-cedict-entry
等轴双曲线	等軸雙曲線	deng3 zhou2 shuang1 qu1 xian4	no-cc-cedict-entry
筑前国	筑前國	zhu2 qian2 guo2	no-cc-cedict-entry
答道	答道	da2 dao4	no-cc-cedict-entry
策略组	策略组	ce4 lu:e4 zu3	no-cc-cedict-entry
筩	筩	tong3	no-cc-cedict-entry
筴	筴	ce4	no-cc-cedict-entry
简体中文	簡體中文	jian3 ti3 zhong1 wen2	no-cc-cedict-entry
简体中文版	簡體中文版	jian3 ti3 zhong1 wen2 ban3	no-cc-cedict-entry
简单将来时	簡單將來時	jian3 dan1 jiang1 lai2 shi2	no-cc-cedict-entry
简单计划	簡單計劃	jian3 dan1 ji4 hua4	no-cc-cedict-entry
简单过去时	簡單過去時	jian3 dan1 guo4 qu4 shi2	no-cc-cedict-entry
简鼻亚目	簡鼻亞目	jian3 bi2 ya4 mu4	no-cc-cedict-entry
箇	箇	ge4	no-cc-cedict-entry
箕舌线	箕舌線	ji1 she2 xian4	no-cc-cedict-entry
算不上	算不上	suan4 bu4 shang4	no-cc-cedict-entry
算作	算作	suan4 zuo4	no-cc-cedict-entry
算帐	算帳	suan4 zhang4	no-cc-cedict-entry
算珠	算珠	suan4 zhu1	no-cc-cedict-entry
箠	箠	chui2	no-cc-cedict-entry
管事	管事	guan3 shi4	no-cc-cedict-entry
管理中心	管理中心	guan3 li3 zhong1 xin1	no-cc-cedict-entry
管理人员	管理人員	guan3 li3 ren2 yuan2	no-cc-cedict-entry
管理体制	管理體制	guan3 li3 ti3 zhi4	no-cc-cedict-entry
管理信息系统	管理信息系統	guan3 li3 xin4 xi1 xi4 tong3	no-cc-cedict-entry
管理制度	管理制度	guan3 li3 zhi4 du4	no-cc-cedict-entry
管理咨询	管理咨詢	guan3 li3 zi1 xun2	no-cc-cedict-entry
管理器	管理器	guan3 li3 qi4	no-cc-cedict-entry
管理处	管理處	guan3 li3 chu4	no-cc-cedict-entry
管理局	管理局	guan3 li3 ju2	no-cc-cedict-entry
管理层	管理層	guan3 li3 ceng2	no-cc-cedict-entry
管理机构	管理機構	guan3 li3 ji1 gou4	no-cc-cedict-entry
管理系统	管理系統	guan3 li3 xi4 tong3	no-cc-cedict-entry
管理经验	管理經驗	guan3 li3 jing1 yan4	no-cc-cedict-entry
管理者	管理者	guan3 li3 zhe3	no-cc-cedict-entry
管理部门	管理部門	guan3 li3 bu4 men2	no-cc-cedict-entry
管理顾问	管理顧問	guan3 li3 gu4 wen4	no-cc-cedict-entry
管辖权	管轄權	guan3 xia2 quan2	no-cc-cedict-entry
管鼻蝠属	管鼻蝠屬	guan3 bi2 fu2 shu3	no-cc-cedict-entry
箩霸	籮霸	luo2 ba4	no-cc-cedict-entry
箭囊	箭囊	jian4 nang1	no-cc-cedict-entry
箱根町	箱根町	xiang1 gen1 ting3	no-cc-cedict-entry
節日	节日	jie2 ri4	no-cc-cedict-entry
範	範	fan4	no-cc-cedict-entry
篘	篘	chou1	no-cc-cedict-entry
篢	篢	gong1	no-cc-cedict-entry
簇花草科	簇花草科	cu4 hua1 cao3 ke1	no-cc-cedict-entry
簑	簑	suo1	no-cc-cedict-entry
簾	簾	lian2	no-cc-cedict-entry
簿记管理员	簿記管理員	bu4 ji4 guan3 li3 yuan2	no-cc-cedict-entry
籅	籅	yu2	no-cc-cedict-entry
籐	籐	teng2	no-cc-cedict-entry
籔	籔	sou3	no-cc-cedict-entry
籙	籙	lu4	no-cc-cedict-entry
籛	籛	jian1	no-cc-cedict-entry
米丘林斯克	米丘林斯剋	mi3 qiu1 lin2 si1 ke4	no-cc-cedict-entry
米兰遗址	米蘭遺址	mi3 lan2 yi2 zhi3	no-cc-cedict-entry
米切尔	米切尔	mi3 qie1 er3	no-cc-cedict-entry
米切尔县	米切爾縣	mi3 qie4 er3 xian4	no-cc-cedict-entry
米勒	米勒	mi3 le4	no-cc-cedict-entry
米卢	米卢	mi3 lu2	no-cc-cedict-entry
米哈伊尔・普罗霍罗夫	米哈伊爾・普羅霍羅夫	Mi3 ha1 yi1 er3 · Pu3 luo2 huo4 luo2 fu1	no-cc-cedict-entry
米尔福德峡湾	米爾福德峽灣	mi3 er3 fu2 de2 xia2 wan1	no-cc-cedict-entry
米尔迪塔区	米爾迪塔區	mi3 er3 di2 ta3 qu1	no-cc-cedict-entry
米德湖	米德湖	mi3 de2 hu2	no-cc-cedict-entry
米格尔・德・塞万提斯・萨维德拉	米格爾・德・塞萬提斯・薩維德拉	Mi3 ge2 er3 · de2 · Sai1 wan4 ti2 si1 · Sa4 wei2 de2 la1	no-cc-cedict-entry
米格尔·德·塞万提斯·萨维德拉	米格爾·德·塞萬提斯·薩維德拉	Mi3 ge2 er3 · de2 · Sai1 wan4 ti2 si1 · Sa4 wei2 de2 la1	no-cc-cedict-entry
米特・罗姆尼	米特・羅姆尼	Mi3 te4 · Luo2 mu3 ni2	no-cc-cedict-entry
米科诺斯岛	米科諾斯島	mi3 ke1 nuo4 si1 dao3	no-cc-cedict-entry
米纳斯吉拉斯	米納斯吉拉斯	mi3 na4 si1 ji2 la1 si1	no-cc-cedict-entry
米罗瑟维奇	米罗瑟维奇	mi3 luo1 se4 wei2 ji1	no-cc-cedict-entry
米芝莲	米芝蓮	mi3 zhi1 lian2	no-cc-cedict-entry
粉孢子	粉孢子	fen3 bao1 zi3	no-cc-cedict-entry
粉彩	粉彩	fen3 cai3	no-cc-cedict-entry
粉色旅游	粉色旅遊	fen3 se4 lu:3 you2	no-cc-cedict-entry
粗人	粗人	cu1 ren2	no-cc-cedict-entry
粗气	粗氣	cu1 qi4	no-cc-cedict-entry
粘合剂	粘合劑	nian2 he2 ji4	no-cc-cedict-entry
粘土	粘土	nian2 tu3	no-cc-cedict-entry
粘度	粘度	nian2 du4	no-cc-cedict-entry
粘着力	粘著力	zhan1 zhuo2 li4	no-cc-cedict-entry
粘膜	粘膜	nian2 mo2	no-cc-cedict-entry
粨	粨	bai3	no-cc-cedict-entry
粨	粨	bai3 mi3	no-cc-cedict-entry
粺	粺	bai4	no-cc-cedict-entry
精武英雄	精武英雄	jing1 wu3 ying1 xiong2	no-cc-cedict-entry
精灵宝钻	精靈寶鑽	jing1 ling2 bao3 zuan4	no-cc-cedict-entry
精灵皇	精靈皇	jing1 ling2 huang2	no-cc-cedict-entry
精灵鼠小弟	精靈鼠小弟	jing1 ling2 shu3 xiao3 di4	no-cc-cedict-entry
精确值	精確值	jing1 que4 zhi2	no-cc-cedict-entry
精神上	精神上	jing1 shen2 shang4	no-cc-cedict-entry
精神力	精神力	jing1 shen2 li4	no-cc-cedict-entry
精神药品	精神藥品	jing1 shen2 yao4 pin3	no-cc-cedict-entry
精神障碍	精神障礙	jing1 shen2 zhang4 ai4	no-cc-cedict-entry
精神鸦片	精神鴉片	jing1 shen2 ya1 pian4	no-cc-cedict-entry
精英队	精英隊	jing1 ying1 dui4	no-cc-cedict-entry
精采	精采	jing1 cai3	no-cc-cedict-entry
糕点师	糕點師	gao1 dian3 shi1	no-cc-cedict-entry
糖份	糖份	tang2 fen4	no-cc-cedict-entry
糖尿病患者	糖尿病患者	tang2 sui1 bing4 huan4 zhe3	no-cc-cedict-entry
糲	糲	li4	no-cc-cedict-entry
系列产品	系列產品	xi4 lie4 chan3 pin3	no-cc-cedict-entry
系囚	繫囚	ji4 qiu2	no-cc-cedict-entry
系小	係小	xi4 xiao3	no-cc-cedict-entry
系理	系理	xi4 li3	no-cc-cedict-entry
系统分析	系統分析	xi4 tong3 fen1 xi1	no-cc-cedict-entry
系统化	系統化	xi4 tong3 hua4	no-cc-cedict-entry
系统单晶片	系統單晶片	xi4 tong3 dan1 jing1 pian4	no-cc-cedict-entry
系统工程	系統工程	ji4 tong3 gong1 cheng2	no-cc-cedict-entry
系统管理员	系統管理員	xi4 tong3 guan3 li3 yuan2	no-cc-cedict-entry
系领带	繫領帶	ji4 ling3 dai4	no-cc-cedict-entry
紊	紊	wen4	no-cc-cedict-entry
紘	紘	hong2	no-cc-cedict-entry
紞	紞	dan3	no-cc-cedict-entry
素可泰府	素可泰府	su4 ke3 tai4 fu3	no-cc-cedict-entry
素叻他尼	素叻他尼	su4 le4 ta1 ni2	no-cc-cedict-entry
素叻府	素叻府	su4 le4 fu3	no-cc-cedict-entry
素多项式	素多項式	su4 duo1 xiang4 shi4	no-cc-cedict-entry
素攀武里府	素攀武里府	su4 pan1 wu3 li3 fu3	no-cc-cedict-entry
素理想	素理想	su4 li3 xiang3	no-cc-cedict-entry
素盏呜尊	素盞嗚尊	su4 zhan3 wu1 zun1	no-cc-cedict-entry
索丹屈莱	索丹屈萊	suo3 dan1 qu1 lai2	no-cc-cedict-entry
索伯列夫空间	索伯列夫空間	suo3 bo2 lie4 fu1 kong1 jian1	no-cc-cedict-entry
索先斯基	索先斯基	suo3 xian1 si1 ji1	no-cc-cedict-entry
索具套环	索具套环	suo3 ju4 tao4 huan2	no-cc-cedict-entry
索多玛与蛾摩拉	索多瑪與蛾摩拉	suo3 duo1 ma3 yu3 e2 mo2 la1	no-cc-cedict-entry
索尼爱立信	索尼愛立信	suo3 ni2 ai4 li4 xin4	no-cc-cedict-entry
索布	索布	suo3 bu4	no-cc-cedict-entry
索恩河畔沙隆	索恩河畔沙隆	Suo3 en1 he2 pan4 sha1 long2	no-cc-cedict-entry
索拉什特拉	索拉甚特拉	suo3 la1 shen2 te4 la1	no-cc-cedict-entry
索洛	索洛	suo3 luo4	no-cc-cedict-entry
索洛图恩	索洛圖恩	suo3 luo4 tu2 en1	no-cc-cedict-entry
索罗亚斯特罗	索罗亚斯特罗	suo3 luo1 ya4 si1 te2 luo1	no-cc-cedict-entry
索诺兰沙漠	索諾蘭沙漠	suo3 nuo4 lan2 sha1 mo4	no-cc-cedict-entry
索马里民族同盟	索马里民族同盟	suo3 ma3 li3 min2 zu2 tong4 meng2	no-cc-cedict-entry
紧急情况	緊急情況	jin3 ji2 qing2 kuang4	no-cc-cedict-entry
紧致	緊致	jin3 zhi4	no-cc-cedict-entry
紧迫感	重要性	jin3 po4 gan3	no-cc-cedict-entry
紧那罗	緊那羅	jin3 na4 luo2	no-cc-cedict-entry
紫微斗数	紫微斗數	zi3 wei1 dou4 shu4	no-cc-cedict-entry
紫茉莉	紫茉莉	zi3 mo4 li5	no-cc-cedict-entry
紫蝴蝶	紫蝴蝶	zi3 hu2 die2	no-cc-cedict-entry
紬	紬	chou2	no-cc-cedict-entry
累了	累了	lei4 le5	no-cc-cedict-entry
累死	累死	lei4 si3	no-cc-cedict-entry
累牍连篇	累牘連篇	lei3 du2 lian2 pian1	no-cc-cedict-entry
累累	累累	lei4 lei4	no-cc-cedict-entry
累西腓	纍西腓	lei4 xi1 fei2	no-cc-cedict-entry
累赘	纍贅	lei2 zhui4	no-cc-cedict-entry
紵	紵	zhu4	no-cc-cedict-entry
紿	紿	dai4	no-cc-cedict-entry
絅	絅	jiong3	no-cc-cedict-entry
絏	絏	xie4	no-cc-cedict-entry
絪	絪	yin1	no-cc-cedict-entry
絰	絰	die2	no-cc-cedict-entry
絺	絺	chi1	no-cc-cedict-entry
綯	綯	tao2	no-cc-cedict-entry
緑	緑	lu:4	no-cc-cedict-entry
緜	緜	mian2	no-cc-cedict-entry
編列	編列	bian1 lie4	no-cc-cedict-entry
縕	縕	yun4	no-cc-cedict-entry
縕	縕	yun1	no-cc-cedict-entry
縗	縗	cui1	no-cc-cedict-entry
縡	縡	zai3	no-cc-cedict-entry
縳	縳	zhuan4	no-cc-cedict-entry
繁体中文	繁體中文	fan2 ti3 zhong1 wen2	no-cc-cedict-entry
繖	繖	san3	no-cc-cedict-entry
纆	纆	mo4	no-cc-cedict-entry
纇	纇	lei4	no-cc-cedict-entry
红与黑	紅與黑	hong2 yu3 hei1	no-cc-cedict-entry
红兔子	紅兔子	hong2 tu4 zi5	no-cc-cedict-entry
红十字会	紅十字會	hong2 shi2 zi4 hui3	no-cc-cedict-entry
红字	紅字	hong2 zi4	no-cc-cedict-entry
红木城	紅木城	hong2 mu4 cheng2	no-cc-cedict-entry
红树科	紅樹科	hong2 shu4 ke1	no-cc-cedict-entry
红猪	紅豬	hong2 zhu1	no-cc-cedict-entry
红瓜	紅瓜	hong2 gua1	no-cc-cedict-entry
红白机	紅白機	hong2 bai2 ji1	no-cc-cedict-entry
红翅䴗鹛	紅翅鶪鶥	hong2 chi4 ju2 mei2	no-cc-cedict-entry
红色清真寺	紅色清真寺	hong2 se4 qing1 zhen1 si4	no-cc-cedict-entry
红色警戒	紅色警戒	hong2 se4 jing3 jie4	no-cc-cedict-entry
红茶婊	紅茶婊	hong2 cha2 biao3	no-cc-cedict-entry
红衫泪痕	紅衫淚痕	hong2 shan1 lei4 hen2	no-cc-cedict-entry
红鳍东方鲀	紅鰭東方魨	hong2 qi2 dong1 fang1 tun2	no-cc-cedict-entry
约好	約好	yue1 hao3	no-cc-cedict-entry
约式	約式	yue1 shi4	no-cc-cedict-entry
约翰・霍金斯大学	約翰・霍金斯大學	Yue1 han4 · Huo4 jin1 si1 Da4 xue2	no-cc-cedict-entry
约翰内斯堡国际机场	約翰內斯堡國際機場	yue1 han4 nei4 si1 bao3 guo2 ji4 ji1 chang3	no-cc-cedict-entry
约翰霍普金斯大学	約翰霍普金斯大學	yue1 han4 huo4 pu3 jin1 si1 da4 xue2	no-cc-cedict-entry
纪事	紀事	ji4 shi4	no-cc-cedict-entry
纪伊国	紀伊國	ji4 yi1 guo2	no-cc-cedict-entry
纪伊山地的圣地与参拜道	紀伊山地的聖地與參拜道	ji4 yi1 shan1 di4 de5 sheng4 di4 yu3 can1 bai4 dao4	no-cc-cedict-entry
纪念活动	紀念活動	ji4 nian4 huo2 dong4	no-cc-cedict-entry
纯小数	純小數	chun2 xiao3 shu4	no-cc-cedict-entry
纯情房东俏房客	純情房東俏房客	chun2 qing2 fang2 dong1 qiao4 fang2 ke4	no-cc-cedict-entry
纯收入	純收入	chun2 shou1 ru4	no-cc-cedict-entry
纯种的	純種的	chun2 zhong3 de5	no-cc-cedict-entry
纯粹理性批判	純粹理性批判	chun2 cui4 li3 xing4 pi1 pan4	no-cc-cedict-entry
纱那村	紗那村	sha1 na4 cun1	no-cc-cedict-entry
纳什维尔掠夺者队	納什維爾掠奪者隊	na4 shi2 wei2 er3 lu:e4 duo2 zhe3 dui4	no-cc-cedict-entry
纳克索斯岛	納剋索斯島	na4 ke4 suo3 si1 dao3	no-cc-cedict-entry
纳加帕蒂南	納加帕蒂南	na4 jia1 pa4 di4 nan2	no-cc-cedict-entry
纳尔瓦	納爾瓦	na4 er3 wa3	no-cc-cedict-entry
纳尔维克	納爾維克	na4 er3 wei2 ke4	no-cc-cedict-entry
纳布卢斯	納布盧斯	na4 bu4 lu2 si1	no-cc-cedict-entry
纳斯卡巨画	納斯卡巨畫	na4 si1 ka3 ju4 hua4	no-cc-cedict-entry
纳斯塔斯	納斯塔斯	na4 si1 ta3 si1	no-cc-cedict-entry
纳普雷	納普雷	na4 pu3 lei2	no-cc-cedict-entry
纳沃伊	納沃伊	na4 wo4 yi1	no-cc-cedict-entry
纳米比沙漠	納米比沙漠	na4 mi3 bi3 sha1 mo4	no-cc-cedict-entry
纳粹德国同性恋史及大屠杀	納粹德國同性戀史及大屠殺	na4 cui4 de2 guo2 tong2 xing4 lian4 shi3 ji2 da4 tu2 sha1	no-cc-cedict-entry
纳索族	納索族	na4 suo3 zu2	no-cc-cedict-entry
纳闷儿	納悶兒	na4 men4 r	no-cc-cedict-entry
纵横二千	縱橫二千	zong4 heng2 er4 qian1	no-cc-cedict-entry
纵欲杀手	縱慾殺手	zong4 yu4 sha1 shou3	no-cc-cedict-entry
纸屑	紙屑	zhi3 xie4	no-cc-cedict-entry
纽刻	紐刻	niu3 ke4	no-cc-cedict-entry
纽博格林赛道	紐博格林賽道	niu3 bo2 ge2 lin2 sai4 dao4	no-cc-cedict-entry
纽埃国歌	紐埃國歌	niu3 ai1 guo2 ge1	no-cc-cedict-entry
纽曼	紐曼	niu3 man4	no-cc-cedict-entry
纽约州立大学水牛城分校	紐約州立大學水牛城分校	niu3 yue1 zhou1 li4 da4 xue2 shui3 niu2 cheng2 fen1 xiao4	no-cc-cedict-entry
纽转点	紐轉點	niu3 zhuan4 dian3	no-cc-cedict-entry
线形虫动物门	線形蟲動物門	xian4 xing2 chong2 dong4 wu4 men2	no-cc-cedict-entry
线性变换	線性變換	xian4 xing4 bian4 huan4	no-cc-cedict-entry
线描	線描	xian4 miao2	no-cc-cedict-entry
线积分	線積分	xian4 ji1 fen1	no-cc-cedict-entry
线虫动物门	線蟲動物門	xian4 chong2 dong4 wu4 men2	no-cc-cedict-entry
线路板	線路板	xian4 lu4 ban3	no-cc-cedict-entry
练武	練武	lian4 wu3	no-cc-cedict-entry
练马区	練馬區	lian4 ma3 qu1	no-cc-cedict-entry
组化	組化	zu3 hua4	no-cc-cedict-entry
组织结构	組織結構	zu3 zhi1 jie2 gou4	no-cc-cedict-entry
细巧	細巧	xi4 qiao3	no-cc-cedict-entry
细腰亚目	細腰亞目	xi4 yao1 ya4 mu4	no-cc-cedict-entry
细腻雅致	細膩雅緻	xi4 ni4 ya3 zhi5	no-cc-cedict-entry
细菌界	細菌界	xi1 jun1 jie4	no-cc-cedict-entry
织女一	織女一	zhi1 nu:3 yi1	no-cc-cedict-entry
织锦芋螺	織錦芋螺	zhi1 jin3 yu4 luo2	no-cc-cedict-entry
终极动员令系列	終極動員令系列	zhong1 ji2 dong4 yuan2 ling4 xi4 lie4	no-cc-cedict-entry
终极警探	終極警探	zhong1 ji2 jing3 tan4	no-cc-cedict-entry
终端能源	終端能源	zhong1 duan1 neng2 yuan2	no-cc-cedict-entry
终结者	終結者	Zhong1 jie2 zhe3	no-cc-cedict-entry
绍丰泰恩	紹豐泰恩	shao4 feng1 tai4 en1	no-cc-cedict-entry
绍莱	紹萊	Shao4 lai2	no-cc-cedict-entry
经历风雨	經歷風雨	jing1 li4 feng1 yu3	no-cc-cedict-entry
经合	經合	Jing1 He2	no-cc-cedict-entry
经天纬地	經天緯地	jing1 tian1 wei3 di4	no-cc-cedict-entry
经得起风浪	經得起風浪	jing1 de2 qi3 feng1 lang4	no-cc-cedict-entry
经济一体化	經濟一體化	jing1 ji4 yi1 ti3 hua4	no-cc-cedict-entry
经济产业省	經濟產業省	jing1 ji4 chan3 ye4 sheng3	no-cc-cedict-entry
经济全球化	經濟全球化	jing1 ji4 quan2 qiu2 hua4	no-cc-cedict-entry
经济利益	經濟利益	jing1 ji4 li4 yi4	no-cc-cedict-entry
经济合作	經濟合作	jing1 ji4 he2 zuo4	no-cc-cedict-entry
经济合作发展组织	經濟合作發展組織	jing1 ji4 he2 zuo4 fa1 zhan3 zu3 zhi1	no-cc-cedict-entry
经济学院	經濟學院	jing1 ji4 xue2 yuan4	no-cc-cedict-entry
经济实力	經濟實力	jing1 ji4 shi2 li4	no-cc-cedict-entry
经济师	經濟師	jing1 ji4 shi1	no-cc-cedict-entry
经济建设	經濟建設	jing1 ji4 jian4 she4	no-cc-cedict-entry
经济形势	經濟形勢	jing1 ji4 xing2 shi4	no-cc-cedict-entry
经济损失	經濟損失	jing1 ji4 sun3 shi1	no-cc-cedict-entry
经济效益	經濟效益	jing1 ji4 xiao4 yi4	no-cc-cedict-entry
经济法	經濟法	jing1 ji4 fa3	no-cc-cedict-entry
经济社会发展	經濟社會發展	jing1 ji4 she4 hui4 fa1 zhan3	no-cc-cedict-entry
经济管理	經濟管理	jing1 ji4 guan3 li3	no-cc-cedict-entry
经济结构	經濟結構	jing1 ji4 jie2 gou4	no-cc-cedict-entry
经济运行	經濟運行	jing1 ji4 yun4 xing2	no-cc-cedict-entry
经理人	經理人	jing1 li3 ren2	no-cc-cedict-entry
经营权	經營權	jing1 ying2 quan2	no-cc-cedict-entry
经营模式	經營模式	jing1 ying2 mo2 shi4	no-cc-cedict-entry
经营活动	經營活動	jing1 ying2 huo2 dong4	no-cc-cedict-entry
经营理念	經營理念	jing1 ying2 li3 nian4	no-cc-cedict-entry
经营管理	經營管理	jing1 ying2 guan3 li3	no-cc-cedict-entry
经营范围	經營範圍	jing1 ying2 fan4 wei2	no-cc-cedict-entry
经验值	經驗值	jing1 yan4 zhi2	no-cc-cedict-entry
结为	結為	jie2 wei2	no-cc-cedict-entry
结型场效应管	結型場效應管	jie2 xing2 chang3 xiao4 ying4 guan3	no-cc-cedict-entry
结实的	結實的	jie1 shi5 de5	no-cc-cedict-entry
结式	結式	jie1 shi4	no-cc-cedict-entry
结构调整	結構調整	jie2 gou4 tiao2 zheng3	no-cc-cedict-entry
结果补语	結果補語	jie2 guo3 bu3 yu3	no-cc-cedict-entry
给出	給出	gei3 chu1	no-cc-cedict-entry
给我	給我	gei3 wo3	no-cc-cedict-entry
绝后空前	絕後空前	jue2 hou4 kong1 qian2	no-cc-cedict-entry
绝地求生	絕地求生	Jue2 di4 qiu2 sheng1	no-cc-cedict-entry
绝望的主妇	絕望的主婦	jue2 wang4 de5 zhu3 fu4	no-cc-cedict-entry
统一建模语言	統一建模語言	tong3 yi1 jian4 mo2 yu3 yan2	no-cc-cedict-entry
统一服务条件	统一服务条件	tong3 yi1 fu4 wu4 tiao2 jian4	no-cc-cedict-entry
统一牌照制度	統一牌照制度	tong3 yi1 pai2 zhao4 zhi4 duo2	no-cc-cedict-entry
统计局	統計局	tong3 ji4 ju2	no-cc-cedict-entry
统计规律	統計規律	tong3 ji4 gui1 lu:4	no-cc-cedict-entry
绦虫病	絛蟲病	tao1 chong2 bing4	no-cc-cedict-entry
继体天皇	繼體天皇	ji4 ti3 tian1 huang2	no-cc-cedict-entry
绫濑市	綾瀨市	ling2 lai4 shi4	no-cc-cedict-entry
绮蛳螺	綺螄螺	qi3 si1 luo2	no-cc-cedict-entry
绯袖凤凰螺	緋袖鳳凰螺	fei1 xiu4 feng4 huang2 luo2	no-cc-cedict-entry
维丽蒂娅娜	维丽蒂娅娜	wei2 li2 di4 ya4 nuo2	no-cc-cedict-entry
维也纳爱乐管弦乐团	維也納愛樂管弦樂團	wei2 ye3 na4 ai4 le4 guan3 xian2 le4 tuan2	no-cc-cedict-entry
维也纳面包	維也納麵包	wei5 ye3 na4 mian4 bao1	no-cc-cedict-entry
维亚康姆	維亞康姆	wei2 ya4 kang1 mu3	no-cc-cedict-entry
维修用品	维修用品	wei2 xiu1 yong4 pin3	no-cc-cedict-entry
维克	维克	wei2 ke4	no-cc-cedict-entry
维基傻瓜	維基傻瓜	wei2 ji1 sha3 gua1	no-cc-cedict-entry
维多利亚十字勋章	維多利亞十字勛章	wei2 duo1 li4 ya4 shi2 zi4 xun1 zhang1	no-cc-cedict-entry
维尔特二号	維爾特二號	wei2 er3 te4 er4 hao4	no-cc-cedict-entry
维尔通	維爾通	wei2 er3 tong4	no-cc-cedict-entry
维提岛	維提島	wei2 ti2 dao3	no-cc-cedict-entry
维旺迪	維旺迪	wei2 wang4 di2	no-cc-cedict-entry
维杰瓦诺	維傑瓦諾	wei2 jie2 wa3 nuo4	no-cc-cedict-entry
维氏冕狐猴	維氏冕狐猴	wei2 shi4 mian3 hu2 hou2	no-cc-cedict-entry
维沙卡帕特南	維沙卡帕特南	wei2 sha1 ka3 pa4 te4 nan2	no-cc-cedict-entry
维纳恩湖	維納恩湖	wei2 na4 en1 hu2	no-cc-cedict-entry
维罗纳的圣伯铎	維羅納的聖伯鐸	wei2 luo2 na4 de5 sheng4 bo2 duo2	no-cc-cedict-entry
绵毛负鼠属	綿毛負鼠屬	mian2 mao2 fu4 shu3 shu3	no-cc-cedict-entry
综合利用	綜合利用	zong1 he2 li4 yong4	no-cc-cedict-entry
综合治理	綜合治理	zong4 he2 zhi4 li3	no-cc-cedict-entry
绿色海角	绿色海角	lu4 se4 hai3 jiao5	no-cc-cedict-entry
绿茶婊	綠茶婊	lu:3 ​cha2 biao3	no-cc-cedict-entry
绿荫	綠蔭	lu:4 yin4	no-cc-cedict-entry
缅军	缅军	mian3 jun1	no-cc-cedict-entry
缅尼托巴	緬尼託巴	mian3 ni2 tuo1 ba1	no-cc-cedict-entry
缅栀花	緬梔花	mian3 zhi1 hua1	no-cc-cedict-entry
缅济热茨	緬濟熱茨	mian3 ji4 re4 ci2	no-cc-cedict-entry
缅甸鼬獾	緬甸鼬獾	mian3 dian4 you4 huan1	no-cc-cedict-entry
缓冲区	緩衝區	huan3 chong1 qu1	no-cc-cedict-entry
缓步动物门	緩步動物門	huan3 bu4 dong4 wu4 men2	no-cc-cedict-entry
编程语言	編程語言	bian1 cheng2 yu3 yan2	no-cc-cedict-entry
编读往来	編讀往來	bian1 du2 wang3 lai2	no-cc-cedict-entry
缘份	緣份	yuan2 fen4	no-cc-cedict-entry
缥缈	縹緲	piao3 miao3	no-cc-cedict-entry
缩刺仙人掌	縮刺仙人掌	suo1 ci4 xian1 ren2 zhang3	no-cc-cedict-entry
缩回	縮回	suo1 hui2	no-cc-cedict-entry
缩头缩脑	縮頭縮腦	suo1 tou2 suo1 nao3	no-cc-cedict-entry
缪斯	繆斯	Mu4 si1	no-cc-cedict-entry
缭边儿	繚邊兒	liao2 bian1 r	no-cc-cedict-entry
缺乏自信	缺乏自信	que1 fa2 zi4 xin4	no-cc-cedict-entry
缺课	缺席	que1 ke4	no-cc-cedict-entry
缾	缾	ping2	no-cc-cedict-entry
网上商城	网上商城	wang3 shang4 shang1 cheng2	no-cc-cedict-entry
网上商店	网上商店	wang3 shang4 shang1 dian4	no-cc-cedict-entry
网上购物	網上購物	wang3 shang4 gou4 wu4	no-cc-cedict-entry
网上邻居	網上鄰居	wang3 shang4 lin2 ju1	no-cc-cedict-entry
网上银行	網上銀行	wang3 shang4 yin2 hang2	no-cc-cedict-entry
网摘	網摘	wang3 zhai1	no-cc-cedict-entry
网球王子	網球王子	wang3 qiu2 wang2 zi3	no-cc-cedict-entry
网线	網線	wang3 xian4	no-cc-cedict-entry
网络创世纪	網絡創世紀	wang3 luo4 chuang4 shi4 ji4	no-cc-cedict-entry
网络化	網絡化	wang3 luo4 hua4	no-cc-cedict-entry
网络媒体	網絡媒體	wang3 luo4 mei2 ti3	no-cc-cedict-entry
网络服务	網絡服務	wang3 luo4 fu2 wu4	no-cc-cedict-entry
网络杂志	網絡雜志	wang3 luo4 za2 zhi1	no-cc-cedict-entry
网络游戏	網絡遊戲	wang3 luo4 you2 xi4	no-cc-cedict-entry
网络游戏免费模式	網絡遊戲免費模式	wang3 luo4 you2 xi4 mian3 fei4 mo2 shi4	no-cc-cedict-entry
网络电视	網絡電視	wang3 luo4 dian4 shi4	no-cc-cedict-entry
网络电话	網絡電話	wang3 luo4 dian4 hua4	no-cc-cedict-entry
网络营销	網絡營銷	wang3 luo4 ying2 xiao1	no-cc-cedict-entry
网络视频女郎	網絡視頻女郎	wang3 luo4 shi4 pin2 nu:3 lang2	no-cc-cedict-entry
网络购物	網絡購物	wang3 luo4 gou4 wu4	no-cc-cedict-entry
网络跟踪狂	網絡跟踪狂	wang3 luo4 gen1 zong1 kuang2	no-cc-cedict-entry
网络通信	網絡通信	wang3 luo4 tong1 xin4	no-cc-cedict-entry
网络邮件服务	網絡郵件服務	wang3 luo4 you2 jian4 fu2 wu4	no-cc-cedict-entry
网络防御	網絡防禦	wang3 luo4 fang2 yu4	no-cc-cedict-entry
网评	網評	wang3 ping2	no-cc-cedict-entry
罖	罖	xx5	invalid-reading
罖	罖	xx5	invalid-reading
罗	羅	luo1	no-cc-cedict-entry
罗嗦	羅嗦	luo1 suo5	no-cc-cedict-entry
罗尼	罗尼	luo1 ni2	no-cc-cedict-entry
罗州市	羅州市	luo2 zhou1 shi4	no-cc-cedict-entry
罗布森	罗布森	luo1 bu4 sen1	no-cc-cedict-entry
罗德西亚	羅德西亞	luo2 de2 xi1 ya4	no-cc-cedict-entry
罗技	羅技	luo2 ji4	no-cc-cedict-entry
罗技电子	羅技電子	luo2 ji4 dian4 zi3	no-cc-cedict-entry
罗汉松	羅漢松	luo2 han4 song1	no-cc-cedict-entry
罗莉	蘿莉	luo2 li4	no-cc-cedict-entry
罗马假期	羅馬假期	luo2 ma3 jia4 qi1	no-cc-cedict-entry
罗马尼亚社会主义共和国	羅馬尼亞社會主義共和國	luo2 ma3 ni2 ya4 she4 hui4 zhu3 yi4 gong4 he2 guo2	no-cc-cedict-entry
罗马尼亚足球甲级联赛	羅馬尼亞足球甲級聯賽	luo2 ma3 ni2 ya4 zu2 qiu2 jia3 ji2 lian2 sai4	no-cc-cedict-entry
置标语言	置標語言	zhi4 biao1 yu3 yan2	no-cc-cedict-entry
羊属	羊屬	yang2 shu3	no-cc-cedict-entry
羊粪	羊糞	yang2 fen4	no-cc-cedict-entry
羊绒	羊絨	yang2 rong2	no-cc-cedict-entry
羊蹄甲属	羊蹄甲屬	yang2 ti2 jia3 shu3	no-cc-cedict-entry
美丽心灵	美麗心靈	mei3 li4 xin1 ling2	no-cc-cedict-entry
美国众议院议长	美國眾議院議長	mei3 guo2 zhong4 yi4 yuan4 yi4 zhang3	no-cc-cedict-entry
美国公民自由联盟	美國公民自由聯盟	mei3 guo2 gong1 min2 zi4 you2 lian2 meng2	no-cc-cedict-entry
美国动视	美國動視	mei3 guo2 dong4 shi4	no-cc-cedict-entry
美国国会图书馆图书分类法	美國國會圖書館圖書分類法	mei3 guo2 guo2 hui4 tu2 shu1 guan3 tu2 shu1 fen1 lei4 fa3	no-cc-cedict-entry
美国国家安全局	美國國家安全局	mei3 guo2 guo2 jia1 an1 quan2 ju2	no-cc-cedict-entry
美国国家标准协会	美國國家標準協會	mei3 guo2 guo2 jia1 biao1 zhun3 xie2 hui4	no-cc-cedict-entry
美国国家海洋和大气管理局	美國國家海洋和大氣管理局	mei3 guo2 guo2 jia1 hai3 yang2 he2 da4 qi4 guan3 li3 ju2	no-cc-cedict-entry
美国国家生物技术信息中心	美國國家生物技術信息中心	mei3 guo2 guo2 jia1 sheng1 wu4 ji4 shu4 xin4 xi1 zhong1 xin1	no-cc-cedict-entry
美国国家科学奖章	美國國家科學獎章	mei3 guo2 guo2 jia1 ke1 xue2 jiang3 zhang1	no-cc-cedict-entry
美国国家科学院院刊	美國國家科學院院刊	mei3 guo2 guo2 jia1 ke1 xue2 yuan4 yuan4 kan1	no-cc-cedict-entry
美国国家篮球发展联盟	美國國家籃球發展聯盟	mei3 guo2 guo2 jia1 lan2 qiu2 fa1 zhan3 lian2 meng2	no-cc-cedict-entry
美国国家铁路公司	美國國家鐵路公司	mei3 guo2 guo2 jia1 tie3 lu4 gong1 si1	no-cc-cedict-entry
美国国防部	美國國防部	mei3 guo2 guo2 fang2 bu4	no-cc-cedict-entry
美国尼米兹级核动力航空母舰	美國尼米茲級核動力航空母艦	mei3 guo2 ni2 mi3 zi1 ji2 he2 dong4 li4 hang2 kong1 mu3 jian4	no-cc-cedict-entry
美国往事	美國往事	mei3 guo2 wang3 shi4	no-cc-cedict-entry
美国总统	美國總統	mei3 guo2 zong3 tong3	no-cc-cedict-entry
美国总统经济顾问委员会	美國總統經濟顧問委員會	mei3 guo2 zong3 tong3 jing1 ji4 gu4 wen4 wei3 yuan2 hui4	no-cc-cedict-entry
美国政府	美國政府	mei3 guo2 zheng4 fu3	no-cc-cedict-entry
美国本土外小岛屿	美國本土外小島嶼	mei3 guo2 ben3 tu3 wai4 xiao3 dao3 yu3	no-cc-cedict-entry
美国海军	美國海軍	mei3 guo2 hai3 jun1	no-cc-cedict-entry
美国海军天文台	美國海軍天文台	mei3 guo2 hai3 jun1 tian1 wen2 tai2	no-cc-cedict-entry
美国海军海洋哺乳动物专案计划	美國海軍海洋哺乳動物專案計劃	mei3 guo2 hai3 jun1 hai3 yang2 bu3 ru3 dong4 wu4 zhuan1 an4 ji4 hua4	no-cc-cedict-entry
美国牛蛙	美國牛蛙	mei3 guo2 niu2 wa1	no-cc-cedict-entry
美国科学促进会	美國科學促進會	mei3 guo2 ke1 xue2 cu4 jin4 hui4	no-cc-cedict-entry
美国经济	美國經濟	mei3 guo2 jing1 ji4	no-cc-cedict-entry
美国聯合通訊社	美國聯合通訊社	Mei3 guo2 Lian2 he2 Tong1 xun4 she4	no-cc-cedict-entry
美国贸易代表处	美國貿易代表處	mei3 guo2 mao4 yi4 dai4 biao3 chu4	no-cc-cedict-entry
美国通用电气公司	美國通用電氣公司	mei3 guo2 tong1 yong4 dian4 qi4 gong1 si1	no-cc-cedict-entry
美国铝业公司	美國鋁業公司	mei3 guo2 lu:3 ye4 gong1 si1	no-cc-cedict-entry
美国食品药品监督管理局	美國食品藥品監督管理局	mei3 guo2 shi2 pin3 yao4 pin3 jian1 du1 guan3 li3 ju2	no-cc-cedict-entry
美国51区	美國51區	Mei3 guo2 Wu3 shi2 yi1 Qu1	no-cc-cedict-entry
美图	美圖	mei3 tu2	no-cc-cedict-entry
美容美发	美容美髮	mei3 rong2 mei3 fa3	no-cc-cedict-entry
美少女	美少女	mei3 shao4 nu:3	no-cc-cedict-entry
美少年	美少年	mei3 shao4 nian2	no-cc-cedict-entry
美文	美文	mei3 wen2	no-cc-cedict-entry
美方	美方	mei3 fang1	no-cc-cedict-entry
美术家	美術家	mei3 shu4 jia1	no-cc-cedict-entry
美林	美林	mei3 lin2	no-cc-cedict-entry
美梦	美夢	mei3 meng4	no-cc-cedict-entry
美波町	美波町	mei3 bo1 ting3	no-cc-cedict-entry
美泰儿	美泰兒	mei3 tai4 er2	no-cc-cedict-entry
美洲狮女人	美洲獅女人	mei3 zhou1 shi1 nu:3 ren2	no-cc-cedict-entry
美洲獭属	美洲獺屬	mei3 zhou1 ta4 shu3	no-cc-cedict-entry
美男子	美男子	mei3 nan2 zi3	no-cc-cedict-entry
美索不达米亚人	美索不達米亞人	mei3 suo3 bu4 da2 mi3 ya4 ren2	no-cc-cedict-entry
美美	美美	mei3 mei3	no-cc-cedict-entry
美耐皿	美耐皿	mai3 nai4 min3	no-cc-cedict-entry
美能达	美能達	mei3 neng3 da2	no-cc-cedict-entry
美萩市	美萩市	mei3 qiu1 shi4	no-cc-cedict-entry
美里	美裏	mei3 li3	no-cc-cedict-entry
美铁	美鐵	mei3 tie3	no-cc-cedict-entry
美鳐	美鰩	mei3 yao2	no-cc-cedict-entry
羣	羣	qun2	no-cc-cedict-entry
群魔	群魔	qun2 mo2	no-cc-cedict-entry
羰基	羰基	tang1 ji1	no-cc-cedict-entry
羰基硫	羰基硫	tang1 ji1 liu2	no-cc-cedict-entry
羶	羶	shan1	no-cc-cedict-entry
羽村市	羽村市	yu3 cun1 shi4	no-cc-cedict-entry
羽毛球运动员	羽毛球運動員	yu3 mao2 qiu2 yun4 dong4 yuan2	no-cc-cedict-entry
羽蛇神	羽蛇神	yu3 she2 shen2	no-cc-cedict-entry
翁厄市	翁厄市	weng1 e4 shi4	no-cc-cedict-entry
翁多州	翁多州	weng1 duo1 zhou1	no-cc-cedict-entry
翕	翕	xi4	no-cc-cedict-entry
翠玉	翠玉	cui4 yu4	no-cc-cedict-entry
翠鸟科	翠鳥科	cui4 niao3 ke1	no-cc-cedict-entry
翰墨	翰墨	han4 mo4	no-cc-cedict-entry
翻译公司	翻譯公司	fan1 yi4 gong1 si1	no-cc-cedict-entry
翼手目	翼手目	yi4 shou3 mu4	no-cc-cedict-entry
翼神世音	翼神世音	yi4 shen2 shi4 yin1	no-cc-cedict-entry
翽	翽	hui4	no-cc-cedict-entry
耀德郡	耀德郡	yao4 de2 jun4	no-cc-cedict-entry
老了	老了	lao3 le5	no-cc-cedict-entry
老人与海	老人與海	lao3 ren2 yu3 hai3	no-cc-cedict-entry
老人的	老人的	lao3 ren2 de5	no-cc-cedict-entry
老前辈	老前輩	lao3 qian2 bei4	no-cc-cedict-entry
老土	老土	lao2 tu5	no-cc-cedict-entry
老头儿	老頭兒	lao3 tou2 r	no-cc-cedict-entry
老妖婆	老妖婆	lao3 yao1 po2	no-cc-cedict-entry
老家伙	老家伙	lao3 jia1 huo3	no-cc-cedict-entry
老师们	老師們	lao3 shi1 men5	no-cc-cedict-entry
老帽儿	老帽兒	lao3 mao4 r	no-cc-cedict-entry
老年学	老年學	lao3 nian2 xue2	no-cc-cedict-entry
老挝人民民主共和国	老撾人民民主共和國	lao3 zhua1 ren2 min2 min2 zhu3 gong4 he2 guo2	no-cc-cedict-entry
老杀才	老殺才	lao3 sha1 cai2	no-cc-cedict-entry
老鹰乐队	老鷹樂隊	lao3 ying1 yue4 dui4	no-cc-cedict-entry
考卡山谷省	考卡山谷省	kao3 qia3 shan1 gu3 sheng3	no-cc-cedict-entry
考哈约基	考哈約基	kao3 ha1 yue1 ji1	no-cc-cedict-entry
考察旅行	考察旅行	kao3 cha2 lu:3 xing2	no-cc-cedict-entry
考拉兹猜想	考拉茲猜想	kao3 la1 zi1 cai1 xiang3	no-cc-cedict-entry
考纳斯机场	考納斯機場	kao3 na4 si1 ji1 chang3	no-cc-cedict-entry
考维塔县	考維塔縣	kao3 wei2 ta3 xian4	no-cc-cedict-entry
考艾岛	考艾島	kao3 yi4 dao3	no-cc-cedict-entry
考虑到	考慮到	kao3 lu:4 dao4	no-cc-cedict-entry
考试成绩	考試成績	kao3 shi4 cheng2 ji4	no-cc-cedict-entry
考那斯	考那斯	kao3 na3 si1	no-cc-cedict-entry
而不是	而不是	er2 bu4 shi4	no-cc-cedict-entry
而又	而又	er2 you4	no-cc-cedict-entry
而立	而立	er2 li4	no-cc-cedict-entry
而非	而非	er2 fei1	no-cc-cedict-entry
耐心等待	耐心等待	nai4 xin1 deng3 dai4	no-cc-cedict-entry
耐火材料	耐火材料	nai4 huo3 cai2 liao4	no-cc-cedict-entry
耗电量	耗電量	hao4 dian4 liang2	no-cc-cedict-entry
耳坠	耳墜	er3 zhui4	no-cc-cedict-entry
耳朵软	耳朵軟	er3 duo1 ruan3	no-cc-cedict-entry
耶稣基督末世圣徒教会	耶穌基督末世聖徒教會	Ye1 su1 Ji1 du1 Mo4 shi4 Sheng4 tu2 Jiao4 hui4	no-cc-cedict-entry
聊聊	聊聊	liao2 liao5	no-cc-cedict-entry
职业培训	職業培訓	zhi2 ye4 pei2 xun4	no-cc-cedict-entry
职业学校	職業學校	zhi2 ye4 xue2 xiao4	no-cc-cedict-entry
职业生涯	職業生涯	zhi2 ye4 sheng1 ya2	no-cc-cedict-entry
职业道德	職業道德	zhi2 ye4 dao4 de2	no-cc-cedict-entry
职权范围	職權範圍	zhi2 quan2 fan4 wei2	no-cc-cedict-entry
联合利华	聯合利華	lian2 he2 li4 hua2	no-cc-cedict-entry
联合国大会2758号决议	聯合國大會2758號決議	lian2 he2 guo2 da4 hui4 2758 hao4 jue2 yi4	no-cc-cedict-entry
联合国托管理事会	聯合國託管理事會	lian2 he2 guo2 tuo1 guan3 li3 shi4 hui4	no-cc-cedict-entry
联合国经济及社会理事会	聯合國經濟及社會理事會	lian2 he2 guo2 jing1 ji4 ji2 she4 hui4 li3 shi4 hui4	no-cc-cedict-entry
联合国警务司	聯合國警務司	lian2 he2 guo2 jing3 wu4 si1	no-cc-cedict-entry
联合国财产	联合国财产	lian2 he2 guo2 cai2 chan3	no-cc-cedict-entry
联合王国国家足球队	聯合王國國家足球隊	lian2 he2 wang2 guo2 guo2 jia1 zu2 qiu2 dui4	no-cc-cedict-entry
联想集团有限公司	聯想集團有限公司	lian2 xiang3 ji2 tuan2 you3 xian4 gong1 si1	no-cc-cedict-entry
联系地址	聯繫地址	lian2 xi4 di4 zhi3	no-cc-cedict-entry
联邦大桥	聯邦大橋	lian2 bang1 da4 qiao2	no-cc-cedict-entry
聚乙二醇	聚乙二醇	ju4 yi3 er4 chun2	no-cc-cedict-entry
聚对二甲苯	聚對二甲苯	ju4 dui4 er4 jia3 ben3	no-cc-cedict-entry
聚滕达尔	聚滕達爾	ju4 teng2 da2 er3	no-cc-cedict-entry
聚特芬	聚特芬	ju4 te2 fen1	no-cc-cedict-entry
聪明人	聰明人	cong1 ming2 ren2	no-cc-cedict-entry
聪明笨伯	聰明笨伯	cong1 ming2 ben4 bo2	no-cc-cedict-entry
肀	聿	yu4	no-cc-cedict-entry
肉桂狗	肉桂狗	rou4 gui4 gou3	no-cc-cedict-entry
肉脍	肉膾	rou4 kuai4	no-cc-cedict-entry
肉质感	肉質感	rou4 zhi4 gan3	no-cc-cedict-entry
肉质的	肉質的	rou4 zhi4 de5	no-cc-cedict-entry
肏你妈的屄	肏你媽的屄	cao4 ni3 ma1 de5 bi1	no-cc-cedict-entry
股东会	股東會	gu3 dong1 hui4	no-cc-cedict-entry
股东权益	股東權益	gu3 dong1 quan2 yi4	no-cc-cedict-entry
股份制	股份制	gu3 fen4 zhi4	no-cc-cedict-entry
股权分置	股權分置	gu3 quan2 fen1 zhi4	no-cc-cedict-entry
股票交易	股票交易	gu3 piao4 jiao1 yi4	no-cc-cedict-entry
肥前国	肥前國	fei2 qian2 guo2	no-cc-cedict-entry
肥后国	肥後國	fei2 hou4 guo2	no-cc-cedict-entry
肯特省	肯特省	ken3 te4 xing3	no-cc-cedict-entry
育男	育男	yu4 nan2	no-cc-cedict-entry
育碧软件	育碧軟件	yu4 bi4 ruan3 jian4	no-cc-cedict-entry
肸	肸	xi4	no-cc-cedict-entry
肺部	肺部	fei4 bu4	no-cc-cedict-entry
肾功能	腎功能	shen4 gong1 neng2	no-cc-cedict-entry
肾病	腎病	shen4 bing4	no-cc-cedict-entry
肾脏形的	腎臟形的	shen4 zang4 xing2 de5	no-cc-cedict-entry
肿毒	腫毒	zhong3 du2	no-cc-cedict-entry
胀裂	胀裂	zhang4 lie4	no-cc-cedict-entry
背带裤	背帶褲	bei4 dai4 ku4	no-cc-cedict-entry
胖子原子弹	胖子原子彈	pang4 zi5 yuan2 zi3 dan4	no-cc-cedict-entry
胜利纪念柱	勝利紀念柱	sheng4 li4 ji4 nian4 zhu4	no-cc-cedict-entry
胜安航空	勝安航空	sheng4 an1 hang2 kong1	no-cc-cedict-entry
胜论学派	勝論學派	sheng4 lun4 xue2 pai4	no-cc-cedict-entry
胞腔	胞腔	bao1 qiang1	no-cc-cedict-entry
胡安包蒂斯塔	胡安包蒂斯塔	hu2 an1 bao1 di4 si1 ta3	no-cc-cedict-entry
胡安裴隆	胡安裴隆	hu2 an1 pei2 long2	no-cc-cedict-entry
胡尼	胡尼	hu2 ni2	no-cc-cedict-entry
胡弓	鬍弓	hu2 gong1	no-cc-cedict-entry
胡德号战列巡洋舰	胡德號戰列巡洋艦	hu2 de2 hao4 zhan4 lie4 xun2 yang2 jian4	no-cc-cedict-entry
胡德山	鬍德山	hu2 de2 shan1	no-cc-cedict-entry
胡志明小道	鬍誌明小道	hu2 zhi4 ming2 xiao3 dao4	no-cc-cedict-entry
胡志明市证券交易所	胡志明市證券交易所	hu2 zhi4 ming2 shi4 zheng4 quan4 jiao1 yi4 suo3	no-cc-cedict-entry
胡法利兹	鬍法利茲	hu2 fa3 li4 zi1	no-cc-cedict-entry
胡门内	鬍門內	hu2 men2 nei4	no-cc-cedict-entry
胡风	鬍風	hu2 feng1	no-cc-cedict-entry
胡马雍	胡馬雍	hu2 ma3 yong1	no-cc-cedict-entry
胶南	膠南	Jiao1 nan2	no-cc-cedict-entry
胶南市	膠南市	Jiao1 nan2 shi4	no-cc-cedict-entry
胶彩画	膠彩畫	jiao1 cai3 hua4	no-cc-cedict-entry
胶着状况	膠著狀況	jiao1 zhuo2 zhuang4 kuang4	no-cc-cedict-entry
胶粘剂	膠粘劑	jiao1 nian2 ji4	no-cc-cedict-entry
胶辽官话	膠遼官話	jiao1 liao2 guan1 hua4	no-cc-cedict-entry
胺碘酮	胺碘酮	an4 dian3 tong2	no-cc-cedict-entry
能不能	能不能	neng2 bu4 neng2	no-cc-cedict-entry
能做到	能做到	neng2 zuo4 dao4	no-cc-cedict-entry
能力建设	能力建设	neng2 li4 jian4 she4	no-cc-cedict-entry
能动	能動	neng2 dong4	no-cc-cedict-entry
能多益	能多益	neng2 duo1 yi4	no-cc-cedict-entry
能带	能帶	neng2 dai4	no-cc-cedict-entry
能有	能有	neng2 you3	no-cc-cedict-entry
能源训练方案	能源訓練方案	neng2 yuan2 xun4 lian4 fang1 an4	no-cc-cedict-entry
能用	能用	neng2 yong4	no-cc-cedict-entry
能登国	能登國	neng2 deng1 guo2	no-cc-cedict-entry
能链	能鏈	neng2 lian4	no-cc-cedict-entry
脉数	脈數	mai4 shuo4	no-cc-cedict-entry
脉率	脈率	mai4 lu:4	no-cc-cedict-entry
脊椎侧弯	脊柱側彎	ji3 zhu4 ce4 wan1	no-cc-cedict-entry
脐点	臍點	qi2 dian3	no-cc-cedict-entry
脑癌	腦癌	nao3 ai2	no-cc-cedict-entry
脑袋	腦袋	nao3 dai4	no-cc-cedict-entry
脖颈	脖頸	bo2 jing3	no-cc-cedict-entry
脘	脘	guan3	no-cc-cedict-entry
脚鸡眼	腳雞眼	jiao3 ji1 yan3	no-cc-cedict-entry
脣	脣	chun2	no-cc-cedict-entry
脣形目	脣形目	chun2 xing2 mu4	no-cc-cedict-entry
脱硫	脫硫	tuo1 liu2	no-cc-cedict-entry
脸上	臉上	lian3 shang4	no-cc-cedict-entry
脸或感情	臉或感情	lian3 huo4 gan3 qing2	no-cc-cedict-entry
腌咸	腌鹹	yan1 xian2	no-cc-cedict-entry
腐败的	腐敗的	fu3 bai1 de5	no-cc-cedict-entry
腔肠动物门	腔腸動物門	qiang1 chang2 dong4 wu4 men2	no-cc-cedict-entry
腔骨龙	腔骨龍	qiang1 gu3 long2	no-cc-cedict-entry
腕龙属	腕龍屬	wan4 long2 shu3	no-cc-cedict-entry
腹切	腹切	fu4 qie1	no-cc-cedict-entry
腹泻病	腹瀉病	fu4 xie4 bing4	no-cc-cedict-entry
腾格尔蛙	騰格爾蛙	teng2 ge2 er3 wa1	no-cc-cedict-entry
臀沟	臀溝	tun2 gou4	no-cc-cedict-entry
臈	臈	la4	no-cc-cedict-entry
臕	臕	biao1	no-cc-cedict-entry
臝	臝	luo3	no-cc-cedict-entry
自个儿	自個兒	zi4 ge3 r	no-cc-cedict-entry
自主学习	自主學習	zi4 zhu3 xue2 xi2	no-cc-cedict-entry
自以为	自以為	zi4 yi3 wei2	no-cc-cedict-entry
自作	自作	zi4 zuo4	no-cc-cedict-entry
自动关闭	自動關閉	zi4 dong4 guan1 bi4	no-cc-cedict-entry
自动变速器	自動變速器	zi4 dong4 bian4 su4 qi4	no-cc-cedict-entry
自动完成	自動完成	zi4 dong4 wan2 cheng2	no-cc-cedict-entry
自动对焦	自動對焦	zi4 dong4 dui4 jiao1	no-cc-cedict-entry
自动终端情报服务	自動終端情報服務	zi4 dong4 zhong1 duan1 qing2 bao4 fu2 wu4	no-cc-cedict-entry
自动识别	自動識別	zi4 dong4 shi2 bie2	no-cc-cedict-entry
自同构	自同構	zi4 tong2 gou4	no-cc-cedict-entry
自天而降	自天而降	zi4 tian1 er2 jiang4	no-cc-cedict-entry
自我评价	自我評價	zi4 wo3 ping2 jia4	no-cc-cedict-entry
自旋量子数	自旋量子數	zi4 xuan2 liang4 zi3 shu4	no-cc-cedict-entry
自杀论	自殺論	zi4 sha1 lun4	no-cc-cedict-entry
自梳女	自梳女	zi4 shu1 nu3	no-cc-cedict-entry
自治系统	自治繫統	zi4 zhi4 xi4 tong3	no-cc-cedict-entry
自治领	自治領	zi4 zhi4 ling3	no-cc-cedict-entry
自游	自遊	zi4 you2	no-cc-cedict-entry
自然同态	自然同態	zi4 ran2 tong2 tai4	no-cc-cedict-entry
自然干缩	自然乾縮	zi4 ran2 gan1 suo1	no-cc-cedict-entry
自然数的集合论定义	自然數的集合論定義	zi4 ran2 shu4 de5 ji2 he2 lun4 ding4 yi4	no-cc-cedict-entry
自然景观	自然景觀	zi4 ran2 jing3 guan1	no-cc-cedict-entry
自然环境	自然環境	zi4 ran2 huan2 jing4	no-cc-cedict-entry
自然遗产	自然遺產	zi4 ran2 yi2 chan3	no-cc-cedict-entry
自由人	自由人	zi4 you2 ren2	no-cc-cedict-entry
自由印度临时政府	自由印度臨時政府	zi4 you2 yin4 du4 lin2 shi2 zheng4 fu3	no-cc-cedict-entry
自由变量和约束变量	自由變量和約束變量	zi4 you2 bian4 liang4 he2 yue1 shu4 bian4 liang4	no-cc-cedict-entry
自由引导人民	自由引導人民	zi4 you2 yin3 dao3 ren2 min2	no-cc-cedict-entry
自由文明	自由文明	zi4 you2 wen2 ming2	no-cc-cedict-entry
自由模	自由模	zi4 you2 mu2	no-cc-cedict-entry
自由网	自由網	zi4 you2 wang3	no-cc-cedict-entry
自相似	自相似	zi4 xiang1 si4	no-cc-cedict-entry
自相关函数	自相關函數	zi4 xiang1 guan1 han2 shu4	no-cc-cedict-entry
自艾自怜	自艾自憐	zi4 ai4 zi4 lian2	no-cc-cedict-entry
自觉性	自覺性	zi4 jue2 xing4	no-cc-cedict-entry
臭婊子	臭婊子	chou4 biao3 zi5	no-cc-cedict-entry
臭屄	臭屄	chou4 bi1	no-cc-cedict-entry
臭条子	臭條子	chou4 tiao2 zi5	no-cc-cedict-entry
臭母猪	臭母豬	chou4 mu3 zhu1	no-cc-cedict-entry
至善	至善	zhi4 shan4	no-cc-cedict-entry
至圣先师	至聖先師	zhi4 sheng4 xian1 shi1	no-cc-cedict-entry
至死	至死	zhi4 si3	no-cc-cedict-entry
至高王座	至高王座	zhi4 gao1 wang4 zuo4	no-cc-cedict-entry
致命情人	致命情人	zhi4 ming4 qing2 ren2	no-cc-cedict-entry
臼杵市	臼杵市	jiu4 chu3 shi4	no-cc-cedict-entry
與此同時	与此同时	yu3 ci3 tong2 shi2	no-cc-cedict-entry
舌婊	舌婊	she2 biao3	no-cc-cedict-entry
舍宾	舍賓	she3 bin1	no-cc-cedict-entry
舒明天皇	舒明天皇	shu1 ming2 tian1 huang2	no-cc-cedict-entry
舞女	舞女	wu3 nu:3	no-cc-cedict-entry
舞虻	舞虻	wu3 meng2	no-cc-cedict-entry
航空小英雄	航空小英雄	hang2 kong1 xiao3 ying1 xiong2	no-cc-cedict-entry
航空工程	航空工程	hang2 kong1 gong1 cheng2	no-cc-cedict-entry
航空工程学	航空工程學	hang2 kong1 gong1 cheng2 xue2	no-cc-cedict-entry
航空航天	航空航天	hang2 kong1 hang2 tian1	no-cc-cedict-entry
航空运输	航空運輸	hang2 kong1 yun4 shu1	no-cc-cedict-entry
航线管理	航線管理	hang2 xian4 guan3 li3	no-cc-cedict-entry
航路图	航路圖	hang2 lu4 tu2	no-cc-cedict-entry
航运统计项目信托基金	航運統計項目信托基金	hang2 yun4 tong3 ji4 xiang4 mu4 xin4 tuo1 ji1 jin1	no-cc-cedict-entry
航迹线	航跡線	hang2 ji4 xian4	no-cc-cedict-entry
舰载雷达	艦載雷達	jian4 zai4 lei2 da2	no-cc-cedict-entry
舰队司令	艦隊司令	jian4 dui4 si1 ling4	no-cc-cedict-entry
船上	船上	chuan2 shang4	no-cc-cedict-entry
船形木	船形木	chuan2 xing2 mu4	no-cc-cedict-entry
船桥市	船橋市	chuan2 qiao2 shi4	no-cc-cedict-entry
船蛆	船蛆	chuan2 qu1	no-cc-cedict-entry
船边交货	船邊交貨	chuan2 bian5 jiao1 huo4	no-cc-cedict-entry
艘	艘	sao1	no-cc-cedict-entry
良序	良序	liang2 xu4	no-cc-cedict-entry
良性前列腺增生症	良性前列腺增生癥	liang2 xing4 qian2 lie4 xian4 zeng1 sheng1 zheng4	no-cc-cedict-entry
色变	色變	se4 bian4	no-cc-cedict-entry
色女	色女	se4 nu:3	no-cc-cedict-entry
色带	色帶	se4 dai4	no-cc-cedict-entry
色当	色噹	Se4 dang1	no-cc-cedict-entry
色情短信	色情短信	se4 qing2 duan3 xin4	no-cc-cedict-entry
色楞格河	色楞格河	se4 leng2 ge2 he2	no-cc-cedict-entry
色楞格省	色楞格省	se4 leng2 ge2 xing3	no-cc-cedict-entry
色调分离	色調分離	se4 diao4 fen1 li2	no-cc-cedict-entry
艳美杨桃螺	艷美楊桃螺	yan4 mei3 yang2 tao2 luo2	no-cc-cedict-entry
艸	艸	cao3	no-cc-cedict-entry
艺妓回忆录	藝妓回憶錄	yi4 ji4 hui2 yi4 lu4	no-cc-cedict-entry
艺术之家	藝術之家	yi4 shu4 zhi1 jia1	no-cc-cedict-entry
艺术作品	藝術作品	yi4 shu4 zuo4 pin3	no-cc-cedict-entry
艺术区	藝術區	yi4 shu4 qu1	no-cc-cedict-entry
艺术性	藝朮性	yi4 shu4 xing4	no-cc-cedict-entry
艾伦	艾倫	ai4 lun2	no-cc-cedict-entry
艾夫斯堡	艾伕斯堡	ai4 fu1 si1 bao3	no-cc-cedict-entry
艾尔	艾尔	ai4 er3	no-cc-cedict-entry
艾尔夫斯宾市	艾爾夫斯賓市	yi4 er3 fu2 si1 bin1 shi4	no-cc-cedict-entry
艾尔夫达伦市	艾爾夫達倫市	yi4 er3 fu2 da2 lun2 shi4	no-cc-cedict-entry
艾尔斯伯里	艾爾斯伯裏	ai4 er3 si1 bo2 li3	no-cc-cedict-entry
艾斯潘诺拉联合体育俱乐部	艾斯潘諾拉聯合體育俱樂部	ai4 si1 pan1 nuo4 la1 lian2 he2 ti3 yu4 ju4 le4 bu4	no-cc-cedict-entry
艾滋病病毒感染者	艾滋病病毒感染者	ai4 zi1 bing4 bing4 du2 gan2 ran3 zhe3	no-cc-cedict-entry
艾滋病重估运动	艾滋病重估運動	ai4 zi1 bing4 chong2 gu1 yun4 dong4	no-cc-cedict-entry
艾瑟尔河	艾瑟爾河	yi4 se4 er3 he2	no-cc-cedict-entry
艾瑟尔湖	艾瑟爾湖	ai4 se4 er3 hu2	no-cc-cedict-entry
艾米	艾米	ai4 mi3	no-cc-cedict-entry
艾良娜	艾良娜	ai4 liang2 na4	no-cc-cedict-entry
艾迷恋	艾迷恋	ai4 mi2 lian4	no-cc-cedict-entry
艾雅斯岩	艾雅斯岩	ai4 ya3 si1 yan2	no-cc-cedict-entry
节目主持人	節目主持人	jie2 mu4 zhu3 chi2 ren2	no-cc-cedict-entry
节约能源	節約能源	jie2 yue1 neng2 yuan2	no-cc-cedict-entry
芒廷维尤	芒廷維尤	mang2 ting2 wei2 you2	no-cc-cedict-entry
芒特拉若利	芒特拉若利	Mang2 te4 La1 ruo4 li4	no-cc-cedict-entry
芝麻盐	芝蔴鹽	zhi1 ma5 yan2	no-cc-cedict-entry
芣	芣	fou2	no-cc-cedict-entry
芦苇笔	蘆葦筆	lu2 wei3 bi3	no-cc-cedict-entry
芬兰足球超级联赛	芬蘭足球超級聯賽	fen1 lan2 zu2 qiu2 chao1 ji2 lian2 sai4	no-cc-cedict-entry
芬奇	芬奇	fen1 qi2	no-cc-cedict-entry
芬普雷司树脂酸盐	芬普雷司树脂酸盐	fen1 pu3 lei2 si1 shu4 zhi1 suan1 yan2	no-cc-cedict-entry
芬波亚	芬波亞	fen1 bo1 ya4	no-cc-cedict-entry
芬迪湾	芬迪灣	fen1 di2 wan1	no-cc-cedict-entry
芭达亚	芭達亞	ba1 da2 ya4	no-cc-cedict-entry
花儿	花兒	hua1 r	no-cc-cedict-entry
花地玛	花地瑪	hua1 di4 ma3	no-cc-cedict-entry
花头	花頭	hua1 tou2	no-cc-cedict-entry
花姬蛙	花姬蛙	hua1 ji1 wa1	no-cc-cedict-entry
花尾连鳍鱼	花尾連鰭魚	hua1 yi3 lian2 qi2 yu2	no-cc-cedict-entry
花岗岩岛	花崗巖島	hua1 gang3 yan2 dao3	no-cc-cedict-entry
花开	花開	hua1 kai1	no-cc-cedict-entry
花札	花劄	hua1 zha2	no-cc-cedict-entry
花样少年少女	花樣少年少女	hua1 yang4 shao4 nian2 shao4 nu:3	no-cc-cedict-entry
花样美男	花樣美男	hua1 yang4 mei3 nan2	no-cc-cedict-entry
花点	花點	hua1 dian3	no-cc-cedict-entry
花珠宝螺	花珠寶螺	hua1 zhu1 bao3 luo2	no-cc-cedict-entry
花生糖	花生糖	hua1 sheng1 tang2	no-cc-cedict-entry
花神星族	花神星族	hua1 shen2 xing1 zu2	no-cc-cedict-entry
花篮	花籃	hua1 lan2	no-cc-cedict-entry
芲	菕	lun2	no-cc-cedict-entry
芳堤娜城堡	芳隄娜城堡	fang1 di1 nuo2 cheng2 bao3	no-cc-cedict-entry
芳芳	芳芳	fang1 fang1	no-cc-cedict-entry
芸苔属	芸苔屬	yun2 tai2 shu3	no-cc-cedict-entry
芹苴	芹苴	qin2 ju1	no-cc-cedict-entry
芹苴市	芹苴市	qin2 ju1 shi4	no-cc-cedict-entry
苇斯巴芗	葦斯巴薌	wei3 si1 ba1 xiang1	no-cc-cedict-entry
苇羚	葦羚	wei3 ling2	no-cc-cedict-entry
苍山	蒼山	Cang1 shan1	no-cc-cedict-entry
苍蝇王	蒼蠅王	cang1 ying5 wang2	no-cc-cedict-entry
苏丹南方司法机构	蘇丹南方司法机构	su1 dan1 nan2 fang1 si1 fa3 ji1 gou4	no-cc-cedict-entry
苏丹红	蘇丹紅	su1 dan1 hong2	no-cc-cedict-entry
苏丹阿卜都阿齐兹机场	蘇丹阿卜都阿齊茲機場	su1 dan1 a1 bo5 dou1 a qi2 zi1 ji1 chang3	no-cc-cedict-entry
苏克雷州	蘇剋雷州	su1 ke4 lei2 zhou1	no-cc-cedict-entry
苏利亚	蘇利亞	su1 li4 ya4	no-cc-cedict-entry
苏利亚州	蘇利亞州	su1 li4 ya4 zhou1	no-cc-cedict-entry
苏城	蘇城	su1 cheng2	no-cc-cedict-entry
苏奥穆斯萨尔米	蘇奧穆斯薩爾米	su1 ao4 mu4 si1 sa4 er3 mi3	no-cc-cedict-entry
苏打绿	蘇打綠	su1 da3 lu:4	no-cc-cedict-entry
苏族	蘇族	su1 zu2	no-cc-cedict-entry
苏格兰盖尔语	蘇格蘭蓋爾語	su1 ge2 lan2 gai4 er3 yu3	no-cc-cedict-entry
苏格兰足球超级联赛	蘇格蘭足球超級聯賽	su1 ge2 lan2 zu2 qiu2 chao1 ji2 lian2 sai4	no-cc-cedict-entry
苏瓦乌基	蘇瓦烏基	su1 wa3 wu1 ji1	no-cc-cedict-entry
苏瓦松	蘇瓦鬆	su1 wa3 song1	no-cc-cedict-entry
苏联最高苏维埃主席团	蘇聯最高蘇維埃主席團	su1 lian2 zui4 gao1 su1 wei2 ai1 zhu3 xi2 tuan2	no-cc-cedict-entry
苏莱曼二世	蘇萊曼二世	su1 lai2 man4 er4 shi4	no-cc-cedict-entry
苏通长江公路大桥	蘇通長江公路大橋	su1 tong1 chang2 jiang1 gong1 lu4 da4 qiao2	no-cc-cedict-entry
苏里高海峡	蘇里高海峽	su1 li3 gao1 hai3 xia2	no-cc-cedict-entry
苗圃主人	苗圃主人	miao2 pu3 zhu3 ren2	no-cc-cedict-entry
苣荬菜	苣蕒菜	ju4 mai3 cai4	no-cc-cedict-entry
若佩德罗	若佩德罗	ruo4 pei4 de2 luo1	no-cc-cedict-entry
若多尼厄	若多尼厄	ruo4 duo1 ni2 e4	no-cc-cedict-entry
苦盏	苦盞	ku3 zhan3	no-cc-cedict-entry
苯教	苯教	ben3 jiao4	no-cc-cedict-entry
英勇勋章	英勇勋章	ying1 yong3 xun1 zhang1	no-cc-cedict-entry
英博集团	英博集團	ying1 bo2 ji2 tuan2	no-cc-cedict-entry
英国威猛乐队	英國威猛樂隊	ying1 guo2 wei1 meng3 yue4 dui4	no-cc-cedict-entry
英国政府	英國政府	ying1 guo2 zheng4 fu3	no-cc-cedict-entry
英国政府部门	英國政府部門	ying1 guo2 zheng4 fu3 bu4 men2	no-cc-cedict-entry
英国权利法案	英國權利法案	ying1 guo2 quan2 li4 fa3 an4	no-cc-cedict-entry
英国短毛猫	英國短毛貓	ying1 guo2 duan3 mao2 mao1	no-cc-cedict-entry
英国脱离欧盟	英國脫離歐盟	ying1 guo2 tuo1 li2 ou1 meng2	no-cc-cedict-entry
英国重量单位	英國重量單位	ying1 guo2 zhong4 liang4 dan1 wei4	no-cc-cedict-entry
英才	英才	ying1 cai2	no-cc-cedict-entry
英文字母	英文字母	ying1 wen2 zi4 mu3	no-cc-cedict-entry
英格兰和威尔士绿党	英格蘭和威爾士綠黨	ying1 ge2 lan2 he4 wei1 er3 shi4 lu:4 dang3	no-cc-cedict-entry
英格兰足球乙级联赛	英格蘭足球乙級聯賽	ying1 ge2 lan2 zu2 qiu2 yi3 ji2 lian2 sai4	no-cc-cedict-entry
英格兰足球代表队	英格蘭足球代表隊	ying1 ge2 lan2 zu2 qiu2 dai4 biao3 dui4	no-cc-cedict-entry
英格兰足球冠军联赛	英格蘭足球冠軍聯賽	ying1 ge2 lan2 zu2 qiu2 guan4 jun1 lian2 sai4	no-cc-cedict-entry
英格兰足球甲级联赛	英格蘭足球甲級聯賽	ying1 ge2 lan2 zu2 qiu2 jia3 ji2 lian2 sai4	no-cc-cedict-entry
英格兰足球联赛系统	英格蘭足球聯賽系統	ying1 ge2 lan2 zu2 qiu2 lian2 sai4 xi4 tong3	no-cc-cedict-entry
英格兰足球超级联赛	英格蘭足球超級聯賽	ying1 ge2 lan2 zu2 qiu2 chao1 ji2 lian2 sai4	no-cc-cedict-entry
英泥	英泥	ying1 ni2	no-cc-cedict-entry
英灵殿	英靈殿	ying1 ling2 dian4	no-cc-cedict-entry
英美	英美	ying1 mei3	no-cc-cedict-entry
英菲尼迪	英菲尼迪	ying1 fei1 ni2 di2	no-cc-cedict-entry
英雄之城	英雄之城	ying1 xiong2 zhi1 cheng2	no-cc-cedict-entry
苳	苳	dong1	no-cc-cedict-entry
苹果树	蘋果樹	ping2 guo3 shu3	no-cc-cedict-entry
苹果酸乳酸发酵	蘋果酸乳酸發酵	ping2 guo3 suan1 ru3 suan1 fa1 xiao4	no-cc-cedict-entry
范冰冰	範冰冰	Fan4 Bing1 bing1	no-cc-cedict-entry
范文	范文	fan4 wen2	no-cc-cedict-entry
茄属	茄屬	qie2 shu3	no-cc-cedict-entry
茅草棚	茅草棚	mao2 cao3 peng2	no-cc-cedict-entry
茍	茍	gou3	no-cc-cedict-entry
茨韦布吕肯	茨韋布呂肯	ci2 wei2 bu4 lu:3 ken3	no-cc-cedict-entry
茨魏布吕肯	茨魏布呂肯	ci2 wei4 bu4 lu:3 ken3	no-cc-cedict-entry
茱莉雅·吉拉德	茱莉雅·吉拉德	Zhu1 li4 ya3 · Ji2 la1 de2	no-cc-cedict-entry
茶杯一代	茶杯一代	cha2 bei1 yi1 dai4	no-cc-cedict-entry
茶花女	茶花女	cha2 hua1 nu:3	no-cc-cedict-entry
茹科夫	茹科夫	ru2 ke1 fu2	no-cc-cedict-entry
茹科夫斯基	茹科夫斯基	ru2 ke1 fu2 si1 ji1	no-cc-cedict-entry
荆楚网	荊楚網	jing1 chu3 wang3	no-cc-cedict-entry
荆楚网视	荊楚網視	jing1 chu3 wang3 shi4	no-cc-cedict-entry
草加市	草加市	cao3 jia1 shi4	no-cc-cedict-entry
草味	草味	cao3 wei4	no-cc-cedict-entry
草莓棉花糖	草莓棉花糖	cao3 mei2 mian2 hua5 tang2	no-cc-cedict-entry
草铵膦	草銨膦	cao3 an3 lin4	no-cc-cedict-entry
荍	荍	shou1	no-cc-cedict-entry
荒川区	荒川區	huang1 chuan1 qu1	no-cc-cedict-entry
荒漠化工作组	荒漠化工作組	huang1 mo4 hua4 gong1 zuo4 zu3	no-cc-cedict-entry
荞麦面条	蕎麥麵條	qiao2 mai4 mian4 tiao2	no-cc-cedict-entry
荨	蕁	xun2	no-cc-cedict-entry
药书	藥書	yao4 shu1	no-cc-cedict-entry
药价	藥價	yao4 jia4	no-cc-cedict-entry
药厂	藥廠	yao4 chang3	no-cc-cedict-entry
药物治疗	藥物治療	yao4 wu4 zhi4 liao2	no-cc-cedict-entry
药监局	藥監局	Yao4 jian1 ju2	no-cc-cedict-entry
药费	藥費	yao4 fei4	no-cc-cedict-entry
荷兰人	荷蘭人	he2 lan2 ren2	no-cc-cedict-entry
荷兰银行	荷蘭銀行	he2 lan2 yin2 hang2	no-cc-cedict-entry
荷包牡丹	荷包牡丹	he2 bao1 mu3 dan1	no-cc-cedict-entry
荷台达	荷台達	he2 tai2 da2	no-cc-cedict-entry
荼蘼	荼蘼	tu2 mi2	no-cc-cedict-entry
莉丝	莉丝	li4 si1	no-cc-cedict-entry
莉莉	莉莉	li4 li4	no-cc-cedict-entry
莫克瓜大区	莫剋瓜大區	mo4 ke4 gua1 dai4 qu1	no-cc-cedict-entry
莫尔	莫爾	mo4 er3	no-cc-cedict-entry
莫斯	莫斯	mo4 si1	no-cc-cedict-entry
莫斯科郊外的晚上	莫斯科郊外的晚上	mo4 si1 ke1 jiao1 wai4 wan3 shan5	no-cc-cedict-entry
莫涅莫绪涅	莫涅莫緒涅	mo4 nie4 mo4 xu4 nie4	no-cc-cedict-entry
莫萨	莫萨	mo4 sa4	no-cc-cedict-entry
莫豪斯县	莫豪斯縣	mo4 hao2 si1 xian4	no-cc-cedict-entry
莫道克大学	莫道克大學	mo4 dao4 ke4 da4 xue2	no-cc-cedict-entry
莫里耶讷	莫里耶訥	Mo4 li3 ye2 ne4	no-cc-cedict-entry
莱德	萊德	lai2 de2	no-cc-cedict-entry
莱比锡火车头足球俱乐部	萊比錫火車頭足球俱樂部	lai2 bi3 xi2 huo3 che1 tou2 zu2 qiu2 ju4 le4 bu4	no-cc-cedict-entry
莱茵	萊茵	lai2 yin1	no-cc-cedict-entry
莱茵的黄金	萊茵的黃金	lai2 yin1 de5 huang2 jin1	no-cc-cedict-entry
莲属	蓮屬	lian2 shu3	no-cc-cedict-entry
莲花公司	蓮花公司	lian2 hua1 gong1 si1	no-cc-cedict-entry
莲花大学	蓮花大學	lian2 hua1 dai4 xue2	no-cc-cedict-entry
获得性免疫缺陷综合症	獲得性免疫缺陷綜合症	huo4 de2 xing4 mian3 yi4 que1 xian4 zong1 he2 zheng4	no-cc-cedict-entry
莺歌	鶯歌	Ying1 ge1	no-cc-cedict-entry
莺歌镇	鶯歌鎮	Ying1 ge1 zhen4	no-cc-cedict-entry
莺科	鶯科	ying1 ke1	no-cc-cedict-entry
菊亚纲	菊亞綱	ju2 ya4 gang1	no-cc-cedict-entry
菜粉蝶	菜粉蝶	cai4 fen3 die2	no-cc-cedict-entry
菜脯	菜脯	cai4 pu2	no-cc-cedict-entry
菜青虫	菜靑蟲	cai4 qing1 chong2	no-cc-cedict-entry
菩提树下大街	菩提樹下大街	pu2 ti2 shu4 xia4 da4 jie1	no-cc-cedict-entry
菱角	菱角	ling2 jiao3	no-cc-cedict-entry
菲乌吉	菲烏吉	fei3 wu1 ji2	no-cc-cedict-entry
菲尔	菲尔	fei1 er3	no-cc-cedict-entry
菲律宾共和国	菲律賓共和國	fei1 lu:4 bin1 gong4 he2 guo2	no-cc-cedict-entry
菲律宾海板块	菲律賓海板塊	fei1 lu:4 bin1 hai3 ban3 kuai4	no-cc-cedict-entry
菲律宾群岛	菲律賓群島	fei1 lu:4 bin1 qun2 dao3	no-cc-cedict-entry
菲昂	菲昂	fei1 ang2	no-cc-cedict-entry
菲英郡	菲英郡	fei3 ying1 jun4	no-cc-cedict-entry
菴	菴	an1	no-cc-cedict-entry
菸	菸	yan1	no-cc-cedict-entry
萍卡菲尔特	萍卡菲爾特	Ping2 ka3 fei1 er3 te4	no-cc-cedict-entry
萎	萎	wei1	no-cc-cedict-entry
萝蔓莴苣	蘿蔓萵苣	luo2 man4 wo1 ju4	no-cc-cedict-entry
萤火虫之墓	螢火蟲之墓	ying2 huo3 chong2 zhi1 mu4	no-cc-cedict-entry
萤火虫洞	螢火蟲洞	ying2 huo3 chong2 dong4	no-cc-cedict-entry
营业执照	營業執照	ying2 ye4 zhi2 zhao4	no-cc-cedict-entry
营业部	營業部	ying2 ye4 bu4	no-cc-cedict-entry
营养价值	營養價值	ying2 yang3 jia4 zhi2	no-cc-cedict-entry
营养成分表	營養成分表	ying2 yang3 cheng2 fen4 biao3	no-cc-cedict-entry
营养素参考值	營養素參考值	ying2 yang3 su4 can1 kao3 zhi2	no-cc-cedict-entry
营运成本	營運成本	ying2 yun4 cheng2 ben3	no-cc-cedict-entry
营销战略	營銷戰略	ying2 xiao1 zhan4 lu:e4	no-cc-cedict-entry
营销策略	營銷策略	ying2 xiao1 ce4 lu:e4	no-cc-cedict-entry
萧衍	蕭衍	xiao1 yan3	no-cc-cedict-entry
萧邦国际钢琴比赛	蕭邦國際鋼琴比賽	xiao1 bang1 guo2 ji4 gang1 qin2 bi3 sai4	no-cc-cedict-entry
萨亚诺戈尔斯克	薩亞諾戈爾斯剋	sa4 ya4 nuo4 ge1 er3 si1 ke4	no-cc-cedict-entry
萨克森德累斯顿国立乐团	薩克森德累斯頓國立樂團	sa4 ke4 sen1 de2 lei4 si1 dun4 guo2 li4 yue4 tuan2	no-cc-cedict-entry
萨加玛塔专区	薩加瑪塔專區	sa4 jia1 ma3 ta3 zhuan1 qu1	no-cc-cedict-entry
萨加玛塔国家公园	薩加瑪塔國家公園	sa4 jia1 ma3 ta3 guo2 jia1 gong1 yuan2	no-cc-cedict-entry
萨姆	萨姆	sa4 mu3	no-cc-cedict-entry
萨尔塔	薩爾塔	sa4 er3 ta3	no-cc-cedict-entry
萨尔塞勒	薩爾塞勒	Sa4 er3 sai1 le4	no-cc-cedict-entry
萨尔瓦多国家足球队	薩爾瓦多國家足球隊	sa4 er3 wa3 duo1 guo2 jia1 zu2 qiu2 dui4	no-cc-cedict-entry
萨尔瓦多达利	薩爾瓦多達利	sa4 er3 wa3 duo1 da2 li4	no-cc-cedict-entry
萨帕塔民族解放运动	薩帕塔民族解放運動	sa4 pa4 ta3 min2 zu2 jie3 fang4 yun4 dong4	no-cc-cedict-entry
萨拉	薩拉	sa4 la1	no-cc-cedict-entry
萨拉托夫	薩拉托夫	sa4 la1 tuo1 fu1	no-cc-cedict-entry
萨拉托夫州	薩拉託伕州	sa4 la1 tuo1 fu1 zhou1	no-cc-cedict-entry
萨摩亚国家元首	薩摩亞國家元首	sa4 mo2 ya4 guo2 jia1 yuan2 shou3	no-cc-cedict-entry
萨特鲁维尔	薩特魯維爾	Sa4 te4 lu3 wei2 er3	no-cc-cedict-entry
萨瓦涅	薩瓦涅	Sa4 wa3 nie4	no-cc-cedict-entry
萨莱比梅	薩萊比梅	Sa4 lai2 bi3 mei2	no-cc-cedict-entry
萨达姆·侯赛因	薩達姆·侯賽因	Sa4 da2 mu3 · Hou2 sai4 yin1	no-cc-cedict-entry
萨马茨	薩馬茨	sa4 ma3 ci2	no-cc-cedict-entry
萴	萴	ze2	no-cc-cedict-entry
落在	落在	la4 zai4	no-cc-cedict-entry
落果	落果	luo4 guo3	no-cc-cedict-entry
落空	落空	luo4 kong4	no-cc-cedict-entry
著作权法	著作權法	zhu4 zuo4 quan2 fa3	no-cc-cedict-entry
葚	葚	ren4	no-cc-cedict-entry
葛拉克手枪	葛拉克手槍	ge3 la1 ke4 shou3 qiang1	no-cc-cedict-entry
葠	葠	shen1	no-cc-cedict-entry
葡国魂	葡國魂	pu2 guo2 hun2	no-cc-cedict-entry
葡萄农	葡萄農	pu2 tao2 nong2	no-cc-cedict-entry
葡萄品种	葡萄品種	pu2 tao2 pin3 zhong3	no-cc-cedict-entry
葡萄品种学	葡萄品種學	pu2 tao2 pin3 zhong3 xue2	no-cc-cedict-entry
葡萄年份	葡萄年份	pu2 tao2 nian2 fen4	no-cc-cedict-entry
葡萄根瘤蚜	葡萄根瘤蚜	pu2 tao2 gen1 liu2 ya2	no-cc-cedict-entry
葡萄牙航空公司	葡萄牙航空公司	pu2 tao5 ya2 hang2 kong1 gong1 si1	no-cc-cedict-entry
葡萄牙足球超级联赛	葡萄牙足球超級聯賽	pu2 tao2 ya2 zu2 qiu2 chao1 ji2 lian2 sai4	no-cc-cedict-entry
葡萄种植学	葡萄種植學	pu2 tao2 zhong4 zhi2 xue2	no-cc-cedict-entry
董事局	董事局	dong3 shi4 ju2	no-cc-cedict-entry
蒂珀雷里郡	蒂珀雷里郡	di4 po4 lei2 li3 jun4	no-cc-cedict-entry
蒋友柏	蔣友柏	jiang3 you3 bo2	no-cc-cedict-entry
蒙古人民革命党	蒙古人民革命黨	meng2 gu3 ren2 min2 ge2 ming4 dang3	no-cc-cedict-entry
蒙吕松	蒙呂松	meng1 lu:3 song1	no-cc-cedict-entry
蒙地卡罗足球会	蒙地卡羅足球會	meng2 di4 ka3 luo2 zu2 qiu2 hui4	no-cc-cedict-entry
蒙得斯	蒙得斯	Meng2 de2 si1	no-cc-cedict-entry
蒙德古河	蒙德古河	meng2 de2 gu3 he2	no-cc-cedict-entry
蒙托邦	蒙托邦	Meng2 tuo1 bang1	no-cc-cedict-entry
蒙斯	蒙斯	meng2 si1	no-cc-cedict-entry
蒙松雨	矇松雨	meng1 song1 yu3	no-cc-cedict-entry
蒙纳许大学	蒙納許大學	meng2 na4 xu3 da4 xue2	no-cc-cedict-entry
蒜树科	蒜樹科	suan4 shu4 ke1	no-cc-cedict-entry
蒲包花	蒲包花	pu2 bao1 hua1	no-cc-cedict-entry
蒲朗克电荷	蒲朗克電荷	pu2 lang3 ke4 dian4 he2	no-cc-cedict-entry
蒲郡市	蒲郡市	pu2 jun4 shi4	no-cc-cedict-entry
蒸气浴	蒸氣浴	zheng1 qi4 yu4	no-cc-cedict-entry
蒸汽男孩	蒸汽男孩	zheng1 qi4 nan2 hai2	no-cc-cedict-entry
蒸饭	蒸飯	zheng1 fan4	no-cc-cedict-entry
蒹葭	蒹葭	jian1 jia1	no-cc-cedict-entry
蒿俊闵	蒿俊閔	hao1 zun4 min3	no-cc-cedict-entry
蓇	蓇	gu3	no-cc-cedict-entry
蓇葖果	蓇葖果	gu3 tu2 guo3	no-cc-cedict-entry
蓖麻豆	蓖麻豆	bi4 ma2 dou4	no-cc-cedict-entry
蓝丝黛尔石	藍絲黛爾石	lan2 si1 dai4 er3 shi2	no-cc-cedict-entry
蓝摩尔福蝶	藍摩爾福蝶	lan2 mo2 er3 fu2 die2	no-cc-cedict-entry
蓝月亮	藍月亮	lan2 yue4 liang5	no-cc-cedict-entry
蓝毗尼园	藍毗尼園	lan2 pi2 ni2 yuan2	no-cc-cedict-entry
蓝胡子	藍鬍子	lan2 hu2 zi5	no-cc-cedict-entry
蓝色多瑙河	藍色多瑙河	lan2 se4 duo1 nao3 he2	no-cc-cedict-entry
蓝色的多瑙河	藍色的多瑙河	lan2 se4 di4 duo1 nao3 he2	no-cc-cedict-entry
蓝莓之夜	藍莓之夜	lan2 mei2 zhi1 ye4	no-cc-cedict-entry
蓝龙	藍龍	lan2 long2	no-cc-cedict-entry
蓟属	薊屬	ji4 shu3	no-cc-cedict-entry
蓪草	蓪草	tong1 cao3	no-cc-cedict-entry
蓬塔阿雷纳斯	蓬塔阿雷納斯	peng2 ta3 a1 lei2 na4 si1	no-cc-cedict-entry
蓬托斯	蓬託斯	peng2 tuo1 si1	no-cc-cedict-entry
蓴	蓴	chun2	no-cc-cedict-entry
蔂	蔂	luo2	no-cc-cedict-entry
蔆	蔆	ling2	no-cc-cedict-entry
蔕	蔕	di4	no-cc-cedict-entry
蔚山	蔚山	Wei4 shan1	no-cc-cedict-entry
蔚山市	蔚山市	Wei4 shan1 shi4	no-cc-cedict-entry
蔚山广域市	蔚山廣域市	Wei4 shan1 guang3 yu4 shi4	no-cc-cedict-entry
蕃薯	蕃薯	fan2 shu3	no-cc-cedict-entry
蕈毒硷型乙醯胆硷受器	蕈毒鹼型乙醯膽鹼受器	xun4 du2 jian3 xing2 yi3 xi1 dan3 jian3 shou4 qi4	no-cc-cedict-entry
蕓	蕓	yun2	no-cc-cedict-entry
蕨市	蕨市	jue2 shi4	no-cc-cedict-entry
蕨麻	蕨麻	jue2 ma2	no-cc-cedict-entry
蕾内	蕾内	lei3 nei4	no-cc-cedict-entry
蕾切尔	蕾切尔	lei3 qie1 er3	no-cc-cedict-entry
蕾切尔卡逊	蕾切爾卡遜	lei3 qie1 er3 ka3 xun4	no-cc-cedict-entry
薇克托丽亚	薇克托丽亚	wei1 ke4 tuo1 li2 ya4	no-cc-cedict-entry
薛定谔的猫	薛定諤的貓	xue1 ding4 e4 de5 mao1	no-cc-cedict-entry
藉由教而学	藉由教而學	jie4 you2 jiao4 er2 xue2	no-cc-cedict-entry
藏历	藏曆	zang4 li4	no-cc-cedict-entry
藏文字母	藏文字母	zang4 wen2 zi4 mu3	no-cc-cedict-entry
藏缅语族	藏緬語族	cang2 mian3 yu3 zu2	no-cc-cedict-entry
藏羚羊	藏羚羊	cang2 ling2 yang2	no-cc-cedict-entry
藏药	藏藥	cang2 yao4	no-cc-cedict-entry
藏野驴	藏野驢	cang2 ye3 lu:2	no-cc-cedict-entry
藐视法庭	藐視法庭	miao3 shi4 fa3 ting2	no-cc-cedict-entry
藤岛康介	藤島康介	teng2 dao3 kang1 jie4	no-cc-cedict-entry
藤泽亨	藤澤亨	teng2 ze2 heng1	no-cc-cedict-entry
藤蔓	藤蔓	teng2 man4	no-cc-cedict-entry
藷	藷	shu3	no-cc-cedict-entry
蘤	蘤	wei3	no-cc-cedict-entry
虆	虆	lei2	no-cc-cedict-entry
虍	虍	hu3	no-cc-cedict-entry
虎口脱险	虎口脫險	hu3 kou3 tuo1 xian3	no-cc-cedict-entry
虎父虎子	虎父虎子	hu3 fu4 hu3 zi5	no-cc-cedict-entry
虎胆龙威	虎膽龍威	hu3 dan3 long2 wei1	no-cc-cedict-entry
虎虎生威	虎虎生威	hu3 hu3 sheng1 wei1	no-cc-cedict-entry
虎豹小霸王	虎豹小霸王	hu3 bao4 xiao3 ba4 wang4	no-cc-cedict-entry
虎鞭	虎鞭	hu3 bian1	no-cc-cedict-entry
虔婆	虔婆	qian2 po2	no-cc-cedict-entry
虚单位	虛單位	xu1 dan1 wei4	no-cc-cedict-entry
虚拟专用网络	虛擬專用網絡	xu1 ni2 zhuan1 yong4 wang3 luo4	no-cc-cedict-entry
虚拟主机	虛擬主機	xu1 ni3 zhu3 ji1	no-cc-cedict-entry
虚拟内存	虛擬內存	xu1 ni3 nei4 cun2	no-cc-cedict-entry
虚拟局域网	虛擬局域網	xu1 ni3 ju2 yu4 wang3	no-cc-cedict-entry
虚拟社区	虛擬社區	xu1 ni3 she4 qu1	no-cc-cedict-entry
虚拟私人网路	虛擬私人網路	xu1 ni3 si1 ren2 wang3 lu4	no-cc-cedict-entry
虚胖	虛胖	xu1 pang4	no-cc-cedict-entry
虚轴	虛軸	xu1 zhou2	no-cc-cedict-entry
虚骨龙	虛骨龍	xu1 gu3 long2	no-cc-cedict-entry
虥	虥	zhan4	no-cc-cedict-entry
虫儿	蟲兒	chong2 r	no-cc-cedict-entry
虫孽	蟲孽	chong2 nie4	no-cc-cedict-entry
虫师	蟲師	chong2 shi1	no-cc-cedict-entry
虫虫危机	蟲蟲危機	chong2 chong2 wei1 ji1	no-cc-cedict-entry
虫黄藻	虫黄藻	chong2 huang2 zao3	no-cc-cedict-entry
虵	虵	she2	no-cc-cedict-entry
虹	虹	jiang4	no-cc-cedict-entry
虾蛄科	蝦蛄科	xia1 gu1 ke1	no-cc-cedict-entry
蚀变	蝕變	shi2 bian4	no-cc-cedict-entry
蚘	蚘	hui2	no-cc-cedict-entry
蛃	蛃	bing3	no-cc-cedict-entry
蛇发女妖	蛇髮女妖	she2 fa3 nu:3 yao1	no-cc-cedict-entry
蛇引理	蛇引理	she2 yin3 li3	no-cc-cedict-entry
蛇形刁手	蛇形刁手	she2 xing2 diao1 shou3	no-cc-cedict-entry
蛋白质转渍法	蛋白質轉漬法	dan4 bai2 zhi2 zhuan4 zi4 fa3	no-cc-cedict-entry
蛛化精灵	蛛化精靈	zhu1 hua4 jing1 ling2	no-cc-cedict-entry
蛰	蟄	zhi2	no-cc-cedict-entry
蜂虎科	蜂虎科	feng1 hu3 ke1	no-cc-cedict-entry
蜂蜜与四叶草	蜂蜜與四葉草	feng1 mi4 yu3 si4 ye4 cao3	no-cc-cedict-entry
蜉蝣目	蜉蝣目	fu2 you2 mu4	no-cc-cedict-entry
蜘蛛巢城	蜘蛛巢城	zhi1 zhu1 chao2 cheng2	no-cc-cedict-entry
蜜桃女孩	蜜桃女孩	mi4 tao2 ru3 hai2	no-cc-cedict-entry
蜥脚下目	蜥腳下目	xi1 jiao3 xia4 mu4	no-cc-cedict-entry
蜨	蜨	die2	no-cc-cedict-entry
蜱螨目	蜱螨目	pi2 man3 mu4	no-cc-cedict-entry
蜺	蜺	ni2	no-cc-cedict-entry
蝀	蝀	dong1	no-cc-cedict-entry
蝙蝠侠归来	蝙蝠俠歸來	bian1 fu2 xia2 gui1 lai2	no-cc-cedict-entry
蝟	蝟	wei4	no-cc-cedict-entry
蝨	蝨	shi1	no-cc-cedict-entry
蝯	蝯	yuan2	no-cc-cedict-entry
蝴蝶夫人	蝴蝶夫人	hu2 die2 fu1 ren2	no-cc-cedict-entry
融合的	融合的	rong2 he2 de5	no-cc-cedict-entry
螮	螮	di4	no-cc-cedict-entry
螳蜋	螳螂	tang2 lang2	no-cc-cedict-entry
螳螂拳	螳螂拳	tang2 lang2 quan2	no-cc-cedict-entry
螺旋星云	螺旋星雲	luo2 xuan2 xing1 yun2	no-cc-cedict-entry
螺旋线	螺旋線	luo2 xuan2 xian4	no-cc-cedict-entry
螿	螿	jiang1	no-cc-cedict-entry
蟆	蟆	ma5	no-cc-cedict-entry
蟑蜋	蟑螂	zhang1 lang2	no-cc-cedict-entry
蟑螂老爹	蟑螂老爹	zhang1 lang2 lao3 die1	no-cc-cedict-entry
蟹爪兰	蟹爪蘭	xie4 zhua3 lan2	no-cc-cedict-entry
蠏	蠏	xie4	no-cc-cedict-entry
蠔	蠔	hao2	no-cc-cedict-entry
蠕虫病毒	蠕虫病毒	ru2 chong2 bing4 du2	no-cc-cedict-entry
蠙	蠙	bin1	no-cc-cedict-entry
蠢蛋搞怪秀	蠢蛋搞怪秀	chun3 dan4 gao3 guai4 xiu4	no-cc-cedict-entry
蠨	蠨	xiao1	no-cc-cedict-entry
蠩	蠩	zhu1	no-cc-cedict-entry
蠺	蠺	can2	no-cc-cedict-entry
血仇	血仇	xue4 chou5	no-cc-cedict-entry
血性	血性	xie3 xing4	no-cc-cedict-entry
血晕	血暈	xue4 yun1	no-cc-cedict-entry
血淋淋	血淋淋	xue4 lin2 lin2	no-cc-cedict-entry
血管内皮生长因子	血管內皮生長因子	xie3 guan3 nei4 pi2 sheng1 zhang3 yin1 zi3	no-cc-cedict-entry
血管紧张素转化酶抑制剂	血管緊張素轉化酶抑制劑	xue4 guan3 jin3 zhang1 su4 zhuan3 hua4 mei2 yi4 zhi4 ji4	no-cc-cedict-entry
血红	血紅	xue4 hong2	no-cc-cedict-entry
血红色	血紅色	xie3 hong2 se4	no-cc-cedict-entry
血雀	血雀	xue3 que4	no-cc-cedict-entry
血雉	血雉	xue3 zhi4	no-cc-cedict-entry
行	行	xing4	no-cc-cedict-entry
行万里路，读万卷书	行萬里路，讀萬卷書	xing2 wan4 li3 lu4 , du2 wan4 juan4 shu1	no-cc-cedict-entry
行业协会	行業協會	hang2 ye4 xie2 hui4	no-cc-cedict-entry
行人穿越道	行人穿越道	xing2 ren2 chuan1 yue4 dao4	no-cc-cedict-entry
行政处罚	行政處罰	xing2 zheng4 chu3 fa2	no-cc-cedict-entry
行政村	行政村	xing2 zheng4 cun1	no-cc-cedict-entry
行政法规	行政法規	xing2 zheng4 fa3 gui1	no-cc-cedict-entry
行政院长	行政院長	xing2 zheng4 yuan4 zhang3	no-cc-cedict-entry
衔铁	銜鐵	xian2 tie3	no-cc-cedict-entry
衖	衖	long4	no-cc-cedict-entry
街口	街口	jie1 kou3	no-cc-cedict-entry
街头篮球	街頭籃球	jie1 tou2 lan2 qiu2	no-cc-cedict-entry
街头艺术	街頭藝術	jie1 tou2 yi4 shu4	no-cc-cedict-entry
衝突	衝突	chong1 tu1	no-cc-cedict-entry
衡器	衡器	heng2 qi4	no-cc-cedict-entry
衣锦还乡	衣錦還鄉	yi4 jin3 huan2 xiang1	no-cc-cedict-entry
衣阿华级战列舰	衣阿華級戰列艦	yi1 a1 hua2 ji2 zhan4 lie4 jian4	no-cc-cedict-entry
补白文章	補白文章	bu3 bai2 wen2 zhang1	no-cc-cedict-entry
表四	表四	piao3 si4	no-cc-cedict-entry
表情图	表情圖	biao3 qing2 tu2	no-cc-cedict-entry
表情符号	表情符號	biao3 qing2 fu2 hao4	no-cc-cedict-entry
表现出	表現出	biao3 xian4 chu1	no-cc-cedict-entry
表达方式	表達方式	biao3 da2 fang1 shi4	no-cc-cedict-entry
表面处理	表面處理	biao3 mian4 chu3 li3	no-cc-cedict-entry
衰仔乐园	衰仔樂園	shuai1 zi1 le4 yuan2	no-cc-cedict-entry
衰老的	衰老的	shuai1 lao3 de5	no-cc-cedict-entry
衰退的	衰退的	shuai1 tui4 de5	no-cc-cedict-entry
衰退达人	衰退達人	shuai1 tui4 da2 ren2	no-cc-cedict-entry
袋井市	袋井市	dai4 jing3 shi4	no-cc-cedict-entry
被人操的	被人操的	bei4 ren2 cao1 de5	no-cc-cedict-entry
被俘	被俘	bei4 fu2	no-cc-cedict-entry
被判	被判	bei4 pan4	no-cc-cedict-entry
被判死刑	被判死刑	bei4 pan4 si3 xing2	no-cc-cedict-entry
被子植物种系发生学组	被子植物種系發生學組	bei4 zi5 zhi2 wu4 zhong3 xi4 fa1 sheng1 xue2 zu3	no-cc-cedict-entry
被害	被害	bei4 hai4	no-cc-cedict-entry
被强奸	被強姦	bei4 qiang2 jian1	no-cc-cedict-entry
被抓	被抓	bei4 zhua1	no-cc-cedict-entry
被杀	被殺	bei4 sha1	no-cc-cedict-entry
被炸	被炸	bei4 zha4	no-cc-cedict-entry
被疑者	被疑者	bei4 yi2 zhe3	no-cc-cedict-entry
被盗	被盜	bei4 dao4	no-cc-cedict-entry
被禁	被禁	bei4 jin4	no-cc-cedict-entry
被禁止	被禁止	bei4 jin4 zhi3	no-cc-cedict-entry
被称为	被稱為	bei4 cheng1 wei2	no-cc-cedict-entry
被誉为	被譽為	bei4 yu4 wei2	no-cc-cedict-entry
被赶走	被趕走	bei4 gan3 zou3	no-cc-cedict-entry
被逐	被逐	bei4 zhu2	no-cc-cedict-entry
袴	袴	ku4	no-cc-cedict-entry
裁军实况	裁军实况	cai2 jun1 shi2 kuang4	no-cc-cedict-entry
裂冰	裂冰	lie4 bing1	no-cc-cedict-entry
裂口女	裂口女	lie4 kou3 ru3	no-cc-cedict-entry
裂唇鱼	裂唇魚	lie4 chun2 yu2	no-cc-cedict-entry
装上	裝上	zhuang1 shang4	no-cc-cedict-entry
装上帆	裝上帆	zhuang1 shang4 fan2	no-cc-cedict-entry
装做	裝做	zhuang1 zuo4	no-cc-cedict-entry
装甲掷弹兵	裝甲擲彈兵	zhuang1 jia3 zhi4 dan4 bing1	no-cc-cedict-entry
装相	裝相	zhuang1 xiang4	no-cc-cedict-entry
装运前检验	装运前检验	zhuang1 yun4 qian2 jian3 yan4	no-cc-cedict-entry
装饰材料	裝飾材料	zhuang1 shi4 cai2 liao4	no-cc-cedict-entry
裌	裌	jia2	no-cc-cedict-entry
裕德龄	裕德齡	yu4 de2 ling2	no-cc-cedict-entry
裘力斯・恺撒	裘力斯・愷撒	Qiu2 li4 si1 · Kai3 sa3	no-cc-cedict-entry
裘力斯·恺撒	裘力斯·愷撒	Qiu2 li4 si1 · Kai3 sa3	no-cc-cedict-entry
裱糊匠	裱糊匠	biao3 hu2 jiang4	no-cc-cedict-entry
裴隆	裴隆	pei2 long2	no-cc-cedict-entry
裸猿	裸猿	luo3 yuan2	no-cc-cedict-entry
裾野市	裾野市	ju1 ye3 shi4	no-cc-cedict-entry
褃	褃	ken4	no-cc-cedict-entry
褐背鹟䴗	褐背鶲鶪	he4 bei4 weng1 ju2	no-cc-cedict-entry
褔	褔	fu2	no-cc-cedict-entry
褪套儿	褪套兒	tun4 tao4 r	no-cc-cedict-entry
褶皱山系火地岛	褶皺山系火地島	zhe3 zhou4 shan1 xi4 huo3 di4 dao3	no-cc-cedict-entry
襆	襆	pu2	no-cc-cedict-entry
西乡隆盛	西鄉隆盛	xi1 xiang1 long2 sheng4	no-cc-cedict-entry
西伯克郡	西伯剋郡	xi1 bo2 ke4 jun4	no-cc-cedict-entry
西佩托堤克	西珮託隄剋	xi1 pei4 tuo1 di1 ke4	no-cc-cedict-entry
西兴部村	西興部村	xi1 xing1 bu4 cun1	no-cc-cedict-entry
西北偏北	西北偏北	xi1 bei3 pian1 bei3	no-cc-cedict-entry
西北地区	西北地區	xi1 bei3 di4 qu1	no-cc-cedict-entry
西北角	西北角	xi1 bei3 jia3	no-cc-cedict-entry
西单图书大厦	西單圖書大廈	xi1 dan1 tu2 shu1 da4 sha4	no-cc-cedict-entry
西印度僧海豹	西印度僧海豹	xi1 yin4 du4 seng1 hai3 bao4	no-cc-cedict-entry
西城男孩	西城男孩	xi1 cheng2 nan2 hai2	no-cc-cedict-entry
西塞龙	西塞龙	xi1 sai1 long2	no-cc-cedict-entry
西夏文	西夏文	xi1 xia4 wen2	no-cc-cedict-entry
西太后	西太后	xi1 tai4 hou4	no-cc-cedict-entry
西姆拉	西姆拉	xi1 mu3 la1	no-cc-cedict-entry
西姆松定理	西姆鬆定理	xi1 mu3 song1 ding4 li3	no-cc-cedict-entry
西岸	西岸	xi1 an4	no-cc-cedict-entry
西帕利维尼	西帕利維尼	xi1 pa4 li4 wei2 ni2	no-cc-cedict-entry
西归浦市	西歸浦市	xi1 gui1 pu3 shi4	no-cc-cedict-entry
西恩塔	西恩塔	xi1 en1 ta3	no-cc-cedict-entry
西挪威	西挪威	xi1 nuo2 wei1	no-cc-cedict-entry
西斯	西斯	xi1 si1	no-cc-cedict-entry
西方国家	西方國家	xi1 fang1 guo2 jia1	no-cc-cedict-entry
西方墨点法	西方墨點法	xi1 fang1 mo4 dian3 fa3	no-cc-cedict-entry
西方文化	西方文化	xi1 fang1 wen2 hua4	no-cc-cedict-entry
西昌卫星发射中心	西昌衛星發射中心	xi1 chang1 wei4 xing1 fa1 she4 zhong1 xin1	no-cc-cedict-entry
西曼兰省	西曼蘭省	xi1 man4 lan2 sheng3	no-cc-cedict-entry
西条市	西條市	xi1 tiao2 shi4	no-cc-cedict-entry
西柯汶纳	西柯汶納	xi1 ke1 wen4 na4	no-cc-cedict-entry
西江大学	西江大學	xi1 jiang1 dai4 xue2	no-cc-cedict-entry
西湾	西灣	xi1 wan1	no-cc-cedict-entry
西班牙人足球俱乐部	西班牙人足球俱樂部	xi1 ban1 ya2 ren2 zu2 qiu2 ju4 le4 bu4	no-cc-cedict-entry
西班牙国家男子篮球队	西班牙國家男子籃球隊	xi1 ban1 ya2 guo2 jia1 nan2 zi3 lan2 qiu2 dui4	no-cc-cedict-entry
西班牙大帆船	西班牙大帆船	xi1 ban1 ya2 dai4 fan1 chuan2	no-cc-cedict-entry
西班牙王位继承战争	西班牙王位繼承戰爭	xi1 ban1 ya2 wang2 wei4 ji4 cheng2 zhan4 zheng1	no-cc-cedict-entry
西索瓦	西索瓦	xi1 suo3 wa3	no-cc-cedict-entry
西线无战事	西線無戰事	xi1 xian4 wu2 zhan4 shi4	no-cc-cedict-entry
西耶尔	西耶爾	xi1 ye2 er3	no-cc-cedict-entry
西蒙洛夫半自动卡宾枪	西蒙洛夫半自動卡賓槍	xi1 meng2 luo4 fu1 ban4 zi4 dong4 ka3 bin1 qiang1	no-cc-cedict-entry
西藏历史	西藏歷史	xi1 zang4 li4 shi3	no-cc-cedict-entry
西藏野驴	西藏野驢	xi1 zang4 ye3 lu:2	no-cc-cedict-entry
西赤道州	西赤道州	xi1 chi4 dao4 zhou1	no-cc-cedict-entry
西郊	西郊	xi1 jiao1	no-cc-cedict-entry
西部世界	西部世界	xi1 bu4 shi4 jie4	no-cc-cedict-entry
西门庆	西門慶	Xi1 men1 Qing4	no-cc-cedict-entry
西门菲莎大学	西門菲莎大學	xi1 men2 fei1 sha1 da4 xue2	no-cc-cedict-entry
西限	西限	xi1 xian4	no-cc-cedict-entry
西领角鸮	西領角鴞	xi1 ling3 jiao3 xiao1	no-cc-cedict-entry
西风	西風	xi1 feng1	no-cc-cedict-entry
西餐厅	西餐廳	xi1 can1 ting1	no-cc-cedict-entry
西高止山脉	西高止山脈	xi1 gao1 zhi3 shan1 mai4	no-cc-cedict-entry
要注意	要注意	yao4 zhu4 yi4	no-cc-cedict-entry
要约	要約	yao1 yue4	no-cc-cedict-entry
要花	要花	yao4 hua1	no-cc-cedict-entry
覆盖层	覆蓋層	fu4 gai4 ceng2	no-cc-cedict-entry
覈	覈	he2	no-cc-cedict-entry
见血封喉	見血封喉	jian4 xue4 feng1 hou2	no-cc-cedict-entry
见过	見過	jian4 guo4	no-cc-cedict-entry
见附件	見附件	jian4 fu4 jian4	no-cc-cedict-entry
观察家报	觀察家報	guan1 cha2 jia1 bao4	no-cc-cedict-entry
规格化正交	規格化正交	gui1 ge2 hua4 zheng4 jiao1	no-cc-cedict-entry
规模化	規模化	gui1 mo2 hua4	no-cc-cedict-entry
视宁度	視寧度	shi4 ning2 duo2	no-cc-cedict-entry
视点	視點	shi4 dian3	no-cc-cedict-entry
视窗系统	視窗系統	shi4 chuang1 xi4 tong3	no-cc-cedict-entry
视频文件格式	視頻文件格式	shi4 pin2 wen2 jian4 ge2 shi4	no-cc-cedict-entry
视频日志	視頻日誌	shi4 pin2 ri4 zhi4	no-cc-cedict-entry
视黄醛	視黃醛	shi4 huang2 quan2	no-cc-cedict-entry
觉囊派	覺囊派	jue2 nang2 pai4	no-cc-cedict-entry
角色扮演	角色扮演	jue2 se4 ban4 yan3	no-cc-cedict-entry
角雉属	角雉屬	jiao3 zhi4 shu3	no-cc-cedict-entry
角鸮属	角鴞屬	jue2 xiao1 shu3	no-cc-cedict-entry
解下	解下	jie3 xia4	no-cc-cedict-entry
解决方案	解決方案	jie3 jue2 fang1 an4	no-cc-cedict-entry
解决问题	解決問題	jie3 jue2 wen4 ti2	no-cc-cedict-entry
解析变换	解析變換	jie3 xi1 bian4 huan4	no-cc-cedict-entry
解析式	解析式	jie3 xi1 shi4	no-cc-cedict-entry
解约通知	解約通知	jie3 yue1 tong1 zhi1	no-cc-cedict-entry
解调器	解調器	jie3 tiao2 qi4	no-cc-cedict-entry
解除好友	解除好友	jie3 chu2 hao3 you3	no-cc-cedict-entry
解除封锁	解除封鎖	jie3 chu2 feng1 suo3	no-cc-cedict-entry
触地	觸地	chu4 de5	no-cc-cedict-entry
触身球	觸身球	chu4 shen1 qiu2	no-cc-cedict-entry
言语治疗	言語治療	yan2 yu3 zhi4 liao2	no-cc-cedict-entry
訏	訏	xu1	no-cc-cedict-entry
訒	訒	ren4	no-cc-cedict-entry
証	証	zheng4	no-cc-cedict-entry
詀	詀	zhan1	no-cc-cedict-entry
詖	詖	bi4	no-cc-cedict-entry
詗	詗	xiong4	no-cc-cedict-entry
詝	詝	zhu3	no-cc-cedict-entry
詶	詶	chou2	no-cc-cedict-entry
詹姆斯敦	詹姆斯敦	zhan1 mu3 si1 dun1	no-cc-cedict-entry
誉为	譽為	yu4 wei2	no-cc-cedict-entry
誉满全球	譽滿全球	yu4 man3 quan2 qiu2	no-cc-cedict-entry
諟	諟	shi4	no-cc-cedict-entry
諡	諡	shi4	no-cc-cedict-entry
謏	謏	xiao3	no-cc-cedict-entry
譆	譆	xi1	no-cc-cedict-entry
譞	譞	xuan1	no-cc-cedict-entry
警务	警務	jing3 wu4	no-cc-cedict-entry
警察故事	警察故事	jing3 cha2 gu4 shi4	no-cc-cedict-entry
警校	警校	jing3 xiao4	no-cc-cedict-entry
警长	警長	jing3 zhang2	no-cc-cedict-entry
譸	譸	zhou1	no-cc-cedict-entry
讅	讅	shen3	no-cc-cedict-entry
讋	讋	zhe2	no-cc-cedict-entry
讙	讙	huan1	no-cc-cedict-entry
讟	讟	du2	no-cc-cedict-entry
计算复杂性理论	計算複雜性理論	ji4 suan4 fu4 za2 xing4 li3 lun4	no-cc-cedict-entry
计算方法	計算方法	ji4 suan4 fang1 fa3	no-cc-cedict-entry
计算机应用	計算機應用	ji4 suan4 ji1 ying1 yong4	no-cc-cedict-entry
计算机技术	計算機技術	ji4 suan4 ji1 ji4 shu4	no-cc-cedict-entry
计算机病毒	計算機病毒	ji4 suan4 ji1 bing4 du2	no-cc-cedict-entry
计算机系统	計算機系統	ji4 suan4 ji1 xi4 tong3	no-cc-cedict-entry
计算机网络	計算機網絡	ji4 suan4 ji1 wang3 luo4	no-cc-cedict-entry
计算机软件	計算機軟件	ji4 suan4 ji1 ruan3 jian4	no-cc-cedict-entry
计算流体力学	計算流體力學	ji4 suan4 liu2 ti3 li4 xue2	no-cc-cedict-entry
计算计	計算計	ji4 suan4 ji4	no-cc-cedict-entry
计费	計費	ji4 fei4	no-cc-cedict-entry
计量单位	計量單位	ji4 liang4 dan1 wei4	no-cc-cedict-entry
订货量	訂貨量	ding4 huo4 liang4	no-cc-cedict-entry
认罪求情协议	認罪求情協議	ren4 zui4 qiu2 qing2 xie2 yi4	no-cc-cedict-entry
认识的人	認識的人	ren4 shi2 de5 ren2	no-cc-cedict-entry
讨论的议题	討論的議題	tao3 lun4 de5 yi4 ti2	no-cc-cedict-entry
让克劳德	让克劳德	rang4 ke4 lao2 de2	no-cc-cedict-entry
让出	讓出	rang4 chu1	no-cc-cedict-entry
让布卢	讓布盧	rang4 bu4 lu2	no-cc-cedict-entry
让我静一静	讓我靜一靜	rang4 wo3 jing4 yi1 jing4	no-cc-cedict-entry
让蒂尔港	讓蒂爾港	rang4 di4 er3 gang3	no-cc-cedict-entry
让－法郎索瓦	让－法郎索瓦	rang4 fa3 lang2 suo3 wa3	no-cc-cedict-entry
让-吕克·梅朗雄	讓-呂克·梅朗雄	Rang4 - lu:3 ke4 · mei2 lang3 xiong2	no-cc-cedict-entry
训练日	訓練日	xun4 lian4 ri4	no-cc-cedict-entry
训练有素	訓練有素	xun4 lian4 you3 su4	no-cc-cedict-entry
议事亭前地	議事亭前地	yi4 shi4 ting2 qian2 di4	no-cc-cedict-entry
讯连科技	訊連科技	xun4 lian2 ke1 ji4	no-cc-cedict-entry
记下	記下	ji4 xia4	no-cc-cedict-entry
记数法	記數法	ji4 shu4 fa3	no-cc-cedict-entry
记着	記著	ji4 zhe5	no-cc-cedict-entry
记者采访	記者採訪	ji4 zhe3 cai3 fang3	no-cc-cedict-entry
讲谈社	講談社	jiang3 tan2 she4	no-cc-cedict-entry
讲道馆	講道館	jiang3 dao4 guan3	no-cc-cedict-entry
讷伊	讷伊	Ne4 yi1	no-cc-cedict-entry
讷伊普莱桑斯	讷伊普萊桑斯	Ne4 yi1 pu3 lai2 sang1 si1	no-cc-cedict-entry
许仙	許仙	xu3 xian1	no-cc-cedict-entry
许普诺斯	許普諾斯	xu3 pu3 nuo4 si1	no-cc-cedict-entry
许癸厄亚	許癸厄亞	xu3 gui3 e4 ya4	no-cc-cedict-entry
许许	許許	hu3 hu3	no-cc-cedict-entry
论文集	論文集	lun4 wen2 ji2	no-cc-cedict-entry
论辩	論辯	lun4 bian4	no-cc-cedict-entry
讼务律师	訟務律師	song4 wu4 lu:4 shi1	no-cc-cedict-entry
设在	設在	she4 zai4	no-cc-cedict-entry
设备文件系统	設備文件繫統	she4 bei4 wen2 jian4 xi4 tong3	no-cc-cedict-entry
设备管理	设备管理	she4 bei4 guan3 li3	no-cc-cedict-entry
设拉子	設拉子	she4 la1 zi3	no-cc-cedict-entry
设计人员	設計人員	she4 ji4 ren2 yuan2	no-cc-cedict-entry
设计制作	設計制作	she4 ji4 zhi4 zuo4	no-cc-cedict-entry
设计图	設計圖	she4 ji4 tu2	no-cc-cedict-entry
设计方案	設計方案	she4 ji4 fang1 an4	no-cc-cedict-entry
访问者模式	訪問者模式	fang3 wen4 zhe3 mu2 shi4	no-cc-cedict-entry
证券投资	證券投資	zheng4 quan4 tou2 zi1	no-cc-cedict-entry
证券投资基金	證券投資基金	zheng4 quan4 tou2 zi1 ji1 jin1	no-cc-cedict-entry
证号	證號	zheng4 hao4	no-cc-cedict-entry
评测	評測	ping2 ce4	no-cc-cedict-entry
诈弹	炸彈	zha4 dan4	no-cc-cedict-entry
诉讼当事人	訴訟當事人	su4 song4 dang1 shi4 ren2	no-cc-cedict-entry
词汇判断任务	詞彙判斷任務	ci2 hui4 pan4 duan4 ren4 wu5	no-cc-cedict-entry
试凑法	試湊法	shi4 cou4 fa3	no-cc-cedict-entry
试点农场	試點農場	shi4 dian3 nong2 chang3	no-cc-cedict-entry
试试	試試	shi4 shi5	no-cc-cedict-entry
试运行	試運行	shi4 yun4 xing2	no-cc-cedict-entry
试金石影片	試金石影片	shi4 jin1 shi2 ying3 pian1	no-cc-cedict-entry
试验机	試驗機	shi4 yan4 ji1	no-cc-cedict-entry
试验设计	試驗設計	shi4 yan4 she4 ji4	no-cc-cedict-entry
诗丽吉王后	詩麗吉王后	shi1 li4 ji2 wang2 hou4	no-cc-cedict-entry
诗格洛丝	詩格洛絲	shi1 ge2 luo4 si1	no-cc-cedict-entry
诗神袖蝶	詩神袖蝶	shi1 shen2 xiu4 die2	no-cc-cedict-entry
诚品书店	誠品書店	cheng2 pin3 shu1 dian4	no-cc-cedict-entry
询问处	詢問處	xun2 wen4 chu4	no-cc-cedict-entry
询问者	詢問者	xun2 wen4 zhe3	no-cc-cedict-entry
详细信息	詳細信息	xiang2 xi4 xin4 xi1	no-cc-cedict-entry
详细情况	詳細情況	xiang2 xi4 qing2 kuang4	no-cc-cedict-entry
详细说明	詳細說明	xiang2 xi4 shuo1 ming2	no-cc-cedict-entry
详细资料	詳細資料	xiang2 xi4 zi1 liao4	no-cc-cedict-entry
语	語	yu2	no-cc-cedict-entry
语境依赖性	語境依賴性	yu3 jing4 yi1 lai4 xing4	no-cc-cedict-entry
语文教学	語文教學	yu3 wen2 jiao4 xue2	no-cc-cedict-entry
语文老师	語文老師	yu3 wen2 lao3 shi1	no-cc-cedict-entry
语种	語種	yu3 zhong4	no-cc-cedict-entry
语言暴力	語言暴力	yu3 yan2 bao4 li4	no-cc-cedict-entry
误以为	誤以為	wu4 yi3 wei2	no-cc-cedict-entry
诱惑力	誘惑力	you4 huo4 li4	no-cc-cedict-entry
说一切有部	說一切有部	shuo1 yi1 qie4 you3 bu4	no-cc-cedict-entry
说不清	說不清	shuo1 bu5 qing1	no-cc-cedict-entry
说实在的	說實在的	shuo1 shi2 zai4 de5	no-cc-cedict-entry
说是一回事，做又是另外一回事	說是一回事，做又是另外一回事	shuo1 shi4 yi1 hui2 shi4 , zuo4 you4 shi4 ling4 wai4 yi1 hui2 shi4	no-cc-cedict-entry
说谎的人	說謊的人	shuo1 huang3 de5 ren2	no-cc-cedict-entry
说过	說過	shuo1 guo4	no-cc-cedict-entry
诶笑	誒笑	ei1 xiao4	no-cc-cedict-entry
请喝茶	請喝茶	qing3 he1 cha2	no-cc-cedict-entry
请您回复	請您回復	qing3 nin2 hui2 fu4	no-cc-cedict-entry
请慢用	請慢用	qing3 man4 yong4	no-cc-cedict-entry
请来	請來	qing3 lai2	no-cc-cedict-entry
请稍等	請稍等	qing3 shao1 deng3	no-cc-cedict-entry
请见	請見	qing3 jian4	no-cc-cedict-entry
诸神的黄昏	諸神的黃昏	zhu1 shen2 di4 huang2 hun1	no-cc-cedict-entry
诺丁山	諾丁山	nuo4 ding1 shan1	no-cc-cedict-entry
诺亚布尔斯克	諾亞布爾斯剋	nuo4 ya4 bu4 er3 si1 ke4	no-cc-cedict-entry
诺伊曼边界条件	諾伊曼邊界條件	nuo4 yi1 man4 bian5 jie4 tiao2 jian4	no-cc-cedict-entry
诺伊鲁平	諾伊魯平	nuo4 yi1 lu3 ping2	no-cc-cedict-entry
诺克斯堡	諾克斯堡	nuo4 ke4 si1 bao3	no-cc-cedict-entry
诺克斯维尔	諾克斯維爾	nuo4 ke4 si1 wei2 er3	no-cc-cedict-entry
诺基亚西门子网路	諾基亞西門子網路	nuo4 ji1 ya4 xi1 men2 zi3 wang3 lu4	no-cc-cedict-entry
诺威萨	諾威薩	nuo4 wei1 sa4	no-cc-cedict-entry
诺特定理	諾特定理	nuo4 te4 ding4 li3	no-cc-cedict-entry
诺特环	諾特環	nuo4 te4 huan2	no-cc-cedict-entry
读卖	讀賣	du2 mai4	no-cc-cedict-entry
读卖巨人	讀賣巨人	du2 mai4 ju4 ren2	no-cc-cedict-entry
谁	誰	shui2	no-cc-cedict-entry
谁人	誰人	shei2 ren2	no-cc-cedict-entry
谁的	誰的	shei2 de5	no-cc-cedict-entry
调查委员会	調查委員會	diao4 cha2 wei3 yuan2 hui4	no-cc-cedict-entry
调查报告	調查報告	diao4 cha2 bao4 gao4	no-cc-cedict-entry
调查研究	調查研究	diao4 cha2 yan2 jiu1	no-cc-cedict-entry
谈性变色	談性變色	tan2 xing4 bian4 se4	no-cc-cedict-entry
谈笑	談笑	tan2 xiao4	no-cc-cedict-entry
谍对谍	諜對諜	die2 dui4 die2	no-cc-cedict-entry
谏义里佩西克足球俱乐部	諫義裡佩西克足球俱樂部	jian4 yi4 li3 pei4 xi1 ke4 zu2 qiu2 ju4 le4 bu4	no-cc-cedict-entry
谐振频率	諧振頻率	xie2 zhen4 pin2 lu:4	no-cc-cedict-entry
谐量分析	諧量分析	xie2 liang4 fen1 xi1	no-cc-cedict-entry
谟涅摩叙涅	謨涅摩敘涅	mo2 nie4 mo2 xu4 nie4	no-cc-cedict-entry
谢姆冈宗	謝姆岡宗	xie4 mu3 gang1 zong1	no-cc-cedict-entry
谢氏塔喙鲸	謝氏塔喙鯨	xie4 shi4 ta3 hui4 jing1	no-cc-cedict-entry
谢罗夫	謝羅夫	xie4 luo2 fu1	no-cc-cedict-entry
谢谢你	謝謝你	xie4 xie5 ni3	no-cc-cedict-entry
谢谢您	謝謝您	xie4 xie5 nin2	no-cc-cedict-entry
谥	謚	yi4	no-cc-cedict-entry
谦逊耗子	謙遜耗子	qian1 xun4 hao4 zi5	no-cc-cedict-entry
谷	谷	yu4	no-cc-cedict-entry
谷物法	穀物法	gu3 wu4 fa3	no-cc-cedict-entry
豆目	荳目	dou4 mu4	no-cc-cedict-entry
豆芽小文	豆芽小文	dou4 ya2 xiao3 wen2	no-cc-cedict-entry
象徵	象徵	xiang4 zheng1	no-cc-cedict-entry
象泉河	象泉河	xiang4 quan2 he2	no-cc-cedict-entry
豪伊杜·比豪尔	豪伊杜·比豪爾	Hao2 yi1 du4 · Bi3 hao2 er3	no-cc-cedict-entry
豪伊杜·比豪尔州	豪伊杜·比豪爾州	Hao2 yi1 du4 · Bi4 hao2 er3 zhou1	no-cc-cedict-entry
豪克斯湾	豪克斯灣	hao2 ke4 si1 wan1	no-cc-cedict-entry
豪勋爵海丘	豪勳爵海丘	hao2 xun1 jue2 hai3 qiu1	no-cc-cedict-entry
豪华版	豪華版	hao2 hua2 ban3	no-cc-cedict-entry
豪尔根	豪爾根	hao2 er3 gen1	no-cc-cedict-entry
豪尔赫埃利亚斯	豪尔赫埃利亚斯	hao2 er3 he4 ai1 li4 ya4 si1	no-cc-cedict-entry
豪情	豪情	hao2 qing2	no-cc-cedict-entry
豪斯多夫空间	豪斯多夫空間	hao2 si1 duo1 fu1 kong1 jian1	no-cc-cedict-entry
豪登省	豪登省	hao2 deng1 sheng3	no-cc-cedict-entry
豶	豶	fen2	no-cc-cedict-entry
豹式坦克	豹式坦剋	bao4 shi4 tan3 ke4	no-cc-cedict-entry
豺狼当涂	豺狼當涂	chai2 lang2 dang1 tu2	no-cc-cedict-entry
貉	貉	hao2	no-cc-cedict-entry
貍	貍	li2	no-cc-cedict-entry
賵	賵	feng4	no-cc-cedict-entry
贇	贇	yun1	no-cc-cedict-entry
贔	贔	bi4	no-cc-cedict-entry
贝伦区	貝倫區	bei4 lun2 qu1	no-cc-cedict-entry
贝伦塔	貝倫塔	bei4 lun2 ta3	no-cc-cedict-entry
贝努埃州	貝努埃州	bei4 nu3 ai1 zhou1	no-cc-cedict-entry
贝勒大学	貝勒大學	bei4 le4 da4 xue2	no-cc-cedict-entry
贝塞尔函数	貝塞爾函數	bei4 sai1 er3 han2 shu4	no-cc-cedict-entry
贝姨	貝姨	bei4 yi2	no-cc-cedict-entry
贝娜齐尔·布托	貝娜齊爾·布托	Bei4 na4 qi2 er3 · Bu4 tuo1	no-cc-cedict-entry
贝尔数	貝爾數	bei4 er3 shu3	no-cc-cedict-entry
贝尔斯希尔	貝爾斯希爾	bei4 er3 si1 xi1 er3	no-cc-cedict-entry
贝尔福	貝爾福	Bei4 er3 fu2	no-cc-cedict-entry
贝希特斯加登县	貝希特斯加登縣	bei4 xi1 te4 si1 jia1 deng1 xian4	no-cc-cedict-entry
贝恩资本	貝恩資本	bei4 en1 zi1 ben3	no-cc-cedict-entry
贝桑于潘港	貝桑於潘港	bei4 sang1 yu2 pan1 gang3	no-cc-cedict-entry
贝甘蒂诺	貝甘蒂諾	bei4 gan1 di4 nuo4	no-cc-cedict-entry
贝贝	貝貝	bei4 bei5	no-cc-cedict-entry
贝贾亚	貝賈亞	bei4 jia3 ya4	no-cc-cedict-entry
贝阿特丽丝	贝阿特丽丝	bei4 a1 te2 li2 si1	no-cc-cedict-entry
贝阿铁路	貝阿鐵路	bei4 a tie3 lu4	no-cc-cedict-entry
贝·布托	貝·佈托	Bei4 · Bu4 tuo1	no-cc-cedict-entry
负号规则	負號規則	fu4 hao4 gui1 ze2	no-cc-cedict-entry
负定	負定	fu4 ding4	no-cc-cedict-entry
负定向	負定向	fu4 ding4 xiang4	no-cc-cedict-entry
负资产	負資産	fu4 zi1 chan3	no-cc-cedict-entry
负面影响	負面影響	fu4 mian4 ying3 xiang3	no-cc-cedict-entry
贡嘎山	貢嘎山	gong4 ga2 shan1	no-cc-cedict-entry
贡贝州	貢貝州	gong4 bei4 zhou1	no-cc-cedict-entry
财产损失	财产损失	cai2 chan3 sun3 shi1	no-cc-cedict-entry
财务会计	財務會計	cai2 wu4 kuai4 ji4	no-cc-cedict-entry
财务分析	財務分析	cai2 wu4 fen1 xi1	no-cc-cedict-entry
财务委员会	財務委員會	cai2 wu4 wei3 yuan2 hui4	no-cc-cedict-entry
财务官	財務官	cai2 wu4 guan1	no-cc-cedict-entry
财务总监	財務總監	cai2 wu4 zong3 jian1	no-cc-cedict-entry
财务报告	财务报告	cai2 wu4 bao4 gao4	no-cc-cedict-entry
财务报表	财务报表	cai2 wu4 bao4 biao3	no-cc-cedict-entry
财务状况	财务状况	cai2 wu4 zhuang4 kuang4	no-cc-cedict-entry
财务管理	財務管理	cai2 wu4 guan3 li3	no-cc-cedict-entry
财务部	財務部	cai2 wu4 bu4	no-cc-cedict-entry
财政收入	財政收入	cai2 zheng4 shou1 ru4	no-cc-cedict-entry
财政政策	財政政策	cai2 zheng4 zheng4 ce4	no-cc-cedict-entry
财政赤字	財政赤字	cai2 zheng4 chi4 zi4	no-cc-cedict-entry
败不成军	敗不成軍	bai4 bu4 cheng2 jun1	no-cc-cedict-entry
货币政策	貨幣政策	huo4 bi4 zheng4 ce4	no-cc-cedict-entry
货运代理	貨運代理	huo4 yun4 dai4 li3	no-cc-cedict-entry
质保	質保	zhi4 bao3	no-cc-cedict-entry
质多项式	質多項式	zhi4 duo1 xiang4 shi4	no-cc-cedict-entry
质量保证	質量保證	zhi2 liang4 bao3 zheng4	no-cc-cedict-entry
质量控制	質量控制	zhi4 liang4 kong4 zhi4	no-cc-cedict-entry
质量标准	質量標準	zhi4 liang4 biao1 zhun3	no-cc-cedict-entry
质量监督	質量監督	zhi4 liang4 jian1 du1	no-cc-cedict-entry
质量问题	質量問題	zhi4 liang4 wen4 ti2	no-cc-cedict-entry
贩子	販子	fan4 zi3	no-cc-cedict-entry
贪心法	貪心法	tan1 xin1 fa3	no-cc-cedict-entry
贪汙腐化	貪汙腐化	tan1 wu1 fu3 hua4	no-cc-cedict-entry
贪污感知指数	貪污感知指數	tan1 wu1 gan3 zhi1 zhi3 shu4	no-cc-cedict-entry
贪财的	貪財的	tan1 cai2 de5	no-cc-cedict-entry
贫民院	貧民院	pin2 min2 yuan4	no-cc-cedict-entry
购并	購併	gou4 bing4	no-cc-cedict-entry
购车	購車	gou4 che1	no-cc-cedict-entry
购销	購銷	gou4 xiao1	no-cc-cedict-entry
贯叶连翘	貫葉連翹	guan4 ye4 lian2 qiao2	no-cc-cedict-entry
贯彻执行	贯彻执行	fu4 zhu1 shi2 jian4	no-cc-cedict-entry
贵妇与公爵	貴婦與公爵	gui4 fu4 yu3 gong1 jue2	no-cc-cedict-entry
贵客	貴客	gui4 ke4	no-cc-cedict-entry
贵屿镇	貴嶼鎮	gui4 yu3 zhen4	no-cc-cedict-entry
贵腐酒	貴腐酒	gui4 fu3 jiu3	no-cc-cedict-entry
费伦天拿足球俱乐部	費倫天拿足球俱樂部	fei4 lun2 tian1 na2 zu2 qiu2 ju4 le4 bu4	no-cc-cedict-entry
费加罗的婚礼	費加羅的婚禮	fei4 jia1 luo2 di4 hun1 li3	no-cc-cedict-entry
费城故事	費城故事	fei4 cheng2 gu4 shi4	no-cc-cedict-entry
费奥多西亚	費奧多西亞	fei4 ao4 duo1 xi1 ya4	no-cc-cedict-entry
费姆	費姆	fei4 mu3	no-cc-cedict-entry
费尔干纳纳夫兹足球俱乐部	費爾干納納夫茲足球俱樂部	fei4 er3 gan1 na4 na4 fu1 zi1 zu2 qiu2 ju4 le4 bu4	no-cc-cedict-entry
费德列斯达	費德列斯達	fei4 de2 lie4 si1 da2	no-cc-cedict-entry
费德里奥	費德里奧	fei4 de2 li3 ao4	no-cc-cedict-entry
费拉拉	費拉拉	fei4 la1 la1	no-cc-cedict-entry
费玛	費瑪	Fei4 ma3	no-cc-cedict-entry
费用分摊	費用分攤	fei4 yong4 fen1 tan1	no-cc-cedict-entry
费里耶兰达市	費里耶蘭達市	fei4 li3 ye2 lan2 da2 shi4	no-cc-cedict-entry
贺宝芙	賀寶芙	he4 bao3 fu2	no-cc-cedict-entry
贼人	賊人	zei2 ren2	no-cc-cedict-entry
贾恩茨考斯韦海岸	賈恩茨考斯韋海岸	gu3 en1 ci2 kao3 si1 wei2 hai3 an4	no-cc-cedict-entry
贾斯珀国家公园	賈斯珀國家公園	jia3 si1 po4 guo2 jia1 gong1 yuan2	no-cc-cedict-entry
贾给尔	賈給爾	Jia3 gei3 er3	no-cc-cedict-entry
资产管理	資產管理	zi1 chan3 guan3 li3	no-cc-cedict-entry
资料事务科	資料事務科	zi1 liao4 shi4 wu4 ke1	no-cc-cedict-entry
资本金	資本金	zi1 ben3 jin1	no-cc-cedict-entry
资格考试	資格考試	zi1 ge5 kao3 shi4	no-cc-cedict-entry
资源管理	資源管理	zi1 yuan2 guan3 li3	no-cc-cedict-entry
资源管理器	資源管理器	zi1 yuan2 guan3 li3 qi4	no-cc-cedict-entry
资源配置	資源配置	zi1 yuan2 pei4 zhi4	no-cc-cedict-entry
资讯超载	資訊超載	zi1 xun4 chao1 zai4	no-cc-cedict-entry
资金使用	資金使用	zi1 jin1 shi3 yong4	no-cc-cedict-entry
赋权	賦權	fu4 quan2	no-cc-cedict-entry
赋格	賦格	fu4 ge2	no-cc-cedict-entry
赌侠	賭俠	du3 xia2	no-cc-cedict-entry
赔偿责任	賠償責任	pei2 chang2 ze2 ren4	no-cc-cedict-entry
赖恩海姆	賴恩海姆	lai4 en1 hai3 mu3	no-cc-cedict-entry
赛斯纳飞行器公司	賽斯納飛行器公司	sai4 si1 na4 fei1 xing2 qi4 gong1 si1	no-cc-cedict-entry
赛梅林铁路	賽梅林鐵路	sai4 mei2 lin2 tie3 lu4	no-cc-cedict-entry
赛蓝葛	賽藍葛	sai4 lan2 ge3	no-cc-cedict-entry
赛达	賽達	sai4 da2	no-cc-cedict-entry
赛风	賽風	sai4 feng1	no-cc-cedict-entry
赢了	赢了	ying2 le5	no-cc-cedict-entry
赤羊	赤羊	chi4 yang2	no-cc-cedict-entry
赤道毛皮海狮	赤道毛皮海獅	chi4 dao4 mao2 pi2 hai3 shi1	no-cc-cedict-entry
赫尔夫	赫爾夫	he4 er3 fu2	no-cc-cedict-entry
赫曼·麦尔维尔	赫曼·麥爾維爾	He4 man4 · Mai4 er3 wei2 er3	no-cc-cedict-entry
赫梯	赫梯	he4 ti1	no-cc-cedict-entry
赫梯王国	赫梯王國	he4 ti1 wang2 guo2	no-cc-cedict-entry
赬	赬	cheng1	no-cc-cedict-entry
走味的	走味的	zou3 wei4 de5	no-cc-cedict-entry
走回	走回	zou3 hui2	no-cc-cedict-entry
走在	走在	zou3 zai4	no-cc-cedict-entry
走来走去	走來走去	zou3 lai2 zou3 qu4	no-cc-cedict-entry
走遍	走遍	zou3 bian4	no-cc-cedict-entry
赶快行动	趕快行動	gan3 kuai4 xing2 dong4	no-cc-cedict-entry
赶时髦的人	趕時髦的人	gan3 shi2 mao2 de5 ren2	no-cc-cedict-entry
起伏运动	起伏運動	qi3 fu2 yun4 dong4	no-cc-cedict-entry
起喜欢	起喜歡	qi3 xi3 huan1	no-cc-cedict-entry
起泡酒	起泡酒	qi3 pao4 jiu3	no-cc-cedict-entry
起爆系统防水点火装置	起爆系統防水點火裝置	qi3 bao4 xi4 tong3 fang2 shui3 dian3 huo3 zhuang1 zhi4	no-cc-cedict-entry
起锚机	起錨機	qi3 mao2 ji1	no-cc-cedict-entry
趁虚而入	趁虛而入	chen4 xu1 er2 ru4	no-cc-cedict-entry
超女	超女	chao1 nu:3	no-cc-cedict-entry
超微	超微	chao1 wei1	no-cc-cedict-entry
超甜型酒	超甜型酒	chao1 tian2 xing2 jiu3	no-cc-cedict-entry
超穷	超窮	chao1 qiong2	no-cc-cedict-entry
超级企鹅	超級企鵝	chao1 ji2 qi3 e2	no-cc-cedict-entry
超级战队	超級戰隊	chao1 ji2 zhan4 dui4	no-cc-cedict-entry
超级战队系列	超級戰隊系列	chao1 ji2 zhan4 dui4 xi4 lie4	no-cc-cedict-entry
超能力魔美	超能力魔美	chao1 neng2 li4 mo2 mei3	no-cc-cedict-entry
超铀元素	超鈾元素	chao1 you2 yuan2 su4	no-cc-cedict-entry
超限	超限	chao1 xian4	no-cc-cedict-entry
越南国语字	越南國語字	yue4 nan2 guo2 yu3 zi4	no-cc-cedict-entry
越式旗袍	越式旗袍	yue4 shi4 qi2 pao2	no-cc-cedict-entry
越来越好	越來越好	yue4 lai2 yue4 hao3	no-cc-cedict-entry
越洋	越洋	yue4 yang2	no-cc-cedict-entry
趋势科技	趨勢科技	qu1 shi4 ke1 ji4	no-cc-cedict-entry
趋势科技股份有限公司	趨勢科技股份有限公司	qu1 shi4 ke1 ji4 gu3 fen4 you3 xian4 gong1 si1	no-cc-cedict-entry
趋势面法	趨勢面法	qu1 shi4 mian4 fa3	no-cc-cedict-entry
足利·义政	足利·義政	Zu2 li4 · Yi4 zheng4	no-cc-cedict-entry
足利·义满	足利·義滿	Zu2 li4 · Yi4 man3	no-cc-cedict-entry
足球俱乐部	足球俱樂部	zu2 qiu2 ju4 le4 bu4	no-cc-cedict-entry
足球经理人	足球經理人	zu2 qiu2 jing1 li3 ren2	no-cc-cedict-entry
足立区	足立區	zu2 li4 qu1	no-cc-cedict-entry
趴下	趴下	pa1 xia5	no-cc-cedict-entry
趿拉儿	趿拉兒	ta1 la5 r	no-cc-cedict-entry
跃起	躍起	yue4 qi3	no-cc-cedict-entry
跌下	跌下	die1 xia4	no-cc-cedict-entry
跌到	跌到	die1 dao3	no-cc-cedict-entry
跌打酒	跌打酒	die1 da3 jiu3	no-cc-cedict-entry
距离空间	距離空間	ju4 li2 kong1 jian1	no-cc-cedict-entry
跟帖	跟帖	gen1 tie1	no-cc-cedict-entry
跨国企业	跨國企業	kua4 guo2 qi4 ye4	no-cc-cedict-entry
路易斯·伊纳西奥·卢拉·达席尔瓦	路易斯·伊納西奧·盧拉·達席爾瓦	Lu4 yi4 si1 · Yi1 na4 xi1 ao4 · Lu2 la1 · Da2 xi2 er3 wa3	no-cc-cedict-entry
路易·皮埃尔·阿尔都塞	路易·皮埃爾·阿爾都塞	Lu4 yi4 · Pi2 ai1 er3 · A1 er3 dou1 sai1	no-cc-cedict-entry
跳下	跳下	tiao4 xia4	no-cc-cedict-entry
跳线	跳線	tiao4 xian4	no-cc-cedict-entry
跳羚	跳羚	tiao4 ling2	no-cc-cedict-entry
跴	跴	cai3	no-cc-cedict-entry
踉踉跄跄	踉踉蹌蹌	liang4 liang4 qiang4 qiang4	no-cc-cedict-entry
踘	踘	ju2	no-cc-cedict-entry
踢球	踢球	ti1 qiu2	no-cc-cedict-entry
踢足球	踢足球	ti1 zu2 qiu2	no-cc-cedict-entry
踢蹬	踢蹬	ti1 deng5	no-cc-cedict-entry
蹟	蹟	ji4	no-cc-cedict-entry
蹠	蹠	zhi2	no-cc-cedict-entry
蹭	蹭	ceng2	no-cc-cedict-entry
蹭网族	蹭網族	ceng4 wang2 zu2	no-cc-cedict-entry
蹲式马桶	蹲式馬桶	dun1 shi4 ma3 tong3	no-cc-cedict-entry
蹲马步	蹲馬步	dun4 ma3 bu4	no-cc-cedict-entry
蹻	蹻	qiao1	no-cc-cedict-entry
蹼足负鼠属	蹼足負鼠屬	pu3 zu2 fu4 shu3 shu3	no-cc-cedict-entry
身份证号	身份證號	shen1 fen4 zheng4 hao4	no-cc-cedict-entry
身份验证	身份驗證	shen1 fen4 yan4 zheng4	no-cc-cedict-entry
身体健康	身體健康	shen1 ti3 jian4 kang1	no-cc-cedict-entry
身体素质	身体素质	shen1 ti3 su4 zhi2	no-cc-cedict-entry
身心俱疲症候群	身心俱疲症候群	shen1 xin1 ju4 pi2 zheng4 hou4 qun2	no-cc-cedict-entry
身旁	身旁	shen1 pang2	no-cc-cedict-entry
身板儿	身板兒	shen1 ban3 r	no-cc-cedict-entry
躶	躶	luo3	no-cc-cedict-entry
躺着	躺著	tang3 zhe5	no-cc-cedict-entry
軏	軏	yue4	no-cc-cedict-entry
軝	軝	qi2	no-cc-cedict-entry
轇	轇	jiu1	no-cc-cedict-entry
轕	轕	ge2	no-cc-cedict-entry
轗	轗	kan3	no-cc-cedict-entry
车体	車體	che1 ti3	no-cc-cedict-entry
车友会	車友會	che1 you3 hui4	no-cc-cedict-entry
车城	車城	Che1 cheng2	no-cc-cedict-entry
车头	車頭	che1 tou2	no-cc-cedict-entry
车市	車市	che1 shi4	no-cc-cedict-entry
车杜里	車杜裡	che1 du4 li3	no-cc-cedict-entry
车水	車水	che1 shui3	no-cc-cedict-entry
轨线	軌線	gui3 xian4	no-cc-cedict-entry
轩辕剑	軒轅劍	xuan1 yuan2 jian4	no-cc-cedict-entry
转到	轉到	zhuan3 dao4	no-cc-cedict-entry
转动矩	轉動矩	zhuan3 dong4 ju3	no-cc-cedict-entry
转子	轉子	zhuan4 zi5	no-cc-cedict-entry
转子引擎	轉子引擎	zhuan4 zi3 yin3 qing2	no-cc-cedict-entry
转帐	轉帳	zhuan3 zhang4	no-cc-cedict-entry
转氨基作用	轉氨基作用	zhuan4 an1 ji1 zuo4 yong4	no-cc-cedict-entry
转笔	轉筆	zhuan4 bi3	no-cc-cedict-entry
转角牛羚	轉角牛羚	zhuan3 jiao3 niu2 ling2	no-cc-cedict-entry
轮叶黄精	輪葉黃精	lun2 ye4 huang2 jing1	no-cc-cedict-entry
轮烯	輪烯	lun2 xi1	no-cc-cedict-entry
轮烷	輪烷	lun2 wan2	no-cc-cedict-entry
软件公司	軟件公司	ruan3 jian4 gong1 si1	no-cc-cedict-entry
软件工程	軟件工程	ruan3 jian4 gong1 cheng2	no-cc-cedict-entry
软体动物门	軟體動物門	ruan3 ti3 dong4 wu4 men2	no-cc-cedict-entry
软体银行	軟體銀行	ruan3 ti3 yin2 hang2	no-cc-cedict-entry
软外交	軟外交	ruan3 wai4 jiao1	no-cc-cedict-entry
软库	軟庫	Ruan3 ku4	no-cc-cedict-entry
软木塞味	軟木塞味	ruan3 mu4 sai1 wei4	no-cc-cedict-entry
软硬酸碱理论	軟硬酸鹼理論	ruan3 ying4 suan1 jian3 li3 lun4	no-cc-cedict-entry
软驱	軟驅	ruan3 qu1	no-cc-cedict-entry
轴	軸	zhu2	no-cc-cedict-entry
轻宵夜	輕宵夜	qing1 xiao1 ye4	no-cc-cedict-entry
轻小说	輕小說	qing1 xiao3 shuo1	no-cc-cedict-entry
轻石	輕石	qing1 shi2	no-cc-cedict-entry
载人航天	載人航天	zai3 ren2 hang2 tian1	no-cc-cedict-entry
较少	較少	jiao4 shao3	no-cc-cedict-entry
较早	較早	jiao4 zao3	no-cc-cedict-entry
较晚	較晚	jiao4 wan3	no-cc-cedict-entry
较长	較長	jiao4 chang2	no-cc-cedict-entry
较高	較高	jiao4 gao1	no-cc-cedict-entry
辅助工具	輔助工具	fu3 zhu4 gong1 ju4	no-cc-cedict-entry
辅音音素文字	輔音音素文字	fu3 yin1 yin1 su4 wen2 zi4	no-cc-cedict-entry
辈儿	輩兒	bei4 r	no-cc-cedict-entry
辉夜姬	輝夜姬	hui1 ye4 ji1	no-cc-cedict-entry
辉柏嘉	輝柏嘉	hui1 bo2 jia1	no-cc-cedict-entry
辉格党人	輝格黨人	Hui1 ge2 dang3 ren2	no-cc-cedict-entry
辉瑞制药有限公司	輝瑞制藥有限公司	hui1 rui4 zhi4 yao4 you3 xian4 gong1 si1	no-cc-cedict-entry
输入输出	輸入輸出	shu1 ru4 shu1 chu1	no-cc-cedict-entry
辙	轍	che4	no-cc-cedict-entry
辛华达河	辛華達河	xin1 hua2 da2 he2	no-cc-cedict-entry
辛同胚	辛同胚	xin1 tong4 pei1	no-cc-cedict-entry
辛流形	辛流形	xin1 liu2 xing2	no-cc-cedict-entry
辛菲罗波尔	辛菲羅波爾	qin1 fei1 luo2 bo1 er3	no-cc-cedict-entry
辛香	辛香	xin1 xiang1	no-cc-cedict-entry
辣手神探	辣手神探	la4 shou3 shen2 tan4	no-cc-cedict-entry
辨喜	辨喜	bian4 xi3	no-cc-cedict-entry
辩诉协议	辯訴協議	bian4 su4 xie2 yi4	no-cc-cedict-entry
边值条件	邊值條件	bian1 zhi2 tiao2 jian4	no-cc-cedict-entry
边值问题	邊值問題	bian5 zhi2 wen4 ti2	no-cc-cedict-entry
边境管制	邊境管制	bian1 jing4 guan3 zhi4	no-cc-cedict-entry
边心距	邊心距	bian1 xin1 ju4	no-cc-cedict-entry
边界条件	邊界條件	bian1 jie4 tiao2 jian4	no-cc-cedict-entry
边走边唱	邊走邊唱	bian5 zou3 bian5 chang4	no-cc-cedict-entry
辽东楤木	遼東楤木	liao2 dong1 song3 mu4	no-cc-cedict-entry
达克堤利	達剋隄利	da2 ke4 di1 li4	no-cc-cedict-entry
达尔斯埃德市	達爾斯埃德市	da2 er3 si1 ai1 de2 shi4	no-cc-cedict-entry
达尔海姆	達爾海姆	da2 er3 hai3 mu3	no-cc-cedict-entry
达尼利都	達尼利都	da2 ni2 li4 dou1	no-cc-cedict-entry
达庞	達龐	da2 pang2	no-cc-cedict-entry
达弗尔迪斯	達弗爾迪斯	da2 fu2 er3 di2 si1	no-cc-cedict-entry
达拉纳省	達拉納省	da2 la1 na4 sheng3	no-cc-cedict-entry
达文波特	達文波特	da2 wen2 bo1 te4	no-cc-cedict-entry
达文西密码	達文西密碼	Da2 wen2 xi1 Mi4 ma3	no-cc-cedict-entry
达曼	達曼	da2 man4	no-cc-cedict-entry
达沃	達沃	da2 wo4	no-cc-cedict-entry
达沃市	達沃市	da2 wo4 shi4	no-cc-cedict-entry
达洛维夫人	達洛維夫人	da2 luo4 wei2 fu1 ren5	no-cc-cedict-entry
达科塔・芬妮	達科塔・芬妮	Da2 ke1 ta3 · Fen1 ni1	no-cc-cedict-entry
达维登科	達維登科	da2 wei2 deng1 ke1	no-cc-cedict-entry
达芬奇密码	達芬奇密碼	Da2 fen1 qi2 Mi4 ma3	no-cc-cedict-entry
达那埃	達那埃	da2 na4 ai1	no-cc-cedict-entry
达雅族	達雅族	da2 ya3 zu2	no-cc-cedict-entry
达雷姆	達雷姆	da2 lei2 mu3	no-cc-cedict-entry
迅速发展	迅速發展	xun4 su4 fa1 zhan3	no-cc-cedict-entry
迅驰	迅馳	xun4 chi2	no-cc-cedict-entry
过了几天	過了幾天	guo4 liao3 ji3 tian1	no-cc-cedict-entry
过于认真的人	過於認真的人	guo4 yu2 ren4 zhen1 de5 ren2	no-cc-cedict-entry
过大	過大	guo4 dai4	no-cc-cedict-entry
过度解读	過度解讀	guo4 du4 jie3 du2	no-cc-cedict-entry
过度阵	過度陣	guo4 du4 zhen4	no-cc-cedict-entry
过桥	過橋	guo4 qiao2	no-cc-cedict-entry
过碘酸	過碘酸	guo4 dian3 suan1	no-cc-cedict-entry
过程中	過程中	guo4 cheng2 zhong4	no-cc-cedict-entry
过肩摔	過肩摔	guo4 jian1 shuai3	no-cc-cedict-entry
过胖暴食症	過胖暴食症	guo4 pang4 bao4 shi2 zheng4	no-cc-cedict-entry
过过	過過	guo4 guo5	no-cc-cedict-entry
过长	過長	guo4 chang2	no-cc-cedict-entry
迈丹城	邁丹城	mai4 dan1 cheng2	no-cc-cedict-entry
迈亚密国际机场	邁亞密國際機場	mai4 ya4 mi4 guo2 ji4 ji1 chang2	no-cc-cedict-entry
迈克	邁克	mai4 ke4	no-cc-cedict-entry
迈克尔学摇滚	邁剋爾學搖滾	mai4 ke4 er3 xue2 yao2 gun3	no-cc-cedict-entry
迈克尔·乔丹	邁克爾·喬丹	Mai4 ke4 er3 · Qiao2 dan1	no-cc-cedict-entry
迈帕	邁帕	mai4 pa4	no-cc-cedict-entry
迈拓公司	邁拓公司	mai4 ta4 gong1 si1	no-cc-cedict-entry
迈杜古里	邁杜古裡	Mai4 du4 gu3 li3	no-cc-cedict-entry
迈松阿尔福	邁松阿爾福	Mai4 song1 a1 er3 fu2	no-cc-cedict-entry
迈森	邁森	mai4 sen1	no-cc-cedict-entry
迈森县	邁森縣	mai4 sen1 xian4	no-cc-cedict-entry
迈科普	邁科普	mai4 ke1 pu3	no-cc-cedict-entry
迈索尔	邁索爾	mai4 suo3 er3	no-cc-cedict-entry
迈马纳	邁馬納	mai4 ma3 na4	no-cc-cedict-entry
迎春	迎春	ying2 chun1	no-cc-cedict-entry
运行环境	運行環境	yun4 xing2 huan2 jing4	no-cc-cedict-entry
运载工具	運載工具	yun4 zai4 gong1 ju4	no-cc-cedict-entry
运输公司	運輸公司	yun4 shu1 gong1 si1	no-cc-cedict-entry
运输机	運輸機	yun4 shu1 ji1	no-cc-cedict-entry
运输部长	運輸部長	yun4 shu1 bu4 zhang3	no-cc-cedict-entry
近似值	近似值	jin4 si4 zhi2	no-cc-cedict-entry
近地轨道	近地軌道	jin4 de5 gui3 dao4	no-cc-cedict-entry
近江八幡市	近江八幡市	jin4 jiang1 ba1 fan1 shi4	no-cc-cedict-entry
近端锋	近端鋒	jin4 duan1 feng1	no-cc-cedict-entry
返还占有	返還占有	fan3 huan2 zhan4 you3	no-cc-cedict-entry
还不	還不	hai2 bu4	no-cc-cedict-entry
还不错	還不錯	hai2 bu4 cuo4	no-cc-cedict-entry
还可以	還可以	hai2 ke3 yi3	no-cc-cedict-entry
还在	還在	hai2 zai4	no-cc-cedict-entry
还没	還沒	hai2 mei2	no-cc-cedict-entry
还没有	還沒有	hai2 mei2 you3	no-cc-cedict-entry
还行	還行	hai2 xing2	no-cc-cedict-entry
还说	還說	hai2 shuo1	no-cc-cedict-entry
还钱	還錢	huan2 qian2	no-cc-cedict-entry
还魂橡胶	還魂橡膠	huan2 hun2 xiang4 jiao1	no-cc-cedict-entry
这一	這一	zhe4 yi1	no-cc-cedict-entry
这个月	這個月	zhe4 ge4 yue4	no-cc-cedict-entry
这么多	這麼多	zhe4 me5 duo1	no-cc-cedict-entry
这件事	這件事	zhe4 jian4 shi4	no-cc-cedict-entry
这会儿	這會兒	zhe4 hui4 r	no-cc-cedict-entry
这儿	這兒	zhe4 r	no-cc-cedict-entry
这几年	這幾年	zhe4 ji3 nian2	no-cc-cedict-entry
这句	這句	zhe4 ju4	no-cc-cedict-entry
这就是	這就是	zhe4 jiu4 shi4	no-cc-cedict-entry
这时候	這時候	zhe4 shi2 hou4	no-cc-cedict-entry
这是因为	這是因為	zhe4 shi4 yin1 wei2	no-cc-cedict-entry
这本书	這本書	zhe4 ben3 shu1	no-cc-cedict-entry
这次	這次	zhe4 ci4	no-cc-cedict-entry
这项	這項	zhe4 xiang4	no-cc-cedict-entry
进一步发展	進一步發展	jin4 yi1 bu4 fa1 zhan3	no-cc-cedict-entry
进了天堂	進了天堂	jin4 le5 tian1 tang2	no-cc-cedict-entry
进出口公司	進出口公司	jin4 chu1 kou3 gong1 si1	no-cc-cedict-entry
进率	進率	jin4 lu:4	no-cc-cedict-entry
进行实习	進行實習	jin4 xing2 shi2 xi2	no-cc-cedict-entry
进行调查	進行調查	jin4 xing2 diao4 cha2	no-cc-cedict-entry
远北区	遠北區	yuan4 bei3 qu1	no-cc-cedict-entry
远去	遠去	yuan3 qu4	no-cc-cedict-entry
远古封印之炎	遠古封印之炎	yuan4 gu3 feng1 yin4 zhi1 yan2	no-cc-cedict-entry
远古文明	遠古文明	yuan4 gu3 wen2 ming2	no-cc-cedict-entry
远射	遠射	yuan3 she4	no-cc-cedict-entry
远江国	遠江國	yuan3 jiang1 guo2	no-cc-cedict-entry
远程控制	遠程控制	yuan3 cheng2 kong4 zhi4	no-cc-cedict-entry
远程教育	遠程教育	yuan3 cheng2 jiao4 yu4	no-cc-cedict-entry
远程过程调用	遠程過程調用	yuan3 cheng2 guo4 cheng2 diao4 yong4	no-cc-cedict-entry
远道	遠道	yuan3 dao4	no-cc-cedict-entry
违法行为	違法行為	wei2 fa3 xing2 wei2	no-cc-cedict-entry
连心线	連心線	lian2 xin1 xian4	no-cc-cedict-entry
连接国际河流	連接國際河流	lian2 jie1 guo2 ji4 he2 liu2	no-cc-cedict-entry
连接线	連接線	lian2 jie1 xian4	no-cc-cedict-entry
连斯克	連斯剋	lian2 si1 ke4	no-cc-cedict-entry
连着	連著	lian2 zhe5	no-cc-cedict-entry
连累	連累	lian2 lei3	no-cc-cedict-entry
连续同调	連續同調	lian2 xu4 tong2 diao4	no-cc-cedict-entry
连通性	連通性	lian2 tong1 xing4	no-cc-cedict-entry
迪南	迪南	di2 nan2	no-cc-cedict-entry
迪史甸	迪史甸	di2 shi3 dian4	no-cc-cedict-entry
迪彭贝克	迪彭貝剋	di2 peng2 bei4 ke4	no-cc-cedict-entry
迪拉斯	迪拉斯	Di2 la1 si1	no-cc-cedict-entry
迪拜宣言	迪拜宣言	di2 bai4 xuan1 yan2	no-cc-cedict-entry
迪普霍尔茨县	迪普霍爾茨縣	di2 pu3 huo4 er3 ci2 xian4	no-cc-cedict-entry
迪沙县	迪沙縣	di2 sha1 xian4	no-cc-cedict-entry
迪金森县	迪金森縣	di2 jin1 sen1 xian4	no-cc-cedict-entry
迫切需要	迫切需要	po4 qie4 xu1 yao4	no-cc-cedict-entry
迭代器	迭代器	die2 dai4 qi4	no-cc-cedict-entry
迭置	迭置	die2 zhi4	no-cc-cedict-entry
迴	迴	hui2	no-cc-cedict-entry
迷你车	迷你車	mi2 ni3 che1	no-cc-cedict-entry
迷墙	迷牆	mi2 qiang2	no-cc-cedict-entry
迷失决胜分	迷失決勝分	mi2 shi1 jue2 sheng4 fen1	no-cc-cedict-entry
迷糊天使	迷糊天使	mi2 hu5 tian1 shi3	no-cc-cedict-entry
迷糊女战士	迷糊女戰士	mi2 hu5 nu:3 zhan4 shi4	no-cc-cedict-entry
迷走星球	迷走星球	mi2 zou3 xing1 qiu2	no-cc-cedict-entry
迷路园	迷路園	mi2 lu4 yuan2	no-cc-cedict-entry
追忆似水年华	追憶似水年華	zhui1 yi4 si4 shui3 nian2 hua2	no-cc-cedict-entry
追忆逝水年华	追憶逝水年華	zhui1 yi4 shi4 shui3 nian2 hua2	no-cc-cedict-entry
追杀比尔	追殺比爾	zhui1 sha1 bi4 er3	no-cc-cedict-entry
退休人	退休人	tui4 xiu1 ren2	no-cc-cedict-entry
退休人员	退休人員	tui4 xiu1 ren2 yuan2	no-cc-cedict-entry
退出键	退出鍵	tui4 chu1 jian4	no-cc-cedict-entry
退耕還林	退耕还林	tui4 geng1 huan2 lin2	no-cc-cedict-entry
送了	送了	song4 le5	no-cc-cedict-entry
送到	送到	song4 dao4	no-cc-cedict-entry
送回	送回	song4 hui2	no-cc-cedict-entry
送货上门	送貨上門	song4 huo4 shang4 men2	no-cc-cedict-entry
适合于	適合於	shi4 he2 yu2	no-cc-cedict-entry
适用于	適用於	shi4 yong4 yu2	no-cc-cedict-entry
适用法律	適用法律	shi4 yong4 fa3 lu:4	no-cc-cedict-entry
适用范围	適用範圍	shi4 yong4 fan4 wei2	no-cc-cedict-entry
逃出	逃出	tao2 chu1	no-cc-cedict-entry
逃匿	逃匿	tao2 ni4	no-cc-cedict-entry
逆光补偿	逆光補償	ni4 guang1 bu3 chang2	no-cc-cedict-entry
逆转醇	逆轉醇	ni4 zhuan4 chun2	no-cc-cedict-entry
选拔赛	選拔賽	xuan3 ba2 sai4	no-cc-cedict-entry
选择公理	選擇公理	xuan3 ze2 gong1 li3	no-cc-cedict-entry
选择权	選擇權	xuan3 ze2 quan2	no-cc-cedict-entry
选萃	選萃	xuan3 cui4	no-cc-cedict-entry
逍遥音乐会	逍遙音樂會	xiao1 yao2 yin1 yue4 hui4	no-cc-cedict-entry
透明人	透明人	tou4 ming2 ren2	no-cc-cedict-entry
透茎冷水花	透莖冷水花	tou4 jing1 leng3 shui3 hua1	no-cc-cedict-entry
逐项微商	逐項微商	zhu2 xiang4 wei1 shang1	no-cc-cedict-entry
逐项积分	逐項積分	zhu2 xiang4 ji1 fen1	no-cc-cedict-entry
递减数列	遞減數列	di4 jian3 shu4 lie4	no-cc-cedict-entry
递增数列	遞增數列	di4 zeng1 shu4 lie4	no-cc-cedict-entry
递归公式	遞歸公式	di4 gui1 gong1 shi4	no-cc-cedict-entry
逗子市	逗子市	dou4 zi3 shi4	no-cc-cedict-entry
通信线	通信線	tong1 xin4 xian4	no-cc-cedict-entry
通信设备	通信設備	tong1 xin4 she4 bei4	no-cc-cedict-entry
通古斯民族	通古斯民族	tong4 gu3 si1 min2 zu2	no-cc-cedict-entry
通格	通格	tong4 ge2	no-cc-cedict-entry
通用动力	通用動力	tong1 yong4 dong4 li4	no-cc-cedict-entry
通用序列汇流排	通用序列匯流排	tong1 yong4 xu4 lie4 hui4 liu2 pai2	no-cc-cedict-entry
通用网址	通用網址	tong1 yong4 wang3 zhi3	no-cc-cedict-entry
通贝斯	通貝斯	tong4 bei4 si1	no-cc-cedict-entry
通贝斯大区	通貝斯大區	tong4 bei4 si1 dai4 qu1	no-cc-cedict-entry
通货膨胀率	通貨膨脹率	tong1 huo4 peng2 zhang4 lu:4	no-cc-cedict-entry
通赫伦	通赫倫	tong4 he4 lun2	no-cc-cedict-entry
通项公式	通項公式	tong1 xiang4 gong1 shi4	no-cc-cedict-entry
造桥	造橋	Zao4 qiao2	no-cc-cedict-entry
造父一	造父一	zao4 fu4 yi1	no-cc-cedict-entry
造纸胡蜂	造紙鬍蜂	zao4 zhi3 hu2 feng1	no-cc-cedict-entry
逸出	逸出	yi4 chu1	no-cc-cedict-entry
逸出功	逸出功	yi4 chu1 gong1	no-cc-cedict-entry
逻辑语	邏輯語	luo2 ji5 yu3	no-cc-cedict-entry
逻辑运算符	邏輯運算符	luo2 ji5 yun4 suan4 fu2	no-cc-cedict-entry
遇难飞机	遇難飛機	yu4 nan4 fei1 ji1	no-cc-cedict-entry
遍在远洋杆菌	遍在遠洋桿菌	bian4 zai4 yuan3 yang2 gan3 jun4	no-cc-cedict-entry
遒劲	遒勁	qiu2 jing4	no-cc-cedict-entry
道加瓦河	道加瓦河	dao4 jia1 wa3 he2	no-cc-cedict-entry
道德教育	道德教育	dao4 de2 jiao4 yu4	no-cc-cedict-entry
道德规范	道德規范	dao4 de2 gui1 fan4	no-cc-cedict-entry
道路交通	道路交通	dao4 lu4 jiao1 tong1	no-cc-cedict-entry
道路交通标志	道路交通標誌	dao4 lu4 jiao1 tong1 biao1 zhi4	no-cc-cedict-entry
道路运输	道路運輸	dao4 lu4 yun4 shu1	no-cc-cedict-entry
道镜	道鏡	dao4 jing4	no-cc-cedict-entry
遗传性性吸引	遺傳性性吸引	yi2 chuan2 xing4 xing4 xi1 yin3	no-cc-cedict-entry
遢	遢	ta4	no-cc-cedict-entry
遮瑕膏蜡笔	遮瑕膏蠟筆	zhe1 xia2 gao1 la4 bi3	no-cc-cedict-entry
遯	遯	dun4	no-cc-cedict-entry
邓氏副沙条鲨	鄧氏副沙條鯊	deng4 shi4 fu4 sha1 tiao2 sha1	no-cc-cedict-entry
邓琳琳	鄧琳琳	deng4 lin2 lin2	no-cc-cedict-entry
邓肯	邓肯	deng4 ken3	no-cc-cedict-entry
那么多	那麼多	na4 me5 duo1	no-cc-cedict-entry
那会儿	那會兒	na3 hui4 er2	no-cc-cedict-entry
那儿	那兒	na4 r	no-cc-cedict-entry
那加兰邦	那加蘭邦	na4 jia1 lan2 bang1	no-cc-cedict-entry
那时侯	那時侯	na4 shi2 hou4	no-cc-cedict-entry
那烂陀寺	那爛陀寺	na4 lan4 tuo2 si4	no-cc-cedict-entry
那玛夏	那瑪夏	Na4 ma3 xia4	no-cc-cedict-entry
那玛夏乡	那瑪夏鄉	Na4 ma3 xia4 xiang1	no-cc-cedict-entry
邦加槟港	邦加檳港	bang1 jia1 bin1 gang3	no-cc-cedict-entry
邦哥鼓	邦哥鼓	bang1 ge1 gu3	no-cc-cedict-entry
邦戈维尔	邦戈維爾	bang1 ge1 wei2 er3	no-cc-cedict-entry
邦斯舅舅	邦斯舅舅	bang1 si1 jiu4 jiu4	no-cc-cedict-entry
邦板牙语	邦板牙語	bang1 ban3 ya2 yu3	no-cc-cedict-entry
邦海登	邦海登	bang1 hai3 deng1	no-cc-cedict-entry
邮件列表	郵件列表	you2 jian4 lie4 biao3	no-cc-cedict-entry
邮件地址	郵件地址	you2 jian4 di4 zhi3	no-cc-cedict-entry
邹凯	鄒凱	zou1 kai3	no-cc-cedict-entry
邻客音	鄰客音	Lin2 ke4 yin1	no-cc-cedict-entry
邻苯二甲醯亚胺	鄰苯二甲醯亞胺	lin2 ben3 er4 jia3 xi1 ya4 an4	no-cc-cedict-entry
邻角	鄰角	lin2 jiao3	no-cc-cedict-entry
邻边	鄰邊	lin2 bian1	no-cc-cedict-entry
郁郁	鬱鬱	yu4 yu4	no-cc-cedict-entry
部件工具箱	部件工具箱	bu4 jian4 gong1 ju4 xiang1	no-cc-cedict-entry
部份	部份	bu4 fen5	no-cc-cedict-entry
部长职务	部長職務	bu4 zhang3 zhi2 wu4	no-cc-cedict-entry
部门经理	部門經理	bu4 men2 jing1 li3	no-cc-cedict-entry
部队文娱主任	部队文娱主任	bu4 dui4 wen2 yu2 zhu3 ren4	no-cc-cedict-entry
部队派遣国表	部队派遣国表	bu4 dui4 pai4 qian3 guo2 biao3	no-cc-cedict-entry
都会美型男	都會美型男	du1 hui4 mei3 xing2 nan2	no-cc-cedict-entry
都市粗犷男	都市粗獷男	du1 shi4 cu1 guang4 nan2	no-cc-cedict-entry
都市美型男	都市美型男	du1 shi4 mei3 xing2 nan2	no-cc-cedict-entry
鄂毕河	鄂畢河	e4 bi4 he2	no-cc-cedict-entry
鄂霍次克	鄂霍次剋	e4 huo4 ci4 ke4	no-cc-cedict-entry
鄢	鄢	wan1	no-cc-cedict-entry
鄩	鄩	Xin2	no-cc-cedict-entry
鄫	鄫	Zeng2	no-cc-cedict-entry
酇	酇	zan4	no-cc-cedict-entry
配极图形	配極圖形	pei4 ji2 tu2 xing2	no-cc-cedict-entry
配电	配電	pei4 dian4	no-cc-cedict-entry
酒商	酒商	jiu3 shang1	no-cc-cedict-entry
酒库师傅	酒庫師傅	jiu3 ku4 shi1 fu4	no-cc-cedict-entry
酒心	酒心	jiu3 xin1	no-cc-cedict-entry
酒桶	酒桶	jiu3 tong2	no-cc-cedict-entry
酒泉卫星发射中心	酒泉衛星發射中心	jiu3 quan2 wei4 xing1 fa1 she4 zhong1 xin1	no-cc-cedict-entry
酒渣	酒渣	jiu3 zha1	no-cc-cedict-entry
酒瓶	酒瓶	jiu3 ping2	no-cc-cedict-entry
酒瓶兰	酒瓶蘭	jiu3 ping2 lan2	no-cc-cedict-entry
酒田市	酒田市	jiu3 tian2 shi4	no-cc-cedict-entry
酒窖师	酒窖機	jiu3 jiao4 shi1	no-cc-cedict-entry
酒精发酵	酒精發酵	Jiu3 jing1 fa1 xiao4	no-cc-cedict-entry
酒精度	酒精度	jiu3 jing1 du4	no-cc-cedict-entry
酒裙	酒裙	jiu3 qun2	no-cc-cedict-entry
酒農	酒农	jiu3 nong2	no-cc-cedict-entry
酒香	酒香	jiu3 xiang1	no-cc-cedict-entry
酵素	酵素	xiao4 su4	no-cc-cedict-entry
酶联免疫吸附试验	酶聯免疫吸附試驗	mei2 lian2 mian3 yi4 xi1 fu4 shi4 yan4	no-cc-cedict-entry
酷格格	酷格格	ku4 ge2 ge2	no-cc-cedict-entry
酷玩	酷玩	ku4 wan2	no-cc-cedict-entry
酷玩乐团	酷玩樂團	ku4 wan2 le4 tuan2	no-cc-cedict-entry
酸味	酸味	suan1 wei4	no-cc-cedict-entry
酸碱度	酸鹼度	suan1 jian3 du4	no-cc-cedict-entry
酿酒学	釀酒學	niang4 jiu3 xue2	no-cc-cedict-entry
酿酒葡萄	釀酒葡萄	niang4 jiu3 pu2 tao2	no-cc-cedict-entry
醉拳	醉拳	zui4 quan2	no-cc-cedict-entry
醉拳二	醉拳二	zui4 quan2 er4	no-cc-cedict-entry
醋味	醋味	cu4 wei4	no-cc-cedict-entry
醍醐天皇	醍醐天皇	ti2 hu2 tian1 huang2	no-cc-cedict-entry
醯胺	醯胺	xi1 an4	no-cc-cedict-entry
醲	醲	nong2	no-cc-cedict-entry
醼	醼	yan4	no-cc-cedict-entry
釁	釁	xin4	no-cc-cedict-entry
采取措施	採取措施	cai3 qu3 cuo4 shi1	no-cc-cedict-entry
释梦	釋夢	shi4 meng4	no-cc-cedict-entry
里乔内	裏喬內	li3 qiao2 nei4	no-cc-cedict-entry
里伯	里伯	li3 bo2	no-cc-cedict-entry
里伯郡	里伯郡	li3 bo2 jun4	no-cc-cedict-entry
里克桑萨尔	里剋桑薩爾	li3 ke4 sang1 sa4 er3	no-cc-cedict-entry
里奇	裡奇	li3 qi2	no-cc-cedict-entry
里奥加耶戈斯	里奧加耶戈斯	li3 ao4 jia1 ye1 ge1 si1	no-cc-cedict-entry
里奥夸尔托	裡奧夸爾托	li3 ao4 kua1 er3 tuo1	no-cc-cedict-entry
里奥尼河	里奧尼河	li3 ao4 ni2 he2	no-cc-cedict-entry
里巴特茹	裡巴特茹	li3 ba1 te4 ru2	no-cc-cedict-entry
里弗尔	里弗爾	li3 fu2 er3	no-cc-cedict-entry
里拉山脉	里拉山脈	li3 la1 shan1 mo4	no-cc-cedict-entry
里瑟	里瑟	li3 se4	no-cc-cedict-entry
重因式	重因式	chong2 yin1 shi4	no-cc-cedict-entry
重大事件	重大事件	zhong4 da4 shi4 jian4	no-cc-cedict-entry
重子数	重子數	chong2 zi3 shu3	no-cc-cedict-entry
重庆森林	重慶森林	chong2 qing4 sen1 lin2	no-cc-cedict-entry
重新安装	重新安裝	chong2 xin1 an1 zhuang1	no-cc-cedict-entry
重积分	重積分	chong2 ji1 fen1	no-cc-cedict-entry
重要意义	重要意義	zhong4 yao4 yi4 yi4	no-cc-cedict-entry
重返德军总部	重返德軍總部	chong2 fan3 de2 jun1 zong3 bu4	no-cc-cedict-entry
重返犯罪现场	重返犯罪現場	chong2 fan3 fan4 zui4 xian4 chang3	no-cc-cedict-entry
重铬酸铵	重鉻酸銨	chong2 ge4 suan1 an3	no-cc-cedict-entry
重飞	重飛	zhong4 fei1	no-cc-cedict-entry
野人花园	野人花園	ye3 ren2 hua1 yuan2	no-cc-cedict-entry
野山羊	野山羊	ye3 shan1 yang2	no-cc-cedict-entry
野性的呼唤	野性的呼喚	ye3 xing4 de5 hu1 huan4	no-cc-cedict-entry
野村水母	野村水母	ye3 cun1 shui3 mu3	no-cc-cedict-entry
野格力娇酒	野格力嬌酒	Ye3 ge2 li4 jiao1 jiu3	no-cc-cedict-entry
野洲市	野洲市	ye3 zhou1 shi4	no-cc-cedict-entry
野生动物遗产	野生動物遺產	ye3 sheng1 dong4 wu4 yi2 chan3	no-cc-cedict-entry
野蕉	野蕉	ye3 jiao1	no-cc-cedict-entry
野蛮盗龙	野蠻盜龍	ye3 man2 dao4 long2	no-cc-cedict-entry
野韭菜	野韭菜	ye3 jiu3 cai4	no-cc-cedict-entry
野麻科	野麻科	ye3 ma2 ke1	no-cc-cedict-entry
量子位元	量子位元	liang4 zi3 wei4 yuan2	no-cc-cedict-entry
釐	釐	li2	no-cc-cedict-entry
金不换	金不換	jin1 bu4 huan4	no-cc-cedict-entry
金丝桃	金絲桃	jin1 si1 tao2	no-cc-cedict-entry
金保斯	金保斯	jin1 bao3 si1	no-cc-cedict-entry
金光集团	金光集團	jin1 guang1 ji2 tuan2	no-cc-cedict-entry
金冠树八哥	金冠樹八哥	jin1 guan1 shu4 ba1 ge1	no-cc-cedict-entry
金刚乙胺	金剛乙胺	jin1 gang1 yi3 an1	no-cc-cedict-entry
金刚烷胺	金剛烷胺	jin1 gang1 wan2 an1	no-cc-cedict-entry
金卡	金卡	jin1 ka3	no-cc-cedict-entry
金印草	金印草	jin1 yin4 cao3	no-cc-cedict-entry
金奈	金奈	jin1 nai4	no-cc-cedict-entry
金属制品	金屬製品	jin1 shu3 zhi4 pin3	no-cc-cedict-entry
金属材料	金屬材料	jin1 shu3 cai2 liao4	no-cc-cedict-entry
金星符号	金星符號	jin1 xing1 fu2 hao4	no-cc-cedict-entry
金来沅	金來沅	jin1 lai2 yuan2	no-cc-cedict-entry
金盏花	金盞花	jin1 zhan3 hua1	no-cc-cedict-entry
金羊毛	金羊毛	jin1 yang2 mao2	no-cc-cedict-entry
金肉人	金肉人	jin1 rou4 ren2	no-cc-cedict-entry
金莎朱古力	金莎硃古力	jin1 sha1 zhu1 gu3 li4	no-cc-cedict-entry
金莲	金蓮	jin1 lian2	no-cc-cedict-entry
金融学	金融學	jin1 rong2 xue2	no-cc-cedict-entry
金融服务	金融服務	jin1 rong2 fu2 wu4	no-cc-cedict-entry
金融风险	金融風險	jin1 rong2 feng1 xian3	no-cc-cedict-entry
金鹰	金鷹	jin1 ying1	no-cc-cedict-entry
金黄蜘蛛螺	金黃蜘蛛螺	jin1 huang2 zhi1 zhu1 luo2	no-cc-cedict-entry
釜山国际电影节	釜山國際電影節	fu3 shan1 guo2 ji4 dian4 ying3 jie2	no-cc-cedict-entry
釜山市	釜山市	Fu3 shan1 shi4	no-cc-cedict-entry
釜山广域市	釜山廣域市	Fu3 shan1 guang3 yu4 shi4	no-cc-cedict-entry
釬	釬	han4	no-cc-cedict-entry
釳	釳	xi4	no-cc-cedict-entry
釸	釸	xi4	no-cc-cedict-entry
釺	鐱	qian1	no-cc-cedict-entry
鈃	鈃	xing2	no-cc-cedict-entry
鈇	鈇	fu1	no-cc-cedict-entry
鈎	鈎	gou1	no-cc-cedict-entry
鈒	鈒	ji2	no-cc-cedict-entry
鉝	鉝	li4	no-cc-cedict-entry
鉨	鉨	ni3	no-cc-cedict-entry
銍	銍	zhi4	no-cc-cedict-entry
銕	銕	yi2	no-cc-cedict-entry
銛	銛	xian1	no-cc-cedict-entry
鋐	鋐	hong2	no-cc-cedict-entry
鋹	鋹	chang3	no-cc-cedict-entry
錀	錀	lun2	no-cc-cedict-entry
錞	錞	chun2	no-cc-cedict-entry
錡	錡	qi2	no-cc-cedict-entry
錩	錩	chang1	no-cc-cedict-entry
錶	錶	biao3	no-cc-cedict-entry
鍠	鍠	huang2	no-cc-cedict-entry
鍭	鍭	hou2	no-cc-cedict-entry
鍼	鍼	zhen1	no-cc-cedict-entry
鎓	鎓	weng1	no-cc-cedict-entry
鎔	鎔	rong2	no-cc-cedict-entry
鎗	鎗	qiang1	no-cc-cedict-entry
鎗火	鎗火	qiang1 huo3	no-cc-cedict-entry
鎚	鎚	chui2	no-cc-cedict-entry
鎛	鎛	bo2	no-cc-cedict-entry
鎝	鎝	ta3	no-cc-cedict-entry
鎯	鎯	lang2	no-cc-cedict-entry
鎶	鎶	ge1	no-cc-cedict-entry
鏚	鏚	qi4	no-cc-cedict-entry
鏽	鏽	xiu4	no-cc-cedict-entry
鐏	鐏	zun1	no-cc-cedict-entry
鐨	鐨	fei4	no-cc-cedict-entry
鐶	鐶	huan2	no-cc-cedict-entry
鐽	鐽	da2	no-cc-cedict-entry
鐽	鐽	bi4	no-cc-cedict-entry
鑑	鑑	jian4	no-cc-cedict-entry
鑕	鑕	zhi4	no-cc-cedict-entry
鑞	鑞	la4	no-cc-cedict-entry
鑤	鑤	bao4	no-cc-cedict-entry
鑪	鑪	lu2	no-cc-cedict-entry
鑱	鑱	chan2	no-cc-cedict-entry
鑵	鑵	guan4	no-cc-cedict-entry
钁	钁	jue2	no-cc-cedict-entry
钒酸铵	釩酸銨	fan2 suan1 an3	no-cc-cedict-entry
钙质海绵纲	鈣質海綿綱	gai4 zhi4 hai3 mian2 gang1	no-cc-cedict-entry
钙通道	鈣通道	gai4 tong1 dao4	no-cc-cedict-entry
钠钾合金	鈉鉀合金	na4 jia3 he2 jin1	no-cc-cedict-entry
钠长石	鈉長石	na4 chang2 shi2	no-cc-cedict-entry
钢之炼金术师	鋼之鍊金術師	gang1 zhi1 lian4 jin1 shu4 shi1	no-cc-cedict-entry
钢结构	鋼結構	gang1 jie2 gou4	no-cc-cedict-entry
钢铁雄心	鋼鐵雄心	gang1 tie3 xiong2 xin1	no-cc-cedict-entry
钥	鑰	yao4	no-cc-cedict-entry
钦族军	欽族軍	qin1 zu2 jun1	no-cc-cedict-entry
钦族阵线	欽族陣線	qin1 zu2 zhen4 xian4	no-cc-cedict-entry
钩卷云	鉤卷雲	gou1 juan3 yun2	no-cc-cedict-entry
钩嘴林䴗	鉤嘴林鶪	gou1 zui3 lin2 ju2	no-cc-cedict-entry
钩环	鉤環	gou4 huan2	no-cc-cedict-entry
钱包悖论	錢包悖論	qian2 bao1 bei4 lun4	no-cc-cedict-entry
钱婆	錢婆	qian2 po2	no-cc-cedict-entry
钱斑躄鱼	錢斑躄魚	qian2 ban1 bi4 yu2	no-cc-cedict-entry
钶钽铁矿	鈳鉭鐵礦	ke1 tan3 tie3 kuang4	no-cc-cedict-entry
钻井	鑽井	zuan4 jing3	no-cc-cedict-entry
铁公爵级战列舰	鐵公爵級戰列艦	tie3 gong1 jue2 ji2 zhan4 lie4 jian4	no-cc-cedict-entry
铁哥们儿	鐵哥們兒	tie3 ge1 men5 r	no-cc-cedict-entry
铁娘子	铁娘子	tie3 niang2 zi3	no-cc-cedict-entry
铁娘子乐团	鐵娘子樂團	tie3 niang2 zi3 yue4 tuan2	no-cc-cedict-entry
铁拳男人	鐵拳男人	tie3 quan2 nan2 ren2	no-cc-cedict-entry
铁木	鐵木	tie3 mu4	no-cc-cedict-entry
铁索	鐵索	tie3 suo3	no-cc-cedict-entry
铁臂阿童木	鐵臂阿童木	tie3 bi4 a1 tong2 mu4	no-cc-cedict-entry
铁证悬案	鐵證懸案	tie3 zheng4 xuan2 an4	no-cc-cedict-entry
铁路工人	鐵路工人	tie3 lu4 gong1 ren2	no-cc-cedict-entry
铁路运输	鐵路運輸	tie3 lu4 yun4 shu1	no-cc-cedict-entry
铅直渐近线	鉛直漸近線	qian1 zhi2 jian4 jin4 xian4	no-cc-cedict-entry
铅罐	鉛罐	qian1 guan4	no-cc-cedict-entry
铆足劲儿	鉚足勁兒	mao3 zu2 jin4 r	no-cc-cedict-entry
铜仁地区	銅仁地區	Tong2 ren2 di4 qu1	no-cc-cedict-entry
铝酸钠	鋁酸鈉	lu:3 suan1 na4	no-cc-cedict-entry
铠鲨	鎧鯊	kai3 sha1	no-cc-cedict-entry
铬绿	鉻綠	ge4 lu:4	no-cc-cedict-entry
铬黄	鉻黃	ge4 huang2	no-cc-cedict-entry
铰接	鉸接	jiao3 jie1	no-cc-cedict-entry
铱卫星	銥衛星	yi1 wei4 xing1	no-cc-cedict-entry
铵盐	銨鹽	an3 yan2	no-cc-cedict-entry
银塔广场	銀塔廣場	yin2 ta3 guang3 chang3	no-cc-cedict-entry
银月	銀月	yin2 yue4	no-cc-cedict-entry
银杏齿中喙鲸	銀杏齒中喙鯨	yin2 xing4 chi3 zhong1 hui4 jing1	no-cc-cedict-entry
银河战警	銀河戰警	yin2 he2 zhan4 jing3	no-cc-cedict-entry
银河系漫游指南	銀河系漫遊指南	yin2 he2 xi4 man4 you2 zhi3 nan2	no-cc-cedict-entry
银河系漫游指南系列	銀河繫漫遊指南繫列	yin2 he2 xi4 man4 you2 zhi3 nan2 xi4 lie4	no-cc-cedict-entry
银白色	銀白色	yin2 bai2 se4	no-cc-cedict-entry
银行业务	銀行業務	yin2 hang2 ye4 wu4	no-cc-cedict-entry
银行存款	銀行存款	yin2 hang2 cun2 kuan3	no-cc-cedict-entry
银行存款准备金比率	銀行存款準備金比率	yin2 hang2 cun2 kuan3 zhun3 bei4 jin1 bi3 lu:4	no-cc-cedict-entry
银行贷款	銀行貸款	yin2 hang2 dai4 kuan3	no-cc-cedict-entry
银魂	銀魂	yin2 hun2	no-cc-cedict-entry
银鲛目	銀鮫目	yin2 jiao1 mu4	no-cc-cedict-entry
销售人员	銷售人員	xiao1 shou4 ren2 yuan2	no-cc-cedict-entry
销售价格	銷售價格	xiao1 shou4 jia4 ge2	no-cc-cedict-entry
销售员	銷售員	xiao1 shou4 yuan2	no-cc-cedict-entry
销售商	銷售商	xiao1 shou4 shang1	no-cc-cedict-entry
销售收入	銷售收入	xiao1 shou4 shou1 ru4	no-cc-cedict-entry
销售渠道	銷售渠道	xiao1 shou4 qu2 dao4	no-cc-cedict-entry
销售经理	銷售經理	xiao1 shou4 jing1 li3	no-cc-cedict-entry
销售网络	銷售網絡	xiao1 shou4 wang3 luo4	no-cc-cedict-entry
销售部	銷售部	xiao1 shou4 bu4	no-cc-cedict-entry
销售量	銷售量	xiao1 shou4 liang2	no-cc-cedict-entry
锌灰	鋅灰	xin1hui1	no-cc-cedict-entry
锐钛矿	銳鈦礦	rui4 tai4 kuang4	no-cc-cedict-entry
锐龙	銳龍	rui4 long2	no-cc-cedict-entry
错了	錯了	cuo4 liao3	no-cc-cedict-entry
错外角	錯外角	cuo4 wai4 jiao3	no-cc-cedict-entry
错报	錯報	cuo4 bao4	no-cc-cedict-entry
错误信息	錯誤信息	cuo4 wu4 xin4 xi1	no-cc-cedict-entry
错误报告	錯誤報告	cuo4 wu4 bao4 gao4	no-cc-cedict-entry
错那县	錯那縣	Cuo4 na4 xian4	no-cc-cedict-entry
锡亚尔科特	錫亞爾科特	xi1 ya4 er3 ke1 te4	no-cc-cedict-entry
锡兰蒲桃	錫蘭蒲桃	xi1 lan2 pu2 tao2	no-cc-cedict-entry
锡尼什	錫尼什	xi1 ni2 shen2	no-cc-cedict-entry
锡特卡	錫特卡	xi1 te4 ka3	no-cc-cedict-entry
锡纳伦加	錫納倫加	xi1 na4 lun2 jia1	no-cc-cedict-entry
锡金邦	錫金邦	xi2 jin1 bang1	no-cc-cedict-entry
锤哥	錘哥	chui2 ge1	no-cc-cedict-entry
锥线法	錐線法	zhui1 xian4 fa3	no-cc-cedict-entry
锥线论	錐線論	zhui1 xian4 lun4	no-cc-cedict-entry
锥齿鲨	錐齒鯊	zhui1 chi3 sha1	no-cc-cedict-entry
锦县	錦縣	Jin3 xian4	no-cc-cedict-entry
锦鲤笔螺	錦鯉筆螺	jin3 li3 bi3 luo2	no-cc-cedict-entry
锯嘴蜂鸟	鋸嘴蜂鳥	ju1 zui3 feng1 niao3	no-cc-cedict-entry
镂雕	鏤雕	lou4 diao1	no-cc-cedict-entry
镇南关	鎮南關	zhen4 nan2 guan1	no-cc-cedict-entry
镊口鱼	鑷口魚	nie4 kou3 yu2	no-cc-cedict-entry
镜泊湖	鏡泊湖	jing4 bo2 hu2	no-cc-cedict-entry
镜面	鏡面	jing4 mian4	no-cc-cedict-entry
镶宝石	鑲寶石	xiang1 bao3 shi2	no-cc-cedict-entry
镶嵌踝类初龙	鑲嵌踝類初龍	xiang1 qian4 huai2 lei4 chu1 long2	no-cc-cedict-entry
镶木地板	鑲木地板	xiang1 mu4 di4 ban3	no-cc-cedict-entry
镶木板	鑲木板	xiang1 mu4 ban3	no-cc-cedict-entry
镶板	鑲板	xiang1 ban3	no-cc-cedict-entry
镶玻璃	鑲玻璃	xiang1 bo1 li5	no-cc-cedict-entry
长乐市	長樂市	Chang2 le4 shi4	no-cc-cedict-entry
长冈市	長岡市	chang2 gang1 shi4	no-cc-cedict-entry
长刺骨螺	長刺骨螺	zhang3 ci4 gu3 luo2	no-cc-cedict-entry
长叶茅膏菜	長葉茅膏菜	zhang3 ye4 mao2 gao1 cai4	no-cc-cedict-entry
长吨	長噸	chang2 dun4	no-cc-cedict-entry
长安街	長安街	chang2 an1 jie1	no-cc-cedict-entry
长尾叶猴属	長尾葉猴屬	chang2 wei3 ye4 hou2 shu3	no-cc-cedict-entry
长岛	長島	Chang2 dao3	no-cc-cedict-entry
长岛县	長島縣	Chang2 dao3 xian4	no-cc-cedict-entry
长期投资	長期投資	chang2 qi1 tou2 zi1	no-cc-cedict-entry
长棘蛙螺	長棘蛙螺	zhang3 ji2 wa1 luo2	no-cc-cedict-entry
长毛箐姑草	長毛箐姑草	zhang3 mao2 qing4 gu1 cao3	no-cc-cedict-entry
长牡蛎	長牡蠣	zhang3 mu3 li4	no-cc-cedict-entry
长背鱼	長背魚	zhang3 bei4 yu2	no-cc-cedict-entry
长袜子皮皮	長襪子皮皮	chang2 wa4 zi3 pi2 pi2	no-cc-cedict-entry
长话	長話	chang2 hua4	no-cc-cedict-entry
长轴	長軸	chang2 zhou2	no-cc-cedict-entry
长锈	長鏽	zhang3 xiu4	no-cc-cedict-entry
长须鲨科	長須鯊科	chang2 xu1 sha1 ke1	no-cc-cedict-entry
閈	閈	han4	no-cc-cedict-entry
閒	閒	xian2	no-cc-cedict-entry
闍	闍	du1	no-cc-cedict-entry
闓	闓	kai3	no-cc-cedict-entry
闠	闠	hui4	no-cc-cedict-entry
闤	闤	huan2	no-cc-cedict-entry
门下	門下	men2 xia4	no-cc-cedict-entry
门兴格拉德巴赫足球俱乐部	門興格拉德巴赫足球俱樂部	men2 xing1 ge2 la1 de2 ba1 he4 zu2 qiu2 ju4 le4 bu4	no-cc-cedict-entry
门多萨	門多薩	men2 duo1 sa4	no-cc-cedict-entry
门多西诺县	門多西諾縣	men2 duo1 xi1 nuo4 xian4	no-cc-cedict-entry
门格洛尔	門格洛爾	men2 ge2 luo4 er3	no-cc-cedict-entry
门格海绵	門格海綿	men2 ge2 hai3 mian2	no-cc-cedict-entry
闪亮的日子	閃亮的日子	shan3 liang4 de5 ri4 zi3	no-cc-cedict-entry
闪灵二人组	閃靈二人組	shan3 ling2 er4 ren2 zu3	no-cc-cedict-entry
闪电兽龙	閃電獸龍	shan3 dian4 shou4 long2	no-cc-cedict-entry
闭上你那张臭嘴	閉上你那張臭嘴	bi4 shang4 ni3 na4 zhang1 chou4 zui3	no-cc-cedict-entry
问卷调查	問卷調查	wen4 juan4 diao4 cha2	no-cc-cedict-entry
问对	問對	wen4 dui4	no-cc-cedict-entry
问长问短	問長問短	wen4 chang2 wen4 duan3	no-cc-cedict-entry
间之楔	間之楔	jian1 zhi1 xie1	no-cc-cedict-entry
间谍卫星	間諜衛星	jian4 die2 wei4 xing1	no-cc-cedict-entry
闺女	閨女	gui1 nu:3	no-cc-cedict-entry
阉伶	閹伶	yan1 ling2	no-cc-cedict-entry
阋神星	鬩神星	xi4 shen2 xing1	no-cc-cedict-entry
阎王	閻王	Yan2 wang2	no-cc-cedict-entry
阔翅豆娘	闊翅豆孃	kuo4 chi4 dou4 niang2	no-cc-cedict-entry
阔鼻小目	闊鼻小目	kuo4 bi2 xiao3 mu4	no-cc-cedict-entry
阖	闔	ge2	no-cc-cedict-entry
阪神虎	阪神虎	ban3 shen2 hu3	no-cc-cedict-entry
阮文高	阮文高	ruan3 wen2 gao1	no-cc-cedict-entry
阮玉湾	阮玉灣	ruan3 yu4 wan1	no-cc-cedict-entry
阯	阯	zhi3	no-cc-cedict-entry
防尘	防塵	fang2 chen2	no-cc-cedict-entry
防护罩	防護罩	fang2 hu4 zhao4	no-cc-cedict-entry
防抱死系统	防抱死系統	fang2 bao4 si3 xi4 tong3	no-cc-cedict-entry
防爆	防爆	fang2 bao4	no-cc-cedict-entry
防犯罪	防犯罪	fang2 fan4 zui4	no-cc-cedict-entry
防病毒	防病毒	fang2 bing4 du2	no-cc-cedict-entry
防辐射	防輻射	fang2 fu2 she4	no-cc-cedict-entry
防静电	防靜電	fang2 jing4 dian4	no-cc-cedict-entry
阳成天皇	陽成天皇	yang2 cheng2 tian1 huang2	no-cc-cedict-entry
阴影体	陰影體	yin1 ying3 ti3	no-cc-cedict-entry
阶乘幂	階乘冪	jie1 sheng4 mi4	no-cc-cedict-entry
阶数	階數	jie1 shu4	no-cc-cedict-entry
阶梯函数	階梯函數	jie1 ti1 han2 shu4	no-cc-cedict-entry
阽	阽	yan2	no-cc-cedict-entry
阿	阿	a	no-cc-cedict-entry
阿不来提·阿不都热西提	阿不來提·阿不都熱西提	A1 bu4 lai2 ti2 · A1 bu4 du1 re4 xi1 ti2	no-cc-cedict-entry
阿兹特克文明	阿茲特克文明	a1 zi1 te4 ke4 wen2 ming2	no-cc-cedict-entry
阿加德兹	阿加德茲	a1 jia1 de2 zi1	no-cc-cedict-entry
阿劳	阿勞	a1 lao2	no-cc-cedict-entry
阿勒颇	阿勒頗	a1 le4 po1	no-cc-cedict-entry
阿基米德定律	阿基米德定律	a1 ji1 mi3 de2 ding4 lu:4	no-cc-cedict-entry
阿塔卡马大区	阿塔卡馬大區	a1 ta3 ka3 ma3 da4 qu1	no-cc-cedict-entry
阿塔卡马沙漠	阿塔卡馬沙漠	a1 ta3 ka3 ma3 sha1 mo4	no-cc-cedict-entry
阿塞拜疆足球甲级联赛	阿塞拜疆足球甲級聯賽	a1 sai4 bai4 jiang1 zu2 qiu2 jia3 ji2 lian2 sai4	no-cc-cedict-entry
阿夫卢	阿夫盧	a1 fu1 lu2	no-cc-cedict-entry
阿嫩达布尔区	阿嫩達布爾區	a1 nen4 da2 bu4 er3 qu1	no-cc-cedict-entry
阿尔卑斯交响曲	阿爾卑斯交響曲	a1 er3 bei1 si1 jiao1 xiang3 qu3	no-cc-cedict-entry
阿尔及利亚鳾	阿爾及利亞鳾	a1 er3 ji2 li4 ya4 shi1	no-cc-cedict-entry
阿尔巴卡	阿爾巴卡	a1 er3 ba1 ka3	no-cc-cedict-entry
阿尔比	阿爾比	a1 er3 bi3	no-cc-cedict-entry
阿尔法狗	阿爾法狗	A1 er3 fa3 gou3	no-cc-cedict-entry
阿尔瓦塞特	阿爾瓦塞特	A1 er3 wa3 se4 te4	no-cc-cedict-entry
阿尔瓦雷斯	阿爾瓦雷斯	a1 er3 wa3 lei2 si1	no-cc-cedict-entry
阿尔贝拉	阿爾貝拉	a1 er3 bei4 la1	no-cc-cedict-entry
阿尔贝罗贝洛	阿爾貝羅貝洛	a1 er3 bei4 luo2 bei4 luo4	no-cc-cedict-entry
阿尔赫西拉斯	阿爾赫西拉斯	a1 er3 he4 xi1 la1 si1	no-cc-cedict-entry
阿尔达班一世	阿爾達班一世	a1 er3 da2 ban1 yi1 shi4	no-cc-cedict-entry
阿德	阿德	a1 de2	no-cc-cedict-entry
阿德良娜	阿德良娜	a1 de2 liang2 na4	no-cc-cedict-entry
阿房宫	阿房宮	E1 fang2 Gong1	no-cc-cedict-entry
阿拉蒙	阿拉蒙	A1 la1 meng2	no-cc-cedict-entry
阿斯玛拉	阿斯瑪拉	a1 si1 ma3 la1	no-cc-cedict-entry
阿比西尼亚猫	阿比西尼亞貓	a1 bi3 xi1 ni2 ya4 mao1	no-cc-cedict-entry
阿瓦尔人	阿瓦爾人	a1 wa3 er3 ren2	no-cc-cedict-entry
阿茲海默症	阿茲海默症	A1 zi1 hai3 mo4 zheng4	no-cc-cedict-entry
阿衣奴	阿衣奴	A1 yi1 nu3	no-cc-cedict-entry
阿让	阿讓	a1 rang4	no-cc-cedict-entry
阿讷西	阿訥西	a1 ne4 xi1	no-cc-cedict-entry
阿诺德·施瓦辛格	阿諾德·施瓦辛格	A1 nuo4 de2 · Shi1 wa3 xin1 ge2	no-cc-cedict-entry
阿贝尔群	阿貝爾群	a1 bei4 er3 qun2	no-cc-cedict-entry
阿达	阿达	a1 da2	no-cc-cedict-entry
阿道司·赫胥黎	阿道司·赫胥黎	A1 dao4 si1 · He4 xu1 li2	no-cc-cedict-entry
阿道司·赫胥黎	阿道司·赫胥黎	A1 dao4 si1 · He4 xu1 li4	no-cc-cedict-entry
阿里高特	阿里高特	a1 li3 gao1 te4	no-cc-cedict-entry
阿雷基帕	阿雷基帕	a1 lei2 ji1 pa4	no-cc-cedict-entry
阿须费雅克	阿須費雅克	A1 xu1 fei4 ya3 ke4	no-cc-cedict-entry
阿龙	阿龍	a long2	no-cc-cedict-entry
陀螺仪	陀螺儀	tuo2 luo2 yi4	no-cc-cedict-entry
附图	附圖	fu4 tu2	no-cc-cedict-entry
附属于	附屬於	fu4 shu3 yu2	no-cc-cedict-entry
附表	附表	fu4 biao3	no-cc-cedict-entry
陆家嘴	陸家嘴	lu4 jia1 zui3	no-cc-cedict-entry
陈志明	陳志明	chen2 zhi4 ming2	no-cc-cedict-entry
陈敏尔	陳敏爾	Chen2 Min3 er3	no-cc-cedict-entry
陈涛	陳濤	chen2 tao1	no-cc-cedict-entry
降低成本	降低成本	jiang4 di1 cheng2 ben3	no-cc-cedict-entry
降幂	降冪	jiang4 mi4	no-cc-cedict-entry
限制性片段长度多态性	限制性片段長度多態性	xian4 zhi4 xing4 pian4 duan4 chang2 du4 duo1 tai4 xing4	no-cc-cedict-entry
限量	限量	xian4 liang2	no-cc-cedict-entry
限量版	限量版	xian4 liang4 ban3	no-cc-cedict-entry
除尽	除盡	chu2 jin4	no-cc-cedict-entry
除税及利息前盈利	除稅及利息前盈利	chu2 shui4 ji2 li4 xi2 qian2 ying2 li4	no-cc-cedict-entry
陶公府	陶公府	tao2 gong1 fu3	no-cc-cedict-entry
陶格夫匹尔斯	陶格夫匹爾斯	tao2 ge2 fu2 pi3 er3 si1	no-cc-cedict-entry
陶波	陶波	tao2 bo1	no-cc-cedict-entry
陶波湖	陶波湖	tao2 bo1 hu2	no-cc-cedict-entry
陶里亚蒂	陶裡亞蒂	tao2 li3 ya4 di4	no-cc-cedict-entry
随葬	隨葬	sui2 zang4	no-cc-cedict-entry
随葬物	隨葬物	sui2 zang4 wu4	no-cc-cedict-entry
隐居隆中	隱居隆中	yin3 ju1 long2 zhong1	no-cc-cedict-entry
隐形摄像机	隐形摄像机	yin3 xing2 she4 xiang4 ji1	no-cc-cedict-entry
隐歧岛	隱歧島	yin3 qi2 dao3	no-cc-cedict-entry
隐私国际	隐私国际	yin4 si1 guo2 ji4	no-cc-cedict-entry
隔代结婚	隔代結婚	ge2 dai4 jie2 hun1	no-cc-cedict-entry
障碍手势	障礙手勢	zhang4 ai4 shou3 shi4	no-cc-cedict-entry
隮	隮	ji1	no-cc-cedict-entry
隱蔽	隐蔽	yin3 bi4	no-cc-cedict-entry
难事	難事	nan2 shi4	no-cc-cedict-entry
难以自已	難以自已	nan2 yi3 zi1 yi3	no-cc-cedict-entry
难做	難做	nan2 zuo4	no-cc-cedict-entry
难兄难弟	難兄難弟	nan2 xiong1 nan2 di4	no-cc-cedict-entry
难点	難點	nan4 dian3	no-cc-cedict-entry
难耐	難耐	nan2 nai4	no-cc-cedict-entry
难言	難言	nan2 yan2	no-cc-cedict-entry
雀	雀	qiao3	no-cc-cedict-entry
雁泽	雁澤	yan3 ze2	no-cc-cedict-entry
雄略天皇	雄略天皇	xiong2 lu:e4 tian1 huang2	no-cc-cedict-entry
雄蝶	雄蝶	xiong2 die2	no-cc-cedict-entry
雅丹地貌	雅丹地貌	ya3 dan1 di4 mao4	no-cc-cedict-entry
雅安地区	雅安地區	Ya3 an1 di4 qu1	no-cc-cedict-entry
雅布洛诺夫山脉	雅布洛諾伕山脈	ya3 bu4 luo4 nuo4 fu1 shan1 mai4	no-cc-cedict-entry
雅拉	雅拉	ya3 la1	no-cc-cedict-entry
雅拉市	雅拉市	ya3 la1 shi4	no-cc-cedict-entry
雅拉河	雅拉河	ya3 la1 he2	no-cc-cedict-entry
雅温得国际机场	雅溫得國際機場	ya3 wen1 de2 guo2 ji4 ji1 chang3	no-cc-cedict-entry
雅西	雅西	ya3 xi1	no-cc-cedict-entry
雅赫摩斯一世	雅赫摩斯一世	ya3 he4 mo2 si1 yi1 shi4	no-cc-cedict-entry
雅赫摩斯二世	雅赫摩斯二世	ya3 he4 mo2 si1 er4 shi4	no-cc-cedict-entry
雅高集团	雅高集糰	ya3 gao1 ji2 tuan2	no-cc-cedict-entry
集英社	集英社	ji2 ying1 she4	no-cc-cedict-entry
雇农	僱農	gu4 nong2	no-cc-cedict-entry
雍笈牙	雍笈牙	yong1 ji2 ya2	no-cc-cedict-entry
雕件	雕件	diao1jian4	no-cc-cedict-entry
雨久花科	雨久花科	yu3 jiu3 hua1 ke1	no-cc-cedict-entry
雨雪	雨雪	yu3 xue3	no-cc-cedict-entry
雪乐山	雪樂山	xue3 le4 shan1	no-cc-cedict-entry
雪乡	雪鄉	xue3 xiang1	no-cc-cedict-entry
雪恩市	雪恩市	xue3 en1 shi4	no-cc-cedict-entry
雪茄达摩鲨	雪茄達摩鯊	xue3 qie2 da2 mo2 sha1	no-cc-cedict-entry
雪莉	雪莉	xue3 li4	no-cc-cedict-entry
雪邦	雪邦	xue3 bang1	no-cc-cedict-entry
雪邦国际赛道	雪邦國際賽道	xue3 bang1 guo2 ji4 sai4 dao4	no-cc-cedict-entry
雪野五月	雪野五月	xue3 ye3 wu3 yue4	no-cc-cedict-entry
雪顿	雪頓	Xue3 dun4	no-cc-cedict-entry
雱	雱	pang2	no-cc-cedict-entry
零伦	零倫	ling2 lun2	no-cc-cedict-entry
零元素	零元素	ling2 yuan2 su4	no-cc-cedict-entry
零号身材	零號身材	ling2 hao4 shen1 cai2	no-cc-cedict-entry
零和对策	零和對策	ling2 he2 dui4 ce4	no-cc-cedict-entry
零售业	零售業	ling2 shou4 ye4	no-cc-cedict-entry
零售价	零售價	ling2 shou4 jia4	no-cc-cedict-entry
零散	零散	ling2 san4	no-cc-cedict-entry
零配件	零配件	ling2 pei4 jian4	no-cc-cedict-entry
雷丘	雷丘	lei2 qiu1	no-cc-cedict-entry
雷克沙	雷克沙	lei2 ke4 sha1	no-cc-cedict-entry
雷利诺龙	雷利諾龍	lei2 li4 nuo4 long2	no-cc-cedict-entry
雷场报告	雷场报告	lei2 chang3 bao4 gao4	no-cc-cedict-entry
雷基斯塔	雷基斯塔	lei2 ji1 si1 ta3	no-cc-cedict-entry
雷奥	雷奥	lei2 ao4	no-cc-cedict-entry
雷奥纳多	雷奥纳多	lei2 ao4 na4 duo1	no-cc-cedict-entry
雷娜	雷娜	lei2 nuo2	no-cc-cedict-entry
雷宾斯克	雷賓斯剋	lei2 bin1 si1 ke4	no-cc-cedict-entry
雷尼湖	雷尼湖	lei2 ni2 hu2	no-cc-cedict-entry
雷斯	雷斯	lei2 si1	no-cc-cedict-entry
雷明顿兰德公司	雷明頓蘭德公司	lei2 ming2 dun4 lan2 de2 gong1 si1	no-cc-cedict-entry
雷维利亚希赫多群岛	雷維利亞希赫多群島	lei2 wei2 li4 ya4 xi1 he4 duo1 qun2 dao3	no-cc-cedict-entry
雷莫	雷莫	lei2 mo4	no-cc-cedict-entry
雷鸟属	雷鳥屬	lei2 niao3 shu3	no-cc-cedict-entry
雷鸟神机队	雷鳥神機隊	lei2 niao3 shen2 ji1 dui4	no-cc-cedict-entry
雷·罗马诺	雷·羅馬諾	Lei2 · Luo2 ma3 nuo4	no-cc-cedict-entry
雾都孤儿	霧都孤兒	wu4 dou1 gu1 er2	no-cc-cedict-entry
震天雷	震天雷	zhen4 tian1 lei2	no-cc-cedict-entry
震旦大学	震旦大學	zhen4 dan4 dai4 xue2	no-cc-cedict-entry
震荡波	震蕩波	zhen4 dang4 bo1	no-cc-cedict-entry
震荡波病毒	震蕩波病毒	zhen4 dang4 bo1 bing4 du2	no-cc-cedict-entry
霉草目	霉草目	mei2 cao3 mu4	no-cc-cedict-entry
霉草科	霉草科	mei2 cao3 ke1	no-cc-cedict-entry
霍乱时期的爱情	霍亂時期的愛情	huo4 luan4 shi2 qi1 de5 ai4 qing2	no-cc-cedict-entry
霍伊克	霍伊剋	huo4 yi1 ke4	no-cc-cedict-entry
霍克县	霍剋縣	huo4 ke4 xian4	no-cc-cedict-entry
霍博肯	霍博肯	huo4 bo2 ken3	no-cc-cedict-entry
霍姆斯彗星	霍姆斯彗星	huo4 mu3 si1 hui4 xing1	no-cc-cedict-entry
霍斯蒂利安	霍斯蒂利安	huo4 si1 di4 li4 an1	no-cc-cedict-entry
霍穆托夫	霍穆託夫	huo4 mu4 tuo1 fu2	no-cc-cedict-entry
霍耳效应	霍耳效應	Huo4 er3 xiao4 ying4	no-cc-cedict-entry
霍芬海姆	霍芬海姆	huo4 fen1 hai3 mu3	no-cc-cedict-entry
霑	霑	zhan1	no-cc-cedict-entry
霜霉病	霜霉病	shuang1 mei2 bing4	no-cc-cedict-entry
霢	霢	mo4	no-cc-cedict-entry
霰弹	霰彈	xian4 dan4	no-cc-cedict-entry
露兜树目	露兜樹目	lu4 dou1 shu4 mu4	no-cc-cedict-entry
露露	露露	lu4 lu4	no-cc-cedict-entry
霹雳娇娃	霹靂嬌娃	pi1 li4 jiao1 wa2	no-cc-cedict-entry
霹雳州	霹靂州	pi1 li4 zhou1	no-cc-cedict-entry
靉	靉	ai4	no-cc-cedict-entry
青山刚昌	青山剛昌	qing1 shan1 gang1 chang1	no-cc-cedict-entry
青岛海尔	青島海爾	qing1 dao3 hai3 er3	no-cc-cedict-entry
青年土耳其党人	青年土耳其黨人	qing1 nian2 tu3 er3 qi2 dang3 ren2	no-cc-cedict-entry
青年旅社	青年旅社	qing1 nian2 lu:3 she4	no-cc-cedict-entry
青年生境国际网	青年生境國際网	qing1 nian2 sheng1 jing4 guo2 ji4 wang3	no-cc-cedict-entry
青木瓜之味	青木瓜之味	qing1 mu4 gua1 zhi1 wei4	no-cc-cedict-entry
青梅市	青梅市	qing1 mei2 shi4	no-cc-cedict-entry
青蚕	青蠶	qing1 can2	no-cc-cedict-entry
青蛇	青蛇	qing1 she2	no-cc-cedict-entry
青蛙王子	青蛙王子	qing1 wa1 wang2 zi3	no-cc-cedict-entry
青衣岛	青衣島	qing1 yi1 dao3	no-cc-cedict-entry
青铜翅鹦哥	青銅翅鸚哥	qing1 tong2 chi4 ying1 ge1	no-cc-cedict-entry
青铜蛙	青銅蛙	qing1 tong2 wa1	no-cc-cedict-entry
靓丽	靚麗	jing4 li4	no-cc-cedict-entry
静息电位	靜息電位	jing4 xi1 dian4 wei4	no-cc-cedict-entry
静静	靜靜	jing4 jing4	no-cc-cedict-entry
静静的顿河	靜靜的頓河	jing4 jing4 de5 dun4 he2	no-cc-cedict-entry
非交换域	非交換域	fei1 jiao1 huan4 yu4	no-cc-cedict-entry
非会员	非會員	fei1 hui4 yuan2	no-cc-cedict-entry
非典型	非典型	fei1 dian3 xing2	no-cc-cedict-entry
非常人贩	非常人販	fei1 chang2 ren2 fan4	no-cc-cedict-entry
非常大	非常大	fei1 chang2 dai4	no-cc-cedict-entry
非常大酒店	非常大酒店	fei1 chang2 dai4 jiu3 dian4	no-cc-cedict-entry
非常好	非常好	fei1 chang2 hao3	no-cc-cedict-entry
非常家庭	非常家庭	fei1 chang2 jia1 ting2	no-cc-cedict-entry
非常重要	非常重要	fei1 chang2 zhong4 yao4	no-cc-cedict-entry
非常高兴	非常高興	fei1 chang2 gao1 xing4	no-cc-cedict-entry
非欧氏几何	非歐氏幾何	fei1 ou1 shi4 ji3 he2	no-cc-cedict-entry
非洲之旅	非洲之旅	fei1 zhou1 zhi1 lu:3	no-cc-cedict-entry
非洲橄榄木	非洲橄榄木	fei1 zhou1 gan3 lan3 mu4	no-cc-cedict-entry
非洲猎龙	非洲獵龍	fei1 zhou1 lie4 long2	no-cc-cedict-entry
非点源	非點源	fei1 dian3 yuan2	no-cc-cedict-entry
非物质	非物質	fei1 wu4 zhi4	no-cc-cedict-entry
非物质遗产	非物質遺產	fei1 wu4 zhi4 yi2 chan3	no-cc-cedict-entry
非盈利	非盈利	fei1 ying2 li4	no-cc-cedict-entry
非类固醇消炎止痛药	非類固醇消炎止痛藥	fei1 lei4 gu4 chun2 xiao1 yan2 zhi3 tong4 yao4	no-cc-cedict-entry
靠着	靠着	kao4 zhuo2	no-cc-cedict-entry
面人儿	麵人兒	mian4 ren2 r	no-cc-cedict-entry
面包超人	麵包超人	mian4 bao1 chao1 ren2	no-cc-cedict-entry
面巾纸	面巾紙	mian4 jin1 zhi3	no-cc-cedict-entry
面瘫女	面癱女	mian4 tan1 nu:3	no-cc-cedict-entry
面积分	面積分	mian4 ji5 fen4	no-cc-cedict-entry
面糊	麵糊	mian4 hu2	no-cc-cedict-entry
面貌极相似的人	面貌極相似的人	mian4 mao4 ji2 xiang1 si4 de5 ren2	no-cc-cedict-entry
革命之路	革命之路	ge2 ming4 zhi1 lu4	no-cc-cedict-entry
革律翁	革律翁	ge2 lu:4 weng1	no-cc-cedict-entry
鞋类	鞋類	xie2 lei4	no-cc-cedict-entry
鞑靼斯克	韃靼斯克	da2 da2 si1 ke4	no-cc-cedict-entry
鞑靼斯坦共和国	韃靼斯坦共和國	da2 da2 si1 tan3 gong4 he2 guo2	no-cc-cedict-entry
鞫	鞫	ju2	no-cc-cedict-entry
韁	韁	jiang1	no-cc-cedict-entry
韋德	韦德	wei2 de2	no-cc-cedict-entry
韍	韍	fu2	no-cc-cedict-entry
韦克舍	韋克舍	wei3 ke4 she3	no-cc-cedict-entry
韦利亚镇	韋利亞鎮	wei2 li4 ya4 zhen4	no-cc-cedict-entry
韦尔维耶	韋爾維耶	wei2 er3 wei2 ye1	no-cc-cedict-entry
韩古尔	韓古爾	han2 gu3 er3	no-cc-cedict-entry
韩国外国语大学	韓國外國語大學	han2 guo2 wai4 guo2 yu3 da4 xue2	no-cc-cedict-entry
韩国日报	韓國日報	han2 guo2 ri4 bao4	no-cc-cedict-entry
韩国电影	韓國電影	han2 guo2 dian4 ying3	no-cc-cedict-entry
韩式摔跤	韓式摔跤	han2 shi4 shuai1 jiao1	no-cc-cedict-entry
韩泰轮胎	韓泰輪胎	han2 tai4 lun2 tai1	no-cc-cedict-entry
韩烧	韓燒	han2 shao1	no-cc-cedict-entry
音乐文件	音樂文件	yin1 yue4 wen2 jian4	no-cc-cedict-entry
音频线	音頻線	yin1 pin2 xian4	no-cc-cedict-entry
韶神星	韶神星	shao2 shen2 xing1	no-cc-cedict-entry
頔	頔	di2	no-cc-cedict-entry
頫	頫	fu3	no-cc-cedict-entry
顋	顋	sai1	no-cc-cedict-entry
顔	顔	yan2	no-cc-cedict-entry
顗	顗	yi3	no-cc-cedict-entry
页数	頁數	ye4 shu4	no-cc-cedict-entry
顶体	頂體	ding3 ti3	no-cc-cedict-entry
顶棘龙	頂棘龍	ding3 ji2 long2	no-cc-cedict-entry
项目经理	項目經理	xiang4 mu4 jing1 li3	no-cc-cedict-entry
顺利进行	順利進行	shun4 li4 jin4 xing2	no-cc-cedict-entry
顺化市	順化市	shun4 hua4 shi4	no-cc-cedict-entry
顺德天皇	順德天皇	shun4 de2 tian1 huang2	no-cc-cedict-entry
顺流洄游	順流洄游	shun4 liu2 hui2 you2	no-cc-cedict-entry
顺钟向	順鍾向	shun4 zhong1 xiang4	no-cc-cedict-entry
须苞石竹	鬚苞石竹	xu1 bao1 shi2 zhu2	no-cc-cedict-entry
须鲨科	須鯊科	xu1 sha1 ke1	no-cc-cedict-entry
须鲸亚目	鬚鯨亞目	xu1 jing1 ya4 mu4	no-cc-cedict-entry
顼	頊	xu4	no-cc-cedict-entry
顽童历险记	頑童歷險記	wan2 tong2 li4 xian3 ji4	no-cc-cedict-entry
顿巴斯	頓巴斯	dun4 ba1 si1	no-cc-cedict-entry
顿河畔罗斯托夫	頓河畔羅斯託夫	dun4 he2 pan4 luo2 si1 tuo1 fu1	no-cc-cedict-entry
颁佈	頒佈	ban1 bu4	no-cc-cedict-entry
颁奖典礼	頒獎典禮	ban1 jiang3 dian3 li3	no-cc-cedict-entry
预备知识	預備知識	yu4 bei4 zhi1 shi5	no-cc-cedict-entry
预算贷项	预算贷项	yu4 suan4 dai4 xiang4	no-cc-cedict-entry
领䴗鹛	領鶪鶥	ling3 ju2 mei2	no-cc-cedict-entry
领导干部	領導幹部	ling3 dao3 gan4 bu4	no-cc-cedict-entry
颇有	頗有	po3 you3	no-cc-cedict-entry
颌针目	頜針目	he2 zhen1 mu4	no-cc-cedict-entry
颜性恋	顏性戀	yan2 xing4 lian4	no-cc-cedict-entry
额勒贝格·道尔吉	額勒貝格·道爾吉	E2 le4 bei4 ge2 · Dao4 er3 ji2	no-cc-cedict-entry
额尔登特	額爾登特	e2 er3 deng1 te2	no-cc-cedict-entry
颸	颸	si1	no-cc-cedict-entry
颺	颺	yang2	no-cc-cedict-entry
颻	颻	yao2	no-cc-cedict-entry
颾	颾	sao1	no-cc-cedict-entry
飀	飀	liu2	no-cc-cedict-entry
风之影	風之影	feng1 zhi1 ying3	no-cc-cedict-entry
风之谷	風之谷	feng1 zhi1 gu3	no-cc-cedict-entry
风云系列卫星	風雲繫列衛星	feng1 yun2 xi4 lie4 wei4 xing1	no-cc-cedict-entry
风冷冷凝器	風冷冷凝器	feng1 leng3 leng3 ning2 qi4	no-cc-cedict-entry
风土条件	風土條件	feng1 tu3 tiao2 jian4	no-cc-cedict-entry
风寒指数	風寒指數	feng1 han2 zhi3 shu4	no-cc-cedict-entry
风成岛弧	風成島弧	feng1 cheng2 dao3 hu2	no-cc-cedict-entry
风景区	風景區	feng1 jing3 qu1	no-cc-cedict-entry
风月俏佳人	風月俏佳人	feng1 yue4 qiao4 jia1 ren2	no-cc-cedict-entry
风流寡妇	風流寡婦	feng1 liu2 gua3 fu4	no-cc-cedict-entry
风湿病	風濕病	feng1 shi1 bing4	no-cc-cedict-entry
风筝	風箏	feng1 zheng1	no-cc-cedict-entry
风筝冲浪	風箏衝浪	feng1 zheng1 chong1 lang4	no-cc-cedict-entry
风车星系	風車星系	feng1 che1 xing1 xi4	no-cc-cedict-entry
风道	風道	feng1 dao4	no-cc-cedict-entry
飞天小女警	飛天小女警	fei1 tian1 xiao3 nu:3 jing3	no-cc-cedict-entry
飞燕诺	飛燕諾	fei1 yan4 nuo4	no-cc-cedict-entry
飞狼	飛狼	fei1 lang2	no-cc-cedict-entry
飞禽饲养场	飛禽飼養場	fei1 qin2 si4 yang3 chang3	no-cc-cedict-entry
飞索半导体	飛索半導體	fei1 suo3 ban4 dao3 ti3	no-cc-cedict-entry
飞行者	飛行者	fei1 xing2 zhe3	no-cc-cedict-entry
飞行车	飛行車	fei1 xing2 che1	no-cc-cedict-entry
飞走	飛走	fei1 zou3	no-cc-cedict-entry
飞起	飛起	fei1 qi3	no-cc-cedict-entry
飞越比佛利	飛越比彿利	fei1 yue4 bi3 fu2 li4	no-cc-cedict-entry
飞越疯人院	飛越瘋人院	fei1 yue4 feng1 ren2 yuan4	no-cc-cedict-entry
飞雪	飛雪	Fei1 xue3	no-cc-cedict-entry
飞飞	飛飛	fei1 fei1	no-cc-cedict-entry
食品包装	食品包裝	shi2 pin3 bao1 zhuang1	no-cc-cedict-entry
食品厂	食品廠	shi2 pin3 chang3	no-cc-cedict-entry
食品安全	食品安全	shi2 pin3 an1 quan2	no-cc-cedict-entry
食品工业	食品工業	shi2 pin3 gong1 ye4	no-cc-cedict-entry
食品添加剂	食品添加劑	shi2 pin3 tian1 jia1 ji4	no-cc-cedict-entry
食用菌	食用菌	shi2 yong4 jun4	no-cc-cedict-entry
食蚁兽科	食蟻獸科	shi2 yi3 shou4 ke1	no-cc-cedict-entry
食蚊鱼	食蚊魚	shi2 wen2 yu2	no-cc-cedict-entry
飥	飥	tuo1	no-cc-cedict-entry
餈	餈	ci2	no-cc-cedict-entry
餖	餖	dou4	no-cc-cedict-entry
餧	餧	wei4	no-cc-cedict-entry
餬	餬	hu2	no-cc-cedict-entry
餱	餱	hou2	no-cc-cedict-entry
餺	餺	bo2	no-cc-cedict-entry
餻	餻	gao1	no-cc-cedict-entry
饥馑	飢饉	ji1 jin3	no-cc-cedict-entry
饭冢市	飯塚市	fan4 zhong3 shi4	no-cc-cedict-entry
饮食习惯	飲食習慣	yin3 shi2 xi2 guan4	no-cc-cedict-entry
饽饽头	餑餑頭	bo1 bo5 tou2	no-cc-cedict-entry
饿坏了	餓壞了	e4 huai4 le5	no-cc-cedict-entry
馀数	餘數	yu2 shu4	no-cc-cedict-entry
馅儿	餡兒	xian4 r	no-cc-cedict-entry
馆长	館長	guan3 zhang3	no-cc-cedict-entry
首席数据官	首席數據官	shou3 xi2 shu4 ju4 guan1	no-cc-cedict-entry
首播	首播	shou3 bo4	no-cc-cedict-entry
首歌	首歌	shou3 ge1	no-cc-cedict-entry
首部	首部	shou3 bu4	no-cc-cedict-entry
首里	首里	shou3 li3	no-cc-cedict-entry
首陀罗	首陀羅	shou3 tuo2 luo2	no-cc-cedict-entry
首项	首項	shou3 xiang4	no-cc-cedict-entry
香农	香農	xiang1 nong2	no-cc-cedict-entry
香农河	香農河	xiang1 nong2 he2	no-cc-cedict-entry
香山	香山	xiang1 shan1	no-cc-cedict-entry
香料味	香料味	xiang1 liao4 wei4	no-cc-cedict-entry
香江	香江	xiang1 jiang1	no-cc-cedict-entry
香淳皇后	香淳皇後	xiang1 chun2 huang2 hou4	no-cc-cedict-entry
香港国际七人榄球赛	香港國際七人欖球賽	xiang1 gang3 guo2 ji4 qi1 ren2 lan3 qiu2 sai4	no-cc-cedict-entry
香港巴豆	香港巴豆	xiang1 gang3 ba1 dou4	no-cc-cedict-entry
香港甲组足球联赛	香港甲組足球聯賽	xiang1 gang3 jia3 zu3 zu2 qiu2 lian2 sai4	no-cc-cedict-entry
香港电影	香港電影	xiang1 gang3 dian4 ying3	no-cc-cedict-entry
香的	香的	xiang1 de5	no-cc-cedict-entry
香碗豆	香碗豆	xiang1 wan3 dou4	no-cc-cedict-entry
香羊肚	香羊肚	xiang1 yang2 du4	no-cc-cedict-entry
香芝市	香芝市	xiang1 zhi1 shi4	no-cc-cedict-entry
香芹	香芹	xiang1 qin2	no-cc-cedict-entry
駃	駃	kuai4	no-cc-cedict-entry
駉	駉	jiong3	no-cc-cedict-entry
駓	駓	pi1	no-cc-cedict-entry
駪	駪	shen1	no-cc-cedict-entry
騄	騄	lu4	no-cc-cedict-entry
騠	騠	ti2	no-cc-cedict-entry
騤	騤	kui2	no-cc-cedict-entry
騧	騧	gua1	no-cc-cedict-entry
騵	騵	yuan2	no-cc-cedict-entry
驌	驌	su4	no-cc-cedict-entry
驔	驔	tan2	no-cc-cedict-entry
驦	驦	shuang1	no-cc-cedict-entry
驩	驩	huan1	no-cc-cedict-entry
驫	驫	biao1	no-cc-cedict-entry
马丁・路德	馬丁・路德	Ma3 ding1 · Lu4 de2	no-cc-cedict-entry
马伊斯群岛	馬伊斯群島	ma3 yi1 si1 qun2 dao3	no-cc-cedict-entry
马修	马修	ma3 xiu1	no-cc-cedict-entry
马克思·列宁主义	馬克思·列寧主義	Ma3 ke4 si1 · Lie4 ning2 zhu3 yi4	no-cc-cedict-entry
马克里努斯	馬剋里努斯	ma3 ke4 li3 nu3 si1	no-cc-cedict-entry
马凯雷雷大学	馬凱雷雷大學	ma3 kai3 lei2 lei2 dai4 xue2	no-cc-cedict-entry
马切拉塔	馬切拉塔	ma3 qie1 la1 ta3	no-cc-cedict-entry
马力聚氯乙烯	马力聚氯乙烯	ma3 li4 ju4 lu4 yi3 xi1	no-cc-cedict-entry
马卡鲁峰	馬卡魯峰	ma3 ka3 lu3 feng1	no-cc-cedict-entry
马可	马可	ma3 ke3	no-cc-cedict-entry
马可・奥勒留	馬可・奧勒留	Ma3 ke3 · Ao4 lei1 liu2	no-cc-cedict-entry
马塔迪	馬塔迪	ma3 da5 di2	no-cc-cedict-entry
马塞卢区	馬塞盧區	Ma3 sai4 lu2 qu1	no-cc-cedict-entry
马头	馬頭	ma3 tou2	no-cc-cedict-entry
马奈	馬奈	ma3 nai4	no-cc-cedict-entry
马家婆	馬家婆	Ma3 jia1 po2	no-cc-cedict-entry
马尔	馬爾	ma3 er3	no-cc-cedict-entry
马尔他十字	馬爾他十字	ma3 er3 ta1 shi2 zi4	no-cc-cedict-entry
马尔代夫足球联赛	馬爾代夫足球聯賽	ma3 er3 dai4 fu1 zu2 qiu2 lian2 sai4	no-cc-cedict-entry
马尔克奥雷利	馬爾克奧雷利	Ma3 er3 ke4 Ao4 lei2 li4	no-cc-cedict-entry
马尔克达尔	馬爾剋達爾	ma3 er3 ke4 da2 er3	no-cc-cedict-entry
马尔凯	馬爾凱	ma3 er3 kai3	no-cc-cedict-entry
马尔尚	馬爾尚	ma3 er3 shang4	no-cc-cedict-entry
马尔马拉岛	馬爾馬拉島	ma3 er3 ma3 la1 dao3	no-cc-cedict-entry
马尾藻	馬尾藻	ma3 wei3 zao3	no-cc-cedict-entry
马德拉化	馬德拉化	Ma3 de2 la1 hua4	no-cc-cedict-entry
马恩河畔诺让	馬恩河畔諾讓	Ma3 en1 he2 pan4 nuo4 rang4	no-cc-cedict-entry
马拉雅拉姆语	馬拉雅拉姆語	ma3 la1 ya3 la1 mu3 yu3	no-cc-cedict-entry
马斯	马斯	ma3 si1	no-cc-cedict-entry
马斯梅赫伦	馬斯梅赫倫	ma3 si1 mei2 he4 lun2	no-cc-cedict-entry
马杜赖	馬杜賴	ma3 du4 lai4	no-cc-cedict-entry
马林县	馬林縣	ma3 lin2 xian4	no-cc-cedict-entry
马洛市	馬洛市	ma3 luo4 shi4	no-cc-cedict-entry
马特	馬特	ma3 te4	no-cc-cedict-entry
马琪琳	馬琪琳	ma3 qi2 lin2	no-cc-cedict-entry
马琳	馬琳	ma3 lin2	no-cc-cedict-entry
马脚蹄	馬腳蹄	ma3 jiao3 ti2	no-cc-cedict-entry
马辰	馬辰	ma3 chen2	no-cc-cedict-entry
马达加斯加语	馬達加斯加語	ma3 da2 jia1 si1 jia1 yu3	no-cc-cedict-entry
马里乌波尔	馬裡烏波爾	ma3 li3 wu1 bo1 er3	no-cc-cedict-entry
马里人	馬里人	ma3 li3 ren2	no-cc-cedict-entry
马雷市	馬雷市	ma3 lei2 shi4	no-cc-cedict-entry
马鞍山发电厂	馬鞍山發電廠	ma3 an1 shan1 fa1 dian4 chang3	no-cc-cedict-entry
马鬃山	馬鬃山	ma3 zong1 shan1	no-cc-cedict-entry
驰神星	馳神星	chi2 shen2 xing1	no-cc-cedict-entry
驴皮记	驢皮記	lu:2 pi2 ji4	no-cc-cedict-entry
驴羚	驢羚	lu:2 ling2	no-cc-cedict-entry
驴耳鲍螺	驢耳鮑螺	lu:2 er3 bao4 luo2	no-cc-cedict-entry
驶神星	駛神星	shi3 shen2 xing1	no-cc-cedict-entry
驶过	駛過	shi3 guo4	no-cc-cedict-entry
驼背鲈	駝背鱸	tuo2 bei4 lu2	no-cc-cedict-entry
驿站马车	驛站馬車	yi4 zhan4 ma3 che1	no-cc-cedict-entry
骄子不孝	驕子不孝	jiao1 zi3 bu4 xiao4	no-cc-cedict-entry
骆驼科	駱駝科	luo4 tuo2 ke1	no-cc-cedict-entry
骏河国	駿河國	jun4 he2 guo2	no-cc-cedict-entry
骑士厅	騎士廳	qi2 shi4 ting1	no-cc-cedict-entry
骑士团	騎士團	qi2 shi4 tuan2	no-cc-cedict-entry
骑自行车	騎自行車	qi2 zi4 xing2 che1	no-cc-cedict-entry
骚女人	騷女人	sao1 nu:3 ren2	no-cc-cedict-entry
骚屄	騷屄	sao1 bi1	no-cc-cedict-entry
骠国	驃國	piao4 guo2	no-cc-cedict-entry
骰宝	骰寶	tou2 bao3	no-cc-cedict-entry
骷髅会	骷髏會	ku1 lou2 hui4	no-cc-cedict-entry
骾	骾	geng3	no-cc-cedict-entry
高卡车	高卡車	gao1 ka3 che1	no-cc-cedict-entry
高卢星	高盧星	gao1 lu2 xing1	no-cc-cedict-entry
高原州	高原州	gao1 yuan2 zhou1	no-cc-cedict-entry
高品质	高品質	gao1 pin3 zhi4	no-cc-cedict-entry
高坂昌信	高阪昌信	gao1 ban3 chang1 xin4	no-cc-cedict-entry
高密度	高密度	gao1 mi4 du4	no-cc-cedict-entry
高尔夫球员	高爾夫球員	gao1 er3 fu1 qiu2 yuan2	no-cc-cedict-entry
高尔夫球手	高爾夫球手	gao1 er3 fu1 qiu2 shou3	no-cc-cedict-entry
高山流水	高山流水	gao1 shan1 liu2 shui3	no-cc-cedict-entry
高崎市	高崎市	gao1 qi2 shi4	no-cc-cedict-entry
高度准备	高度准備	gao1 duo2 zhun3 bei4	no-cc-cedict-entry
高强度	高強度	gao1 qiang2 du4	no-cc-cedict-entry
高教	高教	gao1 jiao1	no-cc-cedict-entry
高村正彦	高村正彥	Gao1 cun1 Zheng1 yan4	no-cc-cedict-entry
高标准	高標準	gao1 biao1 zhun3	no-cc-cedict-entry
高树乡	高樹鄉	Gao1 shu4 xiang1	no-cc-cedict-entry
高档商品	高檔商品	gao1 dang4 shang1 pin3	no-cc-cedict-entry
高桥阳一	高橋陽一	gao1 qiao2 yang2 yi1	no-cc-cedict-entry
高棉族	高棉族	gao1 mian2 zu2	no-cc-cedict-entry
高水平	高水平	gao1 shui3 ping2	no-cc-cedict-entry
高点	高點	gao1 dian3	no-cc-cedict-entry
高的	高的	gao1 de5	no-cc-cedict-entry
高砂市	高砂市	gao1 sha1 shi4	no-cc-cedict-entry
高祖	高祖	gao1 zu3	no-cc-cedict-entry
高立德大学	高立德大學	gao1 li4 de2 da4 xue2	no-cc-cedict-entry
高等数学	高等數學	gao1 deng3 shu4 xue2	no-cc-cedict-entry
高等院校	高等院校	gao1 deng3 yuan4 jiao4	no-cc-cedict-entry
高素质	高素質	gao1 su4 zhi4	no-cc-cedict-entry
高级印刷品	高級印刷品	gao1 ji2 yin4 shua4 pin3	no-cc-cedict-entry
高级官员	高級官員	gao1 ji2 guan1 yuan2	no-cc-cedict-entry
高级数据链路控制	高級數據鏈路控制	gao1 ji2 shu4 ju4 lian4 lu4 kong4 zhi4	no-cc-cedict-entry
高级研究协理	高級研究協理	gao1 ji2 yan2 jiu1 xie2 li3	no-cc-cedict-entry
高级管理人员	高級管理人員	gao1 ji2 guan3 li3 ren2 yuan2	no-cc-cedict-entry
高纬环球	高緯環球	gao1 wei3 huan2 qiu2	no-cc-cedict-entry
高维郡	高維郡	gao1 wei2 jun4	no-cc-cedict-entry
高跷鹬	高蹺鷸	gao1 qiao4 yu4	no-cc-cedict-entry
高过	高過	gao1 guo4	no-cc-cedict-entry
高速发展	高速發展	gao1 su4 fa1 zhan3	no-cc-cedict-entry
高野山	高野山	gao1 ye3 shan1	no-cc-cedict-entry
高铁站	高鐵站	gao1 tie3 zhan4	no-cc-cedict-entry
高锰	高錳	gao1 meng3	no-cc-cedict-entry
高雪轮	高雪輪	gao1 xue3 lun2	no-cc-cedict-entry
高顺	高順	gao1 shun4	no-cc-cedict-entry
高高	高高	gao1 gao1	no-cc-cedict-entry
高鼻羚羊	高鼻羚羊	gao1 bi2 ling2 yang2	no-cc-cedict-entry
鬰	鬰	Yu4	no-cc-cedict-entry
鬱	鬱	Yu4	no-cc-cedict-entry
鬼太郎	鬼太郎	gui3 tai4 lang2	no-cc-cedict-entry
鬼宿星团	鬼宿星團	gui3 su4 xing1 tuan2	no-cc-cedict-entry
鬼影	鬼影	gui3 ying3	no-cc-cedict-entry
鬼武者	鬼武者	gui3 wu3 zhe3	no-cc-cedict-entry
鬼玩人	鬼玩人	gui3 wan2 ren2	no-cc-cedict-entry
鬼童院	鬼童院	gui3 tong2 yuan4	no-cc-cedict-entry
魁人政团	魁人政團	kui2 ren2 zheng4 tuan2	no-cc-cedict-entry
魁北克民主行动党	魁北克民主行動黨	kui2 bei3 ke4 min2 zhu3 xing2 dong4 dang3	no-cc-cedict-entry
魁北克生态旅游宣言	魁北克生態旅游宣言	kui2 bei3 ke4 sheng1 tai4 lu:3 you2 xuan1 yan2	no-cc-cedict-entry
魅族	魅族	mei4 zu2	no-cc-cedict-entry
魆	魆	xu4	no-cc-cedict-entry
魏玛县	魏瑪縣	wei4 ma3 xian4	no-cc-cedict-entry
魔兽	魔獸	mo2 shou4	no-cc-cedict-entry
魔兽争霸	魔獸爭霸	mo2 shou4 zheng1 ba4	no-cc-cedict-entry
魔力红	魔力紅	mo2 li4 hong2	no-cc-cedict-entry
魔域	魔域	mo2 yu4	no-cc-cedict-entry
魔域幻境之浴血战场	魔域幻境之浴血戰場	mo2 yu4 huan4 jing4 zhi1 yu4 xue4 zhan4 chang3	no-cc-cedict-entry
魔法提琴手	魔法提琴手	mo2 fa3 ti2 qin2 shou3	no-cc-cedict-entry
魔笛	魔笛	mo2 di2	no-cc-cedict-entry
魔诫坟场	魔誡墳場	mo2 jie4 fen2 chang3	no-cc-cedict-entry
魔鬼终结者	魔鬼終結者	mo2 gui3 zhong1 jie2 zhe3	no-cc-cedict-entry
魟	魟	hong1	no-cc-cedict-entry
魟	魟	gong1	no-cc-cedict-entry
魟科	魟科	gong1 ke1	no-cc-cedict-entry
魨	魨	tun2	no-cc-cedict-entry
魮	魮	bi2	no-cc-cedict-entry
鮀	鮀	tuo2	no-cc-cedict-entry
鮆	鮆	ji4	no-cc-cedict-entry
鮠科	鮠科	wei2 ke1	no-cc-cedict-entry
鮭	鮭	gui1	no-cc-cedict-entry
鮭川村	鮭川村	gui1 chuan1 cun1	no-cc-cedict-entry
鮸	鮸	mian3	no-cc-cedict-entry
鯕	鯕	qi2	no-cc-cedict-entry
鯠	鯠	lai2	no-cc-cedict-entry
鰆	鰆	chun1	no-cc-cedict-entry
鰜	鰜	jian1	no-cc-cedict-entry
鰤	鰤	shi1	no-cc-cedict-entry
鰶	鰶	ji4	no-cc-cedict-entry
鱆	鱆	zhang1	no-cc-cedict-entry
鱎	鱎	jiao3	no-cc-cedict-entry
鱣	鱣	zhan1	no-cc-cedict-entry
鱨	鱨	chang2	no-cc-cedict-entry
鱲	鱲	lie4	no-cc-cedict-entry
鱻	鱻	xian1	no-cc-cedict-entry
鱼尾狮	魚尾獅	yu2 wei3 shi1	no-cc-cedict-entry
鱼类遗产	魚類遺產	yu2 lei4 yi2 chan3	no-cc-cedict-entry
鲁伏马河	魯伏馬河	lu3 fu2 ma3 he2	no-cc-cedict-entry
鲁塞	魯塞	lu3 sai4	no-cc-cedict-entry
鲁尔	魯爾	Lu3 er3	no-cc-cedict-entry
鲁班斯基	魯班斯基	lu3 ban1 si1 ji1	no-cc-cedict-entry
鲁营球场	魯營球場	lu3 ying2 qiu2 chang3	no-cc-cedict-entry
鲁迈拉油田	魯邁拉油田	lu3 mai4 la1 you2 tian2	no-cc-cedict-entry
鲇形目	鮎形目	nian2 xing2 mu4	no-cc-cedict-entry
鲍威尔县	鮑威爾縣	bao4 wei1 er3 xian4	no-cc-cedict-entry
鲍岑县	鮑岑縣	bao4 cen2 xian4	no-cc-cedict-entry
鲗鱼涌	鰂魚涌	Zei2 yu2 chong1	no-cc-cedict-entry
鲜嫩	鮮嫩	xian1 nen4	no-cc-cedict-entry
鲟科	鱘科	xun2 ke1	no-cc-cedict-entry
鲨鱼湾	鯊魚灣	sha1 yu2 wan1	no-cc-cedict-entry
鲭带鱼	鲭带鱼	qing1 dai4 yu2	no-cc-cedict-entry
鲭江市	鯖江市	qing1 jiang1 shi4	no-cc-cedict-entry
鲸湾港	鯨灣港	jing1 wan1 gang3	no-cc-cedict-entry
鲸脂	鲸脂	jing1 zhi1	no-cc-cedict-entry
鳌拜	鰲拜	ao2 bai4	no-cc-cedict-entry
鳞头树莺	鱗頭樹鶯	lin2 tou2 shu4 ying1	no-cc-cedict-entry
鳢肠	鱧腸	li3 chang2	no-cc-cedict-entry
鳲	鳲	shi1	no-cc-cedict-entry
鴈	鴈	yan4	no-cc-cedict-entry
鴞	鴞	xiao1	no-cc-cedict-entry
鴢	鴢	you4	no-cc-cedict-entry
鵁	鵁	jiao1	no-cc-cedict-entry
鵖	鵖	bi1	no-cc-cedict-entry
鵟	鵟	kuang2	no-cc-cedict-entry
鵰	鵰	diao1	no-cc-cedict-entry
鵷	鵷	yuan1	no-cc-cedict-entry
鶊	鶊	geng1	no-cc-cedict-entry
鶒	鶒	chi4	no-cc-cedict-entry
鶡	鶡	he2	no-cc-cedict-entry
鶬	鶬	cang1	no-cc-cedict-entry
鶵	鶵	chu2	no-cc-cedict-entry
鶺	鶺	ji2	no-cc-cedict-entry
鷄	鷄	ji1	no-cc-cedict-entry
鷊	鷊	ni4	no-cc-cedict-entry
鷖	鷖	yi1	no-cc-cedict-entry
鷫	鷫	su4	no-cc-cedict-entry
鷭	鷭	fan2	no-cc-cedict-entry
鸂	鸂	xi1	no-cc-cedict-entry
鸑	鸑	yue4	no-cc-cedict-entry
鸟不拉屎，鸡不生蛋	鳥不拉屎，雞不生蛋	niao3 bu4 la1 shi3 , ji1 bu4 sheng1 dan4	no-cc-cedict-entry
鸟儿	鳥兒	niao3 r	no-cc-cedict-entry
鸟取县	鳥取縣	niao3 qu3 xian4	no-cc-cedict-entry
鸟神星	鳥神星	niao3 shen2 xing1	no-cc-cedict-entry
鸟话	鳥話	niao3 hua4	no-cc-cedict-entry
鸠山一郎	鳩山一郎	jiu1 shan1 yi1 lang2	no-cc-cedict-entry
鸡不和狗斗	雞不和狗鬥	ji1 bu4 he2 gou3 dou4	no-cc-cedict-entry
鸡子儿	雞子兒	ji1 zi3 r	no-cc-cedict-entry
鸡尾鹦鹉	雞尾鸚鵡	ji1 wei3 ying1 wu3	no-cc-cedict-entry
鸡茸粟米羹	雞茸粟米羹	ji1 rong2 su4 mi3 geng1	no-cc-cedict-entry
鸦嘴卷尾	鴉嘴卷尾	ya1 zui3 juan4 wei3	no-cc-cedict-entry
鸦科	鴉科	ya1 ke1	no-cc-cedict-entry
鸭子儿	鴨子兒	ya1 zi3 r	no-cc-cedict-entry
鸭肝酱	鴨肝醬	ya1 gan1 jiang4	no-cc-cedict-entry
鸭胗	鴨胗	ya1 zhen1	no-cc-cedict-entry
鸭脷洲	鴨脷洲	ya1 li4 zhou1	no-cc-cedict-entry
鸭蛋	鴨蛋	ya1 dan4	no-cc-cedict-entry
鸳鸯	鴛鴦	yuan1 yang5	no-cc-cedict-entry
鹅耳枥	鵝耳櫪	e2 er3 li4	no-cc-cedict-entry
鹟科	鶲科	weng1 ke1	no-cc-cedict-entry
鹤佬话	鶴佬話	he4 lao3 hua4	no-cc-cedict-entry
鹤属	鶴屬	he4 shu3	no-cc-cedict-entry
鹭鸶	鷺鷥	lu4si1	no-cc-cedict-entry
鹿乳奉亲	鹿乳奉親	lu4 ru3 feng4 qin1	no-cc-cedict-entry
鹿岛鹿角	鹿島鹿角	lu4 dao3 lu4 jiao3	no-cc-cedict-entry
鹿林彗星	鹿林彗星	lu4 lin2 hui4 xing1	no-cc-cedict-entry
鹿栈县	鹿棧縣	lu4 zhan4 xian4	no-cc-cedict-entry
鹿沼市	鹿沼市	lu4 zhao3 shi4	no-cc-cedict-entry
鹿特丹斯巴达	鹿特丹斯巴達	lu4 te4 dan1 si1 ba1 da2	no-cc-cedict-entry
鹿科	鹿科	lu4 ke1	no-cc-cedict-entry
鹿野苑	鹿野苑	lu4 ye3 yuan4	no-cc-cedict-entry
麐	麐	lin2	no-cc-cedict-entry
麝科	麝科	she4 ke1	no-cc-cedict-entry
麝香的	麝香的	she4 xiang1 de5	no-cc-cedict-entry
麝香葡萄香	麝香葡萄香	she4 xiang1 pu2 tao2 xiang1	no-cc-cedict-entry
麤	麤	cu1	no-cc-cedict-entry
麦克唐纳天文台	麥克唐納天文台	mai4 ke4 tang2 na4 tian1 wen2 tai2	no-cc-cedict-entry
麦吉尔大学	麥吉爾大學	mai4 ji2 er3 da4 xue2	no-cc-cedict-entry
麦哲伦体育俱乐部	麥哲倫體育俱樂部	mai4 zhe2 lun2 ti3 yu4 ju4 le4 bu4	no-cc-cedict-entry
麦田	麥田	mai4 tian2	no-cc-cedict-entry
麦穗鱼	麥穗魚	mai4 sui4 yu2	no-cc-cedict-entry
麦粉	麦粉	mai4 fen3	no-cc-cedict-entry
麦肯齐县	麥肯齊縣	mai4 ken3 qi2 xian4	no-cc-cedict-entry
麦觉理大学	麥覺理大學	mai4 jue2 li3 da4 xue2	no-cc-cedict-entry
麦金利山	麥金利山	mai4 jin1 li4 shan1	no-cc-cedict-entry
麸氨基硫	麩氨基硫	fu1 an1 ji1 liu2	no-cc-cedict-entry
麻辣女孩	麻辣女孩	ma2 la4 nu:3 hai2	no-cc-cedict-entry
麻辣鸡	麻辣雞	ma2 la4 ji1	no-cc-cedict-entry
麽	麽	me5	no-cc-cedict-entry
黄杨	黃楊	huang2 yang2	no-cc-cedict-entry
黄沙	黃沙	huang2 sha1	no-cc-cedict-entry
黄真伊	黃真伊	huang2 zhen1 yi1	no-cc-cedict-entry
黄简	黃簡	Huang2 jian3	no-cc-cedict-entry
黄线狭鳕	黃線狹鱈	huang2 xian4 xia2 xue3	no-cc-cedict-entry
黄翼蝠属	黃翼蝠屬	huang2 yi4 fu2 shu3	no-cc-cedict-entry
黄色电影	黃色電影	huang2 se4 dian4 ying3	no-cc-cedict-entry
黄色背心	黃色背心	huang2 se4 bei4 xin1	no-cc-cedict-entry
黄金降落伞	黃金降落傘	huang2 jin1 jiang4 luo4 san3	no-cc-cedict-entry
黄高	黄高	huang2 gao1	no-cc-cedict-entry
黄鼠狼威索	黃鼠狼威索	huang2 shu3 lang2 wei1 suo3	no-cc-cedict-entry
黎巴嫩县	黎巴嫩縣	li2 ba1 nen4 xian4	no-cc-cedict-entry
黎逸府	黎逸府	li2 yi4 fu3	no-cc-cedict-entry
黏液囊炎	黏液囊炎	nian2 ye4 nang2 yan2	no-cc-cedict-entry
黑云压城城欲摧	黑雲壓城城欲摧	hei1 yun2 ya1 cheng2 cheng2 yu4 cui1	no-cc-cedict-entry
黑冠长臂猿属	黑冠長臂猿屬	hei1 guan1 chang2 bi4 yuan2 shu3	no-cc-cedict-entry
黑喉石鵖	黑喉石鵖	hei1 hou2 shi2 bi1	no-cc-cedict-entry
黑塞哥维那	黑塞哥維那	Hei1 se4 ge1 wei2 na4	no-cc-cedict-entry
黑头	黑頭	hei1 tou2	no-cc-cedict-entry
黑客文	黑客文	hei1 ke4 wen2	no-cc-cedict-entry
黑客行为	黑客行為	hei1 ke4 xing2 wei2	no-cc-cedict-entry
黑尔县	黑爾縣	hei1 er3 xian4	no-cc-cedict-entry
黑尔戈兰岛	黑爾戈蘭島	hei1 er3 ge1 lan2 dao3	no-cc-cedict-entry
黑尔福德县	黑爾福德縣	hei1 er3 fu2 de2 xian4	no-cc-cedict-entry
黑山学院	黑山學院	hei1 shan1 xue2 yuan4	no-cc-cedict-entry
黑带蛙	黑帶蛙	hei1 dai4 wa1	no-cc-cedict-entry
黑掌蜘蛛猴	黑掌蜘蛛猴	hei1 zhang3 zhi1 zhu1 hou2	no-cc-cedict-entry
黑斯廷斯	黑斯廷斯	hei1 si1 ting2 si1	no-cc-cedict-entry
黑斯廷斯战役	黑斯廷斯戰役	hei1 si1 ting2 si1 zhan4 yi4	no-cc-cedict-entry
黑暗中的舞者	黑闇中的舞者	hei1 an4 zhong4 di4 wu3 zhe3	no-cc-cedict-entry
黑暗之半	黑闇之半	hei1 an4 zhi1 ban4	no-cc-cedict-entry
黑暗元素三部曲	黑闇元素三部曲	hei1 an4 yuan2 su4 san1 bu4 qu3	no-cc-cedict-entry
黑格尔法哲学批判	黑格爾法哲學批判	hei1 ge2 er3 fa3 zhe2 xue2 pi1 pan4	no-cc-cedict-entry
黑桃皇后	黑桃皇後	hei1 tao2 huang2 hou4	no-cc-cedict-entry
黑棘鲛科	黑棘鮫科	hei1 ji2 jiao1 ke1	no-cc-cedict-entry
黑水国际	黑水國際	hei1 shui3 guo2 ji4	no-cc-cedict-entry
黑河地区	黑河地區	Hei1 he2 di4 qu1	no-cc-cedict-entry
黑点	黑點	hei1 dian3	no-cc-cedict-entry
黑痣凤凰螺	黑痣鳳凰螺	hei1 zhi4 feng4 huang2 luo2	no-cc-cedict-entry
黑白林鵖	黑白林鵖	hei1 bai2 lin2 bi1	no-cc-cedict-entry
黑眼星系	黑眼星繫	hei1 yan3 xing1 xi4	no-cc-cedict-entry
黑眼豆豆	黑眼豆豆	hei1 yan3 dou4 dou4	no-cc-cedict-entry
黑石	黑石	hei1 shi2	no-cc-cedict-entry
黑社会以和为贵	黑社會以和為貴	hei1 she4 hui4 yi3 he2 wei4 gui4	no-cc-cedict-entry
黑神	黑神	hei1 shen2	no-cc-cedict-entry
黑索金	黑索金	hei1 suo3 jin1	no-cc-cedict-entry
黑色安息日	黑色安息日	hei1 se4 an1 xi2 ri4	no-cc-cedict-entry
黑豹	黑豹	hei1 bao4	no-cc-cedict-entry
黑豹坦克	黑豹坦克	hei1 bao4 tan3 ke4	no-cc-cedict-entry
黑金	黑金	hei1 jin1	no-cc-cedict-entry
黑金家族	黑金家族	hei1 jin1 jia1 zu2	no-cc-cedict-entry
默伦	默倫	mo4 lun2	no-cc-cedict-entry
默冬	默鼕	mo4 dong1	no-cc-cedict-entry
默德林	默德林	mo4 de2 lin2	no-cc-cedict-entry
默恩达尔市	默恩達爾市	mo4 en1 da2 er3 shi4	no-cc-cedict-entry
默拉皮火山	默拉皮火山	mo4 la1 pi2 huo3 shan1	no-cc-cedict-entry
黝帘石	黝簾石	you3 lian2 shi2	no-cc-cedict-entry
黴	黴	mei2	no-cc-cedict-entry
黶	黶	yan3	no-cc-cedict-entry
鼈	鼈	bie1	no-cc-cedict-entry
鼓击乐团	鼓擊樂團	gu3 ji1 yue4 tuan2	no-cc-cedict-entry
鼓鼓	鼓鼓	gu3 gu3	no-cc-cedict-entry
鼠兔	鼠兔	shu3 tu4	no-cc-cedict-entry
鼠科	鼠科	shu3 ke1	no-cc-cedict-entry
鼢鼠属	鼢鼠屬	fen2 shu3 shu3	no-cc-cedict-entry
鼬獾属	鼬獾屬	you4 huan1 shu3	no-cc-cedict-entry
鼻头	鼻頭	bi2 tou5	no-cc-cedict-entry
齐姆良斯克水库	齊姆良斯剋水庫	qi2 mu3 liang2 si1 ke4 shui3 ku4	no-cc-cedict-entry
齐式	齊式	qi2 shi4	no-cc-cedict-entry
齐陶	齊陶	qi2 tao2	no-cc-cedict-entry
齕	齕	he2	no-cc-cedict-entry
齗	齗	ken3	no-cc-cedict-entry
齣	齣	chu1	no-cc-cedict-entry
齰	齰	cuo4	no-cc-cedict-entry
齱	齱	zou1	no-cc-cedict-entry
齶	齶	e4	no-cc-cedict-entry
龙之吻	龍之吻	long2 zhi1 wen3	no-cc-cedict-entry
龙塔	龍塔	long2 ta3	no-cc-cedict-entry
龙科弗雷多	龍科弗雷多	long2 ke1 fu2 lei2 duo1	no-cc-cedict-entry
龙虎山	龍虎山	long2 hu3 shan1	no-cc-cedict-entry
龙达讷国家公园	龍達訥國家公園	long2 da2 ne4 guo2 jia1 gong1 yuan2	no-cc-cedict-entry
蘭	蘭	lan2	no-cc-cedict-entry
老	老	lao3	no-cc-cedict-entry
嗀	嗀	huo4	no-cc-cedict-entry
π日	π日	Pai4 ri4	no-cc-cedict-entry
10万兆贝可	10万兆貝可	10wan4 zhao4 bei4 ke3	no-cc-cedict-entry
21三体综合症	21三體綜合症	er4 shi2 yi1 san1 ti3 zong1 he2 zheng4	no-cc-cedict-entry
32位元	32位元	32 wei4 yuan2	no-cc-cedict-entry
5瓶	5瓶	5 ping2	no-cc-cedict-entry
64位元	64位元	64 wei4 yuan2	no-cc-cedict-entry
8月25日	8月25日	8 yue4 2 5 ri4	no-cc-cedict-entry
A圈儿	A圈兒	A quan1 r	no-cc-cedict-entry
APEC蓝	APEC藍	APEC5 Lan2	invalid-reading
AZERTY键盘	AZERTY鍵盤	AZERTY5 jian4 pan2	invalid-reading
ITT公司	ITT公司	ITT5 gong1 si1	invalid-reading
KRC亨克	KRC亨克	KRCheng1 ke4	invalid-reading
L波	L波	L bo1	no-cc-cedict-entry
O的故事	O的故事	o de4 gu4 shi4	no-cc-cedict-entry
P波	P波	P bo1	no-cc-cedict-entry
Q波	Q波	Q bo1	no-cc-cedict-entry
S波	S波	S bo1	no-cc-cedict-entry
T波	T波	T bo1	no-cc-cedict-entry
T裇	T裇	T xu1	no-cc-cedict-entry
USB记忆棒	USB記憶棒	U S B ji4 yi4 bang4	no-cc-cedict-entry
X射线荧光光谱仪	X射線熒光光譜儀	x she4 xian4 ying2 guang1 guang1 pu3 yi2	no-cc-cedict-entry
